2026-07-02 23:11:24,696 [INFO] Activator:176 - 


2026-07-02 23:11:24,703 [INFO] Activator:177 - !SESSION log4j initialized
2026-07-02 23:11:27,152 [INFO] ApplicationProperties:184 - Using Application install path: C:\ST\STM32CubeIDE_1.19.0\STM32CubeIDE\plugins\com.st.stm32cube.common.mx_6.15.0.202507011659
2026-07-02 23:11:27,169 [INFO] DbMcusXml:78 - Set database path to: C:\ST\STM32CubeIDE_1.19.0\STM32CubeIDE\plugins\com.st.stm32cube.common.mx_6.15.0.202507011659\\db\/mcu/
2026-07-02 23:11:27,170 [INFO] ApiDb:274 - Set plugin database path to: C:\ST\STM32CubeIDE_1.19.0\STM32CubeIDE\plugins\com.st.stm32cube.common.mx_6.15.0.202507011659\\db\/plugins/boardmanager/
2026-07-02 23:11:27,171 [WARN] ApiDb:259 - Overriding images path with different value:  => C:\ST\STM32CubeIDE_1.19.0\STM32CubeIDE\plugins\com.st.stm32cube.common.mx_6.15.0.202507011659\\db\/plugins/mcufinder/images/
2026-07-02 23:11:27,180 [INFO] ApiDb:250 - Set database path to: C:\Users\nickw\.stmcufinder\plugins\mcufinder//mcu/
2026-07-02 23:11:27,181 [INFO] DbMcusAds:125 - Set database path to: C:\Users\nickw\.stmcufinder\plugins\mcufinder//mcu/
2026-07-02 23:11:27,201 [INFO] CrossReferenceDbSqlite:203 - Set database path to: C:\Users\nickw\.stmcufinder\plugins\mcufinder//mcu/cs/
2026-07-02 23:11:27,309 [INFO] RulesReader:64 - Compatibility file has been processed (317 Rules)
2026-07-02 23:11:27,398 [INFO] DbMcusXml:78 - Set database path to: C:\ST\STM32CubeIDE_1.19.0\STM32CubeIDE\plugins\com.st.stm32cube.common.mx_6.15.0.202507011659\\db\/mcu/
2026-07-02 23:11:27,399 [INFO] ApiDb:274 - Set plugin database path to: C:\ST\STM32CubeIDE_1.19.0\STM32CubeIDE\plugins\com.st.stm32cube.common.mx_6.15.0.202507011659\\db\/plugins/boardmanager/
2026-07-02 23:11:27,399 [INFO] ApiDb:261 - Set plugin images path to: C:\ST\STM32CubeIDE_1.19.0\STM32CubeIDE\plugins\com.st.stm32cube.common.mx_6.15.0.202507011659\\db\/plugins/mcufinder/images/
2026-07-02 23:11:27,399 [WARN] DbFile:41 - Overriding database path with different value: C:\Users\nickw\.stmcufinder\plugins\mcufinder/ => C:\Users\nickw\.stmcufinder\plugins\mcufinder
2026-07-02 23:11:27,399 [INFO] ApiDb:250 - Set database path to: C:\Users\nickw\.stmcufinder\plugins\mcufinder//mcu/
2026-07-02 23:11:27,399 [WARN] DbFile:41 - Overriding database path with different value: C:\Users\nickw\.stmcufinder\plugins\mcufinder/ => C:\Users\nickw\.stmcufinder\plugins\mcufinder
2026-07-02 23:11:27,399 [INFO] DbMcusAds:125 - Set database path to: C:\Users\nickw\.stmcufinder\plugins\mcufinder//mcu/
2026-07-02 23:11:27,399 [WARN] DbFile:41 - Overriding database path with different value: C:\Users\nickw\.stmcufinder\plugins\mcufinder/ => C:\Users\nickw\.stmcufinder\plugins\mcufinder
2026-07-02 23:11:27,399 [WARN] DbFile:41 - Overriding database path with different value: C:\Users\nickw\.stmcufinder\plugins\mcufinder/ => C:\Users\nickw\.stmcufinder\plugins\mcufinder
2026-07-02 23:11:27,400 [INFO] CrossReferenceDbSqlite:203 - Set database path to: C:\Users\nickw\.stmcufinder\plugins\mcufinder//mcu/cs/
2026-07-02 23:11:27,476 [INFO] MainPanel:274 - HeapMemory: 268435456
2026-07-02 23:11:27,637 [INFO] DbMcusXml:78 - Set database path to: C:\ST\STM32CubeIDE_1.19.0\STM32CubeIDE\plugins\com.st.stm32cube.common.mx_6.15.0.202507011659\\db\/mcu/
2026-07-02 23:11:27,637 [INFO] ApiDb:274 - Set plugin database path to: C:\ST\STM32CubeIDE_1.19.0\STM32CubeIDE\plugins\com.st.stm32cube.common.mx_6.15.0.202507011659\\db\/plugins/boardmanager/
2026-07-02 23:11:27,637 [INFO] ApiDb:261 - Set plugin images path to: C:\ST\STM32CubeIDE_1.19.0\STM32CubeIDE\plugins\com.st.stm32cube.common.mx_6.15.0.202507011659\\db\/plugins/mcufinder/images/
2026-07-02 23:11:27,637 [WARN] DbFile:41 - Overriding database path with different value: C:\Users\nickw\.stmcufinder\plugins\mcufinder/ => C:\Users\nickw\.stmcufinder\plugins\mcufinder
2026-07-02 23:11:27,638 [INFO] ApiDb:250 - Set database path to: C:\Users\nickw\.stmcufinder\plugins\mcufinder//mcu/
2026-07-02 23:11:27,638 [WARN] DbFile:41 - Overriding database path with different value: C:\Users\nickw\.stmcufinder\plugins\mcufinder/ => C:\Users\nickw\.stmcufinder\plugins\mcufinder
2026-07-02 23:11:27,638 [INFO] DbMcusAds:125 - Set database path to: C:\Users\nickw\.stmcufinder\plugins\mcufinder//mcu/
2026-07-02 23:11:27,638 [WARN] DbFile:41 - Overriding database path with different value: C:\Users\nickw\.stmcufinder\plugins\mcufinder/ => C:\Users\nickw\.stmcufinder\plugins\mcufinder
2026-07-02 23:11:27,638 [WARN] DbFile:41 - Overriding database path with different value: C:\Users\nickw\.stmcufinder\plugins\mcufinder/ => C:\Users\nickw\.stmcufinder\plugins\mcufinder
2026-07-02 23:11:27,638 [INFO] CrossReferenceDbSqlite:203 - Set database path to: C:\Users\nickw\.stmcufinder\plugins\mcufinder//mcu/cs/
2026-07-02 23:11:27,658 [INFO] ApplicationProperties:184 - Using Application install path: C:\ST\STM32CubeIDE_1.19.0\STM32CubeIDE\plugins\com.st.stm32cube.common.mx_6.15.0.202507011659
2026-07-02 23:11:27,659 [INFO] PluginManage:196 - Search for loadable plugins [exclusion list=, ]
2026-07-02 23:11:27,661 [INFO] PluginManage:310 - Check plugin analytics
2026-07-02 23:11:27,966 [INFO] AnalyticsPlugin:253 - Accepted Software Licenses: 
2026-07-02 23:11:27,966 [INFO] AnalyticsPlugin:255 - Accepted CMSIS Pack Licenses: 
2026-07-02 23:11:27,966 [INFO] AnalyticsPlugin:257 - Accepted Firmware Licenses: FW.F4.1.28.0
2026-07-02 23:11:27,969 [INFO] PluginManage:359 - Loaded plugin analytics (category:tool,tabindex:-1)
2026-07-02 23:11:27,969 [INFO] PluginManage:310 - Check plugin cadmodel
2026-07-02 23:11:27,977 [INFO] CADModel:105 - Init CAD model plugin
2026-07-02 23:11:27,977 [INFO] PluginManage:359 - Loaded plugin cadmodel (category:power,tabindex:5)
2026-07-02 23:11:27,977 [INFO] PluginManage:310 - Check plugin clock
2026-07-02 23:11:27,990 [INFO] PluginManage:359 - Loaded plugin clock (category:base,tabindex:2)
2026-07-02 23:11:27,990 [INFO] PluginManage:310 - Check plugin ddr
2026-07-02 23:11:27,994 [INFO] PluginManage:359 - Loaded plugin ddr (category:tool,tabindex:6)
2026-07-02 23:11:27,995 [INFO] PluginManage:310 - Check plugin filemanager
2026-07-02 23:11:28,167 [INFO] PluginManage:359 - Loaded plugin filemanager (category:base,tabindex:10)
2026-07-02 23:11:28,167 [INFO] PluginManage:310 - Check plugin ipmanager
2026-07-02 23:11:28,176 [INFO] PluginManage:359 - Loaded plugin ipmanager (category:base,tabindex:5)
2026-07-02 23:11:28,176 [INFO] PluginManage:310 - Check plugin lpbam
2026-07-02 23:11:28,187 [INFO] PluginManage:359 - Loaded plugin lpbam (category:base,tabindex:0)
2026-07-02 23:11:28,188 [INFO] PluginManage:310 - Check plugin memorymap
2026-07-02 23:11:28,203 [INFO] PluginManage:359 - Loaded plugin memorymap (category:base,tabindex:4)
2026-07-02 23:11:28,203 [INFO] PluginManage:310 - Check plugin pinoutandconfiguration
2026-07-02 23:11:28,214 [INFO] PluginManage:359 - Loaded plugin pinoutandconfiguration (category:base,tabindex:1)
2026-07-02 23:11:28,214 [INFO] PluginManage:310 - Check plugin pinoutconfig
2026-07-02 23:11:28,297 [WARN] SupportedApi:132 - Cannot load RTOS API schema: s4s-elt-must-match.1: The content of 'definitions' must match (annotation?, (simpleType | complexType)?, (unique | key | keyref)*)). A problem was found starting at: attribute.
2026-07-02 23:11:28,433 [INFO] PluginManage:359 - Loaded plugin pinoutconfig (category:base,tabindex:0)
2026-07-02 23:11:28,433 [INFO] PluginManage:310 - Check plugin power
2026-07-02 23:11:28,446 [INFO] PluginManage:359 - Loaded plugin power (category:power,tabindex:4)
2026-07-02 23:11:28,446 [INFO] PluginManage:310 - Check plugin projectmanager
2026-07-02 23:11:28,462 [INFO] PluginManage:359 - Loaded plugin projectmanager (category:projectmanager,tabindex:4)
2026-07-02 23:11:28,462 [INFO] PluginManage:310 - Check plugin rif
2026-07-02 23:11:28,472 [INFO] PluginManage:359 - Loaded plugin rif (category:base,tabindex:3)
2026-07-02 23:11:28,473 [INFO] PluginManage:310 - Check plugin thirdparty
2026-07-02 23:11:28,637 [INFO] PluginManage:359 - Loaded plugin thirdparty (category:base,tabindex:-1)
2026-07-02 23:11:28,637 [WARN] IntegrityCheckThread:84 - waiting for thirdparty lock release [integrity check]
2026-07-02 23:11:28,637 [INFO] PluginManage:310 - Check plugin tools
2026-07-02 23:11:28,638 [INFO] IntegrityCheckThread:86 - entering critical section [integrity check]
2026-07-02 23:11:28,638 [INFO] ThirdPartyUpdaterWithRetryManager:70 - Updater plugin not ready yet. [1/15]
2026-07-02 23:11:28,641 [INFO] PluginManage:359 - Loaded plugin tools (category:base,tabindex:7)
2026-07-02 23:11:28,641 [INFO] PluginManage:310 - Check plugin tutovideos
2026-07-02 23:11:28,882 [INFO] PluginManage:359 - Loaded plugin tutovideos (category:base,tabindex:-1)
2026-07-02 23:11:28,882 [INFO] PluginManage:310 - Check plugin updater
2026-07-02 23:11:28,905 [INFO] PluginManage:359 - Loaded plugin updater (category:base,tabindex:12)
2026-07-02 23:11:28,906 [INFO] PluginManage:310 - Check plugin userauth
2026-07-02 23:11:28,910 [INFO] UserAuth:118 - Init User Auth plugin
2026-07-02 23:11:28,911 [INFO] PluginManage:359 - Loaded plugin userauth (category:base,tabindex:14)
2026-07-02 23:11:28,911 [INFO] PluginManage:283 - PluginManage : Loaded plugins [18]
2026-07-02 23:11:29,181 [INFO] PinOutPanel:1589 - setPackage(No Configuration,No Configuration)
2026-07-02 23:11:29,266 [INFO] CADModel:165 - CPN selected for project level
2026-07-02 23:11:29,266 [INFO] CADModel:114 - Register for checkConnection events
2026-07-02 23:11:29,283 [INFO] IPUIPlugin:80 - create IPUIPlugin
2026-07-02 23:11:29,283 [INFO] PluginManager:220 - loadIPPluginJar : add adc
2026-07-02 23:11:29,287 [INFO] IPUIPlugin:80 - create IPUIPlugin
2026-07-02 23:11:29,287 [INFO] PluginManager:220 - loadIPPluginJar : add aes
2026-07-02 23:11:29,290 [INFO] IPUIPlugin:80 - create IPUIPlugin
2026-07-02 23:11:29,290 [INFO] PluginManager:220 - loadIPPluginJar : add can
2026-07-02 23:11:29,292 [INFO] IPUIPlugin:80 - create IPUIPlugin
2026-07-02 23:11:29,292 [INFO] PluginManager:220 - loadIPPluginJar : add comp
2026-07-02 23:11:29,296 [INFO] IPUIPlugin:80 - create IPUIPlugin
2026-07-02 23:11:29,296 [INFO] PluginManager:220 - loadIPPluginJar : add cryp
2026-07-02 23:11:29,299 [INFO] IPUIPlugin:80 - create IPUIPlugin
2026-07-02 23:11:29,299 [INFO] PluginManager:220 - loadIPPluginJar : add ddr_ctrl_phy
2026-07-02 23:11:29,302 [INFO] IPUIPlugin:80 - create IPUIPlugin
2026-07-02 23:11:29,302 [INFO] PluginManager:220 - loadIPPluginJar : add dfsdm
2026-07-02 23:11:29,308 [INFO] IPUIPlugin:80 - create IPUIPlugin
2026-07-02 23:11:29,308 [INFO] PluginManager:220 - loadIPPluginJar : add dma
2026-07-02 23:11:29,312 [INFO] IPUIPlugin:80 - create IPUIPlugin
2026-07-02 23:11:29,312 [INFO] PluginManager:220 - loadIPPluginJar : add dma3
2026-07-02 23:11:29,316 [INFO] IPUIPlugin:80 - create IPUIPlugin
2026-07-02 23:11:29,316 [INFO] PluginManager:220 - loadIPPluginJar : add extmemmanager
2026-07-02 23:11:29,318 [INFO] IPUIPlugin:80 - create IPUIPlugin
2026-07-02 23:11:29,318 [INFO] PluginManager:220 - loadIPPluginJar : add fatfs
2026-07-02 23:11:29,323 [INFO] IPUIPlugin:80 - create IPUIPlugin
2026-07-02 23:11:29,323 [INFO] PluginManager:220 - loadIPPluginJar : add fmc
2026-07-02 23:11:29,330 [INFO] IPUIPlugin:80 - create IPUIPlugin
2026-07-02 23:11:29,330 [INFO] PluginManager:220 - loadIPPluginJar : add freertos
2026-07-02 23:11:29,332 [INFO] IPUIPlugin:80 - create IPUIPlugin
2026-07-02 23:11:29,332 [INFO] PluginManager:220 - loadIPPluginJar : add genericplugin
2026-07-02 23:11:29,335 [INFO] IPUIPlugin:80 - create IPUIPlugin
2026-07-02 23:11:29,335 [INFO] PluginManager:220 - loadIPPluginJar : add gfxmmu
2026-07-02 23:11:29,340 [INFO] IPUIPlugin:80 - create IPUIPlugin
2026-07-02 23:11:29,340 [INFO] PluginManager:220 - loadIPPluginJar : add gic
2026-07-02 23:11:29,344 [INFO] IPUIPlugin:80 - create IPUIPlugin
2026-07-02 23:11:29,345 [INFO] PluginManager:220 - loadIPPluginJar : add gpio
2026-07-02 23:11:29,348 [INFO] IPUIPlugin:80 - create IPUIPlugin
2026-07-02 23:11:29,348 [INFO] PluginManager:220 - loadIPPluginJar : add gtzc
2026-07-02 23:11:29,351 [INFO] IPUIPlugin:80 - create IPUIPlugin
2026-07-02 23:11:29,351 [INFO] PluginManager:220 - loadIPPluginJar : add hash
2026-07-02 23:11:29,355 [INFO] IPUIPlugin:80 - create IPUIPlugin
2026-07-02 23:11:29,355 [INFO] PluginManager:220 - loadIPPluginJar : add i2c
2026-07-02 23:11:29,357 [INFO] IPUIPlugin:80 - create IPUIPlugin
2026-07-02 23:11:29,358 [INFO] PluginManager:220 - loadIPPluginJar : add i2s
2026-07-02 23:11:29,361 [INFO] IPUIPlugin:80 - create IPUIPlugin
2026-07-02 23:11:29,361 [INFO] PluginManager:220 - loadIPPluginJar : add i3c
2026-07-02 23:11:29,364 [INFO] IPUIPlugin:80 - create IPUIPlugin
2026-07-02 23:11:29,364 [INFO] PluginManager:220 - loadIPPluginJar : add ipddr
2026-07-02 23:11:29,371 [INFO] IPUIPlugin:80 - create IPUIPlugin
2026-07-02 23:11:29,371 [INFO] PluginManager:220 - loadIPPluginJar : add linkedlist
2026-07-02 23:11:29,374 [INFO] IPUIPlugin:80 - create IPUIPlugin
2026-07-02 23:11:29,374 [INFO] PluginManager:220 - loadIPPluginJar : add lorawan
2026-07-02 23:11:29,376 [INFO] IPUIPlugin:80 - create IPUIPlugin
2026-07-02 23:11:29,376 [INFO] PluginManager:220 - loadIPPluginJar : add ltdc
2026-07-02 23:11:29,382 [INFO] IPUIPlugin:80 - create IPUIPlugin
2026-07-02 23:11:29,382 [INFO] PluginManager:220 - loadIPPluginJar : add mdma
2026-07-02 23:11:29,385 [INFO] IPUIPlugin:80 - create IPUIPlugin
2026-07-02 23:11:29,385 [INFO] PluginManager:220 - loadIPPluginJar : add nvic
2026-07-02 23:11:29,389 [INFO] IPUIPlugin:80 - create IPUIPlugin
2026-07-02 23:11:29,389 [INFO] PluginManager:220 - loadIPPluginJar : add opamp
2026-07-02 23:11:29,392 [INFO] IPUIPlugin:80 - create IPUIPlugin
2026-07-02 23:11:29,393 [INFO] PluginManager:220 - loadIPPluginJar : add openamp
2026-07-02 23:11:29,396 [INFO] IPUIPlugin:80 - create IPUIPlugin
2026-07-02 23:11:29,396 [INFO] PluginManager:220 - loadIPPluginJar : add pdm2pcm
2026-07-02 23:11:29,403 [INFO] IPUIPlugin:80 - create IPUIPlugin
2026-07-02 23:11:29,405 [INFO] PluginManager:220 - loadIPPluginJar : add plateformsettings
2026-07-02 23:11:29,407 [INFO] IPUIPlugin:80 - create IPUIPlugin
2026-07-02 23:11:29,407 [INFO] PluginManager:220 - loadIPPluginJar : add quadspi
2026-07-02 23:11:29,410 [INFO] IPUIPlugin:80 - create IPUIPlugin
2026-07-02 23:11:29,412 [INFO] PluginManager:220 - loadIPPluginJar : add radio
2026-07-02 23:11:29,416 [INFO] IPUIPlugin:80 - create IPUIPlugin
2026-07-02 23:11:29,417 [INFO] PluginManager:220 - loadIPPluginJar : add resmgrutility
2026-07-02 23:11:29,420 [INFO] IPUIPlugin:80 - create IPUIPlugin
2026-07-02 23:11:29,420 [INFO] PluginManager:220 - loadIPPluginJar : add sai
2026-07-02 23:11:29,423 [INFO] IPUIPlugin:80 - create IPUIPlugin
2026-07-02 23:11:29,424 [INFO] PluginManager:220 - loadIPPluginJar : add spi
2026-07-02 23:11:29,430 [INFO] IPUIPlugin:80 - create IPUIPlugin
2026-07-02 23:11:29,430 [INFO] PluginManager:220 - loadIPPluginJar : add stm32_wpan
2026-07-02 23:11:29,432 [INFO] IPUIPlugin:80 - create IPUIPlugin
2026-07-02 23:11:29,432 [INFO] PluginManager:220 - loadIPPluginJar : add tim
2026-07-02 23:11:29,435 [INFO] IPUIPlugin:80 - create IPUIPlugin
2026-07-02 23:11:29,435 [INFO] PluginManager:220 - loadIPPluginJar : add touchsensing
2026-07-02 23:11:29,438 [INFO] IPUIPlugin:80 - create IPUIPlugin
2026-07-02 23:11:29,438 [INFO] PluginManager:220 - loadIPPluginJar : add tracer_emb
2026-07-02 23:11:29,440 [INFO] IPUIPlugin:80 - create IPUIPlugin
2026-07-02 23:11:29,440 [INFO] PluginManager:220 - loadIPPluginJar : add ts
2026-07-02 23:11:29,442 [INFO] IPUIPlugin:80 - create IPUIPlugin
2026-07-02 23:11:29,442 [INFO] PluginManager:220 - loadIPPluginJar : add tsc
2026-07-02 23:11:29,444 [INFO] IPUIPlugin:80 - create IPUIPlugin
2026-07-02 23:11:29,444 [INFO] PluginManager:220 - loadIPPluginJar : add ucpd
2026-07-02 23:11:29,448 [INFO] IPUIPlugin:80 - create IPUIPlugin
2026-07-02 23:11:29,448 [INFO] PluginManager:220 - loadIPPluginJar : add usart
2026-07-02 23:11:29,451 [INFO] IPUIPlugin:80 - create IPUIPlugin
2026-07-02 23:11:29,451 [INFO] PluginManager:220 - loadIPPluginJar : add usbx
2026-07-02 23:11:29,588 [FATAL] Updater:351 - Updater called before beeing initialized
2026-07-02 23:11:29,616 [INFO] RulesReader:64 - Compatibility file has been processed (317 Rules)
2026-07-02 23:11:29,627 [INFO] RulesReader:64 - Compatibility file has been processed (317 Rules)
2026-07-02 23:11:29,635 [INFO] CADModel:165 - CPN selected for project level
2026-07-02 23:11:29,635 [INFO] CADModel:114 - Register for checkConnection events
2026-07-02 23:11:29,636 [FATAL] Updater:351 - Updater called before beeing initialized
2026-07-02 23:11:29,636 [ERROR] CADModel:125 - Updater not yet initialized, retry later 
2026-07-02 23:11:29,788 [FATAL] Updater:351 - Updater called before beeing initialized
2026-07-02 23:11:29,790 [INFO] CADModel:165 - CPN selected for project level
2026-07-02 23:11:29,790 [INFO] CADModel:114 - Register for checkConnection events
2026-07-02 23:11:29,790 [FATAL] Updater:351 - Updater called before beeing initialized
2026-07-02 23:11:29,790 [ERROR] CADModel:125 - Updater not yet initialized, retry later 
2026-07-02 23:11:29,794 [FATAL] Updater:351 - Updater called before beeing initialized
2026-07-02 23:11:29,930 [FATAL] Updater:351 - Updater called before beeing initialized
2026-07-02 23:11:29,933 [INFO] DbMcusAds:53 - JSON generation date=Mon Apr 27 04:14:29 EDT 2026 (1777277669924)
2026-07-02 23:11:29,933 [FATAL] Updater:351 - Updater called before beeing initialized
2026-07-02 23:11:29,972 [WARN] DetailPanel:346 - Failed to get advertising image, set to default
2026-07-02 23:11:30,066 [FATAL] Updater:351 - Updater called before beeing initialized
2026-07-02 23:11:30,068 [FATAL] Updater:351 - Updater called before beeing initialized
2026-07-02 23:11:30,068 [FATAL] Updater:351 - Updater called before beeing initialized
2026-07-02 23:11:30,068 [WARN] DetailPanel:346 - Failed to get advertising image, set to default
2026-07-02 23:11:30,069 [FATAL] Updater:351 - Updater called before beeing initialized
2026-07-02 23:11:30,125 [ERROR] Updater:1198 - MainUpdater not yet initialized. External WinMGr cannot be set.
2026-07-02 23:11:30,127 [INFO] Updater:1134 - Updater Version found : 6.15.0
2026-07-02 23:11:30,144 [INFO] ApplicationProperties:184 - Using Application install path: C:\ST\STM32CubeIDE_1.19.0\STM32CubeIDE\plugins\com.st.stm32cube.common.mx_6.15.0.202507011659
2026-07-02 23:11:31,652 [INFO] ThirdPartyUpdaterWithRetryManager:70 - Updater plugin not ready yet. [2/15]
2026-07-02 23:11:31,756 [ERROR] LogOutputStream:75 - [STDERR_REDIRECT] Jul 02, 2026 11:11:31 PM java.util.prefs.WindowsPreferences <init>
2026-07-02 23:11:31,759 [ERROR] LogOutputStream:75 - [STDERR_REDIRECT] WARNING: Could not open/create prefs root node Software\JavaSoft\Prefs at root 0xffffffff80000002. Windows RegCreateKeyEx(...) returned error code 5.
2026-07-02 23:11:31,759 [ERROR] LogOutputStream:75 - [STDERR_REDIRECT] 
2026-07-02 23:11:32,105 [INFO] MainUpdater:2872 - connection check result : 10
2026-07-02 23:11:32,105 [INFO] MainUpdater:3604 - Updater definition file requires update
2026-07-02 23:11:32,106 [INFO] MainUpdater:289 - Updater Check For Update Now.
2026-07-02 23:11:32,107 [INFO] MicroXplorer:498 - Change Database Version : DB.6.0.150
2026-07-02 23:11:32,147 [INFO] ServerAccessManage:452 - Complete download http(s) 200
2026-07-02 23:11:32,148 [INFO] ServerAccessManage:509 - Download File updaters.zip
2026-07-02 23:11:32,221 [INFO] FileExtend:248 - Unzip File : updaters.zip
2026-07-02 23:11:32,222 [INFO] FileExtend:263 - Standard Zip Deflate
2026-07-02 23:11:32,671 [INFO] ServerAccessManage:452 - Complete download http(s) 200
2026-07-02 23:11:32,671 [INFO] ServerAccessManage:509 - Download File PacksControlFlags.xml
2026-07-02 23:11:32,784 [INFO] ServerAccessManage:452 - Complete download http(s) 200
2026-07-02 23:11:32,784 [INFO] ServerAccessManage:509 - Download File cubemx.pidx
2026-07-02 23:11:33,191 [INFO] ServerAccessManage:452 - Complete download http(s) 200
2026-07-02 23:11:33,191 [INFO] ServerAccessManage:509 - Download File STMicroelectronics.X-CUBE-AI.pdsc
2026-07-02 23:11:34,654 [WARN] MainUpdater:1193 - Updater busy. Cannot search thirdparties
2026-07-02 23:11:34,654 [INFO] ThirdPartyUpdaterWithRetryManager:96 - Updater plugin is busy. [1/15]
2026-07-02 23:11:35,093 [INFO] ServerAccessManage:452 - Complete download http(s) 200
2026-07-02 23:11:35,093 [INFO] ServerAccessManage:509 - Download File STMicroelectronics.X-CUBE-BLEMGR.pdsc
2026-07-02 23:11:36,626 [ERROR] ServerAccessManage:1212 - Problem, file not found on Server
2026-07-02 23:11:37,666 [WARN] MainUpdater:1193 - Updater busy. Cannot search thirdparties
2026-07-02 23:11:37,666 [INFO] ThirdPartyUpdaterWithRetryManager:96 - Updater plugin is busy. [2/15]
2026-07-02 23:11:39,652 [INFO] ServerAccessManage:452 - Complete download http(s) 200
2026-07-02 23:11:39,652 [INFO] ServerAccessManage:509 - Download File STMicroelectronics.X-CUBE-FREERTOS.pdsc
2026-07-02 23:11:40,680 [WARN] MainUpdater:1193 - Updater busy. Cannot search thirdparties
2026-07-02 23:11:40,680 [INFO] ThirdPartyUpdaterWithRetryManager:96 - Updater plugin is busy. [3/15]
2026-07-02 23:11:42,132 [INFO] ServerAccessManage:452 - Complete download http(s) 200
2026-07-02 23:11:42,133 [INFO] ServerAccessManage:509 - Download File STMicroelectronics.X-CUBE-NFC10.pdsc
2026-07-02 23:11:43,688 [WARN] MainUpdater:1193 - Updater busy. Cannot search thirdparties
2026-07-02 23:11:43,688 [INFO] ThirdPartyUpdaterWithRetryManager:96 - Updater plugin is busy. [4/15]
2026-07-02 23:11:43,774 [INFO] ServerAccessManage:452 - Complete download http(s) 200
2026-07-02 23:11:43,774 [INFO] ServerAccessManage:509 - Download File STMicroelectronics.X-CUBE-NFC12.pdsc
2026-07-02 23:11:44,562 [INFO] ServerAccessManage:452 - Complete download http(s) 200
2026-07-02 23:11:44,562 [INFO] ServerAccessManage:509 - Download File STMicroelectronics.X-CUBE-NFC13.pdsc
2026-07-02 23:11:45,204 [INFO] ServerAccessManage:452 - Complete download http(s) 200
2026-07-02 23:11:45,204 [INFO] ServerAccessManage:509 - Download File STMicroelectronics.X-CUBE-SFXS2LP1.pdsc
2026-07-02 23:11:46,702 [WARN] MainUpdater:1193 - Updater busy. Cannot search thirdparties
2026-07-02 23:11:46,702 [INFO] ThirdPartyUpdaterWithRetryManager:96 - Updater plugin is busy. [5/15]
2026-07-02 23:11:47,597 [INFO] ServerAccessManage:452 - Complete download http(s) 200
2026-07-02 23:11:47,597 [INFO] ServerAccessManage:509 - Download File STMicroelectronics.X-CUBE-SUBG2.pdsc
2026-07-02 23:11:49,703 [WARN] MainUpdater:1193 - Updater busy. Cannot search thirdparties
2026-07-02 23:11:49,703 [INFO] ThirdPartyUpdaterWithRetryManager:96 - Updater plugin is busy. [6/15]
2026-07-02 23:11:51,333 [INFO] ServerAccessManage:452 - Complete download http(s) 200
2026-07-02 23:11:51,333 [INFO] ServerAccessManage:509 - Download File STMicroelectronics.X-CUBE-SMBUS.pdsc
2026-07-02 23:11:51,933 [ERROR] ServerAccessManage:1212 - Problem, file not found on Server
2026-07-02 23:11:52,356 [INFO] ServerAccessManage:452 - Complete download http(s) 200
2026-07-02 23:11:52,356 [INFO] ServerAccessManage:509 - Download File STMicroelectronics.X-CUBE-ST60.pdsc
2026-07-02 23:11:52,714 [WARN] MainUpdater:1193 - Updater busy. Cannot search thirdparties
2026-07-02 23:11:52,714 [INFO] ThirdPartyUpdaterWithRetryManager:96 - Updater plugin is busy. [7/15]
2026-07-02 23:11:52,825 [INFO] MainUpdater:2872 - connection check result : 10
2026-07-02 23:11:52,923 [INFO] ServerAccessManage:452 - Complete download http(s) 200
2026-07-02 23:11:52,923 [INFO] ServerAccessManage:509 - Download File STMicroelectronics.X-CUBE-ST67W61.pdsc
2026-07-02 23:11:53,385 [INFO] ServerAccessManage:452 - Complete download http(s) 200
2026-07-02 23:11:53,385 [INFO] ServerAccessManage:509 - Download File STMicroelectronics.X-CUBE-STSE01.pdsc
2026-07-02 23:11:54,280 [INFO] ServerAccessManage:452 - Complete download http(s) 200
2026-07-02 23:11:54,281 [INFO] ServerAccessManage:509 - Download File STMicroelectronics.X-CUBE-PM33A1.pdsc
2026-07-02 23:11:54,984 [INFO] ServerAccessManage:452 - Complete download http(s) 200
2026-07-02 23:11:54,984 [INFO] ServerAccessManage:509 - Download File STMicroelectronics.X-CUBE-TCPP.pdsc
2026-07-02 23:11:55,720 [WARN] MainUpdater:1193 - Updater busy. Cannot search thirdparties
2026-07-02 23:11:55,720 [INFO] ThirdPartyUpdaterWithRetryManager:96 - Updater plugin is busy. [8/15]
2026-07-02 23:11:55,791 [INFO] ServerAccessManage:452 - Complete download http(s) 200
2026-07-02 23:11:55,791 [INFO] ServerAccessManage:509 - Download File STMicroelectronics.X-CUBE-TOF1.pdsc
2026-07-02 23:11:58,725 [WARN] MainUpdater:1193 - Updater busy. Cannot search thirdparties
2026-07-02 23:11:58,725 [INFO] ThirdPartyUpdaterWithRetryManager:96 - Updater plugin is busy. [9/15]
2026-07-02 23:12:01,733 [WARN] MainUpdater:1193 - Updater busy. Cannot search thirdparties
2026-07-02 23:12:01,733 [INFO] ThirdPartyUpdaterWithRetryManager:96 - Updater plugin is busy. [10/15]
2026-07-02 23:12:03,771 [ERROR] ServerAccessManage:1212 - Problem, file not found on Server
2026-07-02 23:12:04,617 [INFO] ServerAccessManage:452 - Complete download http(s) 200
2026-07-02 23:12:04,617 [INFO] ServerAccessManage:509 - Download File STMicroelectronics.X-CUBE-TOUCHGFX.pdsc
2026-07-02 23:12:04,742 [WARN] MainUpdater:1193 - Updater busy. Cannot search thirdparties
2026-07-02 23:12:04,742 [INFO] ThirdPartyUpdaterWithRetryManager:96 - Updater plugin is busy. [11/15]
2026-07-02 23:12:07,750 [WARN] MainUpdater:1193 - Updater busy. Cannot search thirdparties
2026-07-02 23:12:07,750 [INFO] ThirdPartyUpdaterWithRetryManager:96 - Updater plugin is busy. [12/15]
2026-07-02 23:12:19,289 [INFO] Activator:176 - 


2026-07-02 23:12:19,291 [INFO] Activator:177 - !SESSION log4j initialized
2026-07-02 23:12:21,869 [INFO] ApplicationProperties:184 - Using Application install path: C:\ST\STM32CubeIDE_1.19.0\STM32CubeIDE\plugins\com.st.stm32cube.common.mx_6.15.0.202507011659
2026-07-02 23:12:21,885 [INFO] DbMcusXml:78 - Set database path to: C:\ST\STM32CubeIDE_1.19.0\STM32CubeIDE\plugins\com.st.stm32cube.common.mx_6.15.0.202507011659\\db\/mcu/
2026-07-02 23:12:21,885 [INFO] ApiDb:274 - Set plugin database path to: C:\ST\STM32CubeIDE_1.19.0\STM32CubeIDE\plugins\com.st.stm32cube.common.mx_6.15.0.202507011659\\db\/plugins/boardmanager/
2026-07-02 23:12:21,885 [WARN] ApiDb:259 - Overriding images path with different value:  => C:\ST\STM32CubeIDE_1.19.0\STM32CubeIDE\plugins\com.st.stm32cube.common.mx_6.15.0.202507011659\\db\/plugins/mcufinder/images/
2026-07-02 23:12:21,890 [INFO] ApiDb:250 - Set database path to: C:\Users\nickw\.stmcufinder\plugins\mcufinder//mcu/
2026-07-02 23:12:21,892 [INFO] DbMcusAds:125 - Set database path to: C:\Users\nickw\.stmcufinder\plugins\mcufinder//mcu/
2026-07-02 23:12:21,899 [INFO] CrossReferenceDbSqlite:203 - Set database path to: C:\Users\nickw\.stmcufinder\plugins\mcufinder//mcu/cs/
2026-07-02 23:12:22,016 [INFO] RulesReader:64 - Compatibility file has been processed (317 Rules)
2026-07-02 23:12:22,107 [INFO] DbMcusXml:78 - Set database path to: C:\ST\STM32CubeIDE_1.19.0\STM32CubeIDE\plugins\com.st.stm32cube.common.mx_6.15.0.202507011659\\db\/mcu/
2026-07-02 23:12:22,107 [INFO] ApiDb:274 - Set plugin database path to: C:\ST\STM32CubeIDE_1.19.0\STM32CubeIDE\plugins\com.st.stm32cube.common.mx_6.15.0.202507011659\\db\/plugins/boardmanager/
2026-07-02 23:12:22,107 [INFO] ApiDb:261 - Set plugin images path to: C:\ST\STM32CubeIDE_1.19.0\STM32CubeIDE\plugins\com.st.stm32cube.common.mx_6.15.0.202507011659\\db\/plugins/mcufinder/images/
2026-07-02 23:12:22,107 [WARN] DbFile:41 - Overriding database path with different value: C:\Users\nickw\.stmcufinder\plugins\mcufinder/ => C:\Users\nickw\.stmcufinder\plugins\mcufinder
2026-07-02 23:12:22,107 [INFO] ApiDb:250 - Set database path to: C:\Users\nickw\.stmcufinder\plugins\mcufinder//mcu/
2026-07-02 23:12:22,108 [WARN] DbFile:41 - Overriding database path with different value: C:\Users\nickw\.stmcufinder\plugins\mcufinder/ => C:\Users\nickw\.stmcufinder\plugins\mcufinder
2026-07-02 23:12:22,108 [INFO] DbMcusAds:125 - Set database path to: C:\Users\nickw\.stmcufinder\plugins\mcufinder//mcu/
2026-07-02 23:12:22,108 [WARN] DbFile:41 - Overriding database path with different value: C:\Users\nickw\.stmcufinder\plugins\mcufinder/ => C:\Users\nickw\.stmcufinder\plugins\mcufinder
2026-07-02 23:12:22,108 [WARN] DbFile:41 - Overriding database path with different value: C:\Users\nickw\.stmcufinder\plugins\mcufinder/ => C:\Users\nickw\.stmcufinder\plugins\mcufinder
2026-07-02 23:12:22,108 [INFO] CrossReferenceDbSqlite:203 - Set database path to: C:\Users\nickw\.stmcufinder\plugins\mcufinder//mcu/cs/
2026-07-02 23:12:22,192 [INFO] MainPanel:274 - HeapMemory: 268435456
2026-07-02 23:12:22,328 [INFO] DbMcusXml:78 - Set database path to: C:\ST\STM32CubeIDE_1.19.0\STM32CubeIDE\plugins\com.st.stm32cube.common.mx_6.15.0.202507011659\\db\/mcu/
2026-07-02 23:12:22,328 [INFO] ApiDb:274 - Set plugin database path to: C:\ST\STM32CubeIDE_1.19.0\STM32CubeIDE\plugins\com.st.stm32cube.common.mx_6.15.0.202507011659\\db\/plugins/boardmanager/
2026-07-02 23:12:22,328 [INFO] ApiDb:261 - Set plugin images path to: C:\ST\STM32CubeIDE_1.19.0\STM32CubeIDE\plugins\com.st.stm32cube.common.mx_6.15.0.202507011659\\db\/plugins/mcufinder/images/
2026-07-02 23:12:22,328 [WARN] DbFile:41 - Overriding database path with different value: C:\Users\nickw\.stmcufinder\plugins\mcufinder/ => C:\Users\nickw\.stmcufinder\plugins\mcufinder
2026-07-02 23:12:22,329 [INFO] ApiDb:250 - Set database path to: C:\Users\nickw\.stmcufinder\plugins\mcufinder//mcu/
2026-07-02 23:12:22,329 [WARN] DbFile:41 - Overriding database path with different value: C:\Users\nickw\.stmcufinder\plugins\mcufinder/ => C:\Users\nickw\.stmcufinder\plugins\mcufinder
2026-07-02 23:12:22,329 [INFO] DbMcusAds:125 - Set database path to: C:\Users\nickw\.stmcufinder\plugins\mcufinder//mcu/
2026-07-02 23:12:22,329 [WARN] DbFile:41 - Overriding database path with different value: C:\Users\nickw\.stmcufinder\plugins\mcufinder/ => C:\Users\nickw\.stmcufinder\plugins\mcufinder
2026-07-02 23:12:22,329 [WARN] DbFile:41 - Overriding database path with different value: C:\Users\nickw\.stmcufinder\plugins\mcufinder/ => C:\Users\nickw\.stmcufinder\plugins\mcufinder
2026-07-02 23:12:22,329 [INFO] CrossReferenceDbSqlite:203 - Set database path to: C:\Users\nickw\.stmcufinder\plugins\mcufinder//mcu/cs/
2026-07-02 23:12:22,346 [INFO] ApplicationProperties:184 - Using Application install path: C:\ST\STM32CubeIDE_1.19.0\STM32CubeIDE\plugins\com.st.stm32cube.common.mx_6.15.0.202507011659
2026-07-02 23:12:22,347 [INFO] PluginManage:196 - Search for loadable plugins [exclusion list=, ]
2026-07-02 23:12:22,349 [INFO] PluginManage:310 - Check plugin analytics
2026-07-02 23:12:22,619 [INFO] AnalyticsPlugin:253 - Accepted Software Licenses: 
2026-07-02 23:12:22,620 [INFO] AnalyticsPlugin:255 - Accepted CMSIS Pack Licenses: 
2026-07-02 23:12:22,620 [INFO] AnalyticsPlugin:257 - Accepted Firmware Licenses: FW.F4.1.28.0
2026-07-02 23:12:22,623 [INFO] PluginManage:359 - Loaded plugin analytics (category:tool,tabindex:-1)
2026-07-02 23:12:22,623 [INFO] PluginManage:310 - Check plugin cadmodel
2026-07-02 23:12:22,629 [INFO] CADModel:105 - Init CAD model plugin
2026-07-02 23:12:22,629 [INFO] PluginManage:359 - Loaded plugin cadmodel (category:power,tabindex:5)
2026-07-02 23:12:22,630 [INFO] PluginManage:310 - Check plugin clock
2026-07-02 23:12:22,641 [INFO] PluginManage:359 - Loaded plugin clock (category:base,tabindex:2)
2026-07-02 23:12:22,641 [INFO] PluginManage:310 - Check plugin ddr
2026-07-02 23:12:22,645 [INFO] PluginManage:359 - Loaded plugin ddr (category:tool,tabindex:6)
2026-07-02 23:12:22,645 [INFO] PluginManage:310 - Check plugin filemanager
2026-07-02 23:12:22,866 [INFO] PluginManage:359 - Loaded plugin filemanager (category:base,tabindex:10)
2026-07-02 23:12:22,866 [INFO] PluginManage:310 - Check plugin ipmanager
2026-07-02 23:12:22,877 [INFO] PluginManage:359 - Loaded plugin ipmanager (category:base,tabindex:5)
2026-07-02 23:12:22,877 [INFO] PluginManage:310 - Check plugin lpbam
2026-07-02 23:12:22,891 [INFO] PluginManage:359 - Loaded plugin lpbam (category:base,tabindex:0)
2026-07-02 23:12:22,891 [INFO] PluginManage:310 - Check plugin memorymap
2026-07-02 23:12:22,913 [INFO] PluginManage:359 - Loaded plugin memorymap (category:base,tabindex:4)
2026-07-02 23:12:22,913 [INFO] PluginManage:310 - Check plugin pinoutandconfiguration
2026-07-02 23:12:22,922 [INFO] PluginManage:359 - Loaded plugin pinoutandconfiguration (category:base,tabindex:1)
2026-07-02 23:12:22,922 [INFO] PluginManage:310 - Check plugin pinoutconfig
2026-07-02 23:12:23,021 [WARN] SupportedApi:132 - Cannot load RTOS API schema: s4s-elt-must-match.1: The content of 'definitions' must match (annotation?, (simpleType | complexType)?, (unique | key | keyref)*)). A problem was found starting at: attribute.
2026-07-02 23:12:23,206 [INFO] PluginManage:359 - Loaded plugin pinoutconfig (category:base,tabindex:0)
2026-07-02 23:12:23,206 [INFO] PluginManage:310 - Check plugin power
2026-07-02 23:12:23,219 [INFO] PluginManage:359 - Loaded plugin power (category:power,tabindex:4)
2026-07-02 23:12:23,219 [INFO] PluginManage:310 - Check plugin projectmanager
2026-07-02 23:12:23,238 [INFO] PluginManage:359 - Loaded plugin projectmanager (category:projectmanager,tabindex:4)
2026-07-02 23:12:23,238 [INFO] PluginManage:310 - Check plugin rif
2026-07-02 23:12:23,249 [INFO] PluginManage:359 - Loaded plugin rif (category:base,tabindex:3)
2026-07-02 23:12:23,249 [INFO] PluginManage:310 - Check plugin thirdparty
2026-07-02 23:12:23,406 [INFO] PluginManage:359 - Loaded plugin thirdparty (category:base,tabindex:-1)
2026-07-02 23:12:23,406 [WARN] IntegrityCheckThread:84 - waiting for thirdparty lock release [integrity check]
2026-07-02 23:12:23,406 [INFO] IntegrityCheckThread:86 - entering critical section [integrity check]
2026-07-02 23:12:23,406 [INFO] PluginManage:310 - Check plugin tools
2026-07-02 23:12:23,407 [INFO] ThirdPartyUpdaterWithRetryManager:70 - Updater plugin not ready yet. [1/15]
2026-07-02 23:12:23,409 [INFO] PluginManage:359 - Loaded plugin tools (category:base,tabindex:7)
2026-07-02 23:12:23,410 [INFO] PluginManage:310 - Check plugin tutovideos
2026-07-02 23:12:23,665 [INFO] PluginManage:359 - Loaded plugin tutovideos (category:base,tabindex:-1)
2026-07-02 23:12:23,665 [INFO] PluginManage:310 - Check plugin updater
2026-07-02 23:12:23,685 [INFO] PluginManage:359 - Loaded plugin updater (category:base,tabindex:12)
2026-07-02 23:12:23,685 [INFO] PluginManage:310 - Check plugin userauth
2026-07-02 23:12:23,689 [INFO] UserAuth:118 - Init User Auth plugin
2026-07-02 23:12:23,690 [INFO] PluginManage:359 - Loaded plugin userauth (category:base,tabindex:14)
2026-07-02 23:12:23,691 [INFO] PluginManage:283 - PluginManage : Loaded plugins [18]
2026-07-02 23:12:23,923 [INFO] PinOutPanel:1589 - setPackage(No Configuration,No Configuration)
2026-07-02 23:12:24,012 [INFO] CADModel:165 - CPN selected for project level
2026-07-02 23:12:24,012 [INFO] CADModel:114 - Register for checkConnection events
2026-07-02 23:12:24,029 [INFO] IPUIPlugin:80 - create IPUIPlugin
2026-07-02 23:12:24,029 [INFO] PluginManager:220 - loadIPPluginJar : add adc
2026-07-02 23:12:24,032 [INFO] IPUIPlugin:80 - create IPUIPlugin
2026-07-02 23:12:24,032 [INFO] PluginManager:220 - loadIPPluginJar : add aes
2026-07-02 23:12:24,034 [INFO] IPUIPlugin:80 - create IPUIPlugin
2026-07-02 23:12:24,034 [INFO] PluginManager:220 - loadIPPluginJar : add can
2026-07-02 23:12:24,036 [INFO] IPUIPlugin:80 - create IPUIPlugin
2026-07-02 23:12:24,036 [INFO] PluginManager:220 - loadIPPluginJar : add comp
2026-07-02 23:12:24,039 [INFO] IPUIPlugin:80 - create IPUIPlugin
2026-07-02 23:12:24,039 [INFO] PluginManager:220 - loadIPPluginJar : add cryp
2026-07-02 23:12:24,042 [INFO] IPUIPlugin:80 - create IPUIPlugin
2026-07-02 23:12:24,042 [INFO] PluginManager:220 - loadIPPluginJar : add ddr_ctrl_phy
2026-07-02 23:12:24,044 [INFO] IPUIPlugin:80 - create IPUIPlugin
2026-07-02 23:12:24,044 [INFO] PluginManager:220 - loadIPPluginJar : add dfsdm
2026-07-02 23:12:24,049 [INFO] IPUIPlugin:80 - create IPUIPlugin
2026-07-02 23:12:24,049 [INFO] PluginManager:220 - loadIPPluginJar : add dma
2026-07-02 23:12:24,052 [INFO] IPUIPlugin:80 - create IPUIPlugin
2026-07-02 23:12:24,052 [INFO] PluginManager:220 - loadIPPluginJar : add dma3
2026-07-02 23:12:24,056 [INFO] IPUIPlugin:80 - create IPUIPlugin
2026-07-02 23:12:24,056 [INFO] PluginManager:220 - loadIPPluginJar : add extmemmanager
2026-07-02 23:12:24,058 [INFO] IPUIPlugin:80 - create IPUIPlugin
2026-07-02 23:12:24,058 [INFO] PluginManager:220 - loadIPPluginJar : add fatfs
2026-07-02 23:12:24,063 [INFO] IPUIPlugin:80 - create IPUIPlugin
2026-07-02 23:12:24,063 [INFO] PluginManager:220 - loadIPPluginJar : add fmc
2026-07-02 23:12:24,069 [INFO] IPUIPlugin:80 - create IPUIPlugin
2026-07-02 23:12:24,069 [INFO] PluginManager:220 - loadIPPluginJar : add freertos
2026-07-02 23:12:24,071 [INFO] IPUIPlugin:80 - create IPUIPlugin
2026-07-02 23:12:24,072 [INFO] PluginManager:220 - loadIPPluginJar : add genericplugin
2026-07-02 23:12:24,074 [INFO] IPUIPlugin:80 - create IPUIPlugin
2026-07-02 23:12:24,075 [INFO] PluginManager:220 - loadIPPluginJar : add gfxmmu
2026-07-02 23:12:24,079 [INFO] IPUIPlugin:80 - create IPUIPlugin
2026-07-02 23:12:24,080 [INFO] PluginManager:220 - loadIPPluginJar : add gic
2026-07-02 23:12:24,084 [INFO] IPUIPlugin:80 - create IPUIPlugin
2026-07-02 23:12:24,084 [INFO] PluginManager:220 - loadIPPluginJar : add gpio
2026-07-02 23:12:24,087 [INFO] IPUIPlugin:80 - create IPUIPlugin
2026-07-02 23:12:24,087 [INFO] PluginManager:220 - loadIPPluginJar : add gtzc
2026-07-02 23:12:24,090 [INFO] IPUIPlugin:80 - create IPUIPlugin
2026-07-02 23:12:24,090 [INFO] PluginManager:220 - loadIPPluginJar : add hash
2026-07-02 23:12:24,093 [INFO] IPUIPlugin:80 - create IPUIPlugin
2026-07-02 23:12:24,093 [INFO] PluginManager:220 - loadIPPluginJar : add i2c
2026-07-02 23:12:24,095 [INFO] IPUIPlugin:80 - create IPUIPlugin
2026-07-02 23:12:24,095 [INFO] PluginManager:220 - loadIPPluginJar : add i2s
2026-07-02 23:12:24,098 [INFO] IPUIPlugin:80 - create IPUIPlugin
2026-07-02 23:12:24,098 [INFO] PluginManager:220 - loadIPPluginJar : add i3c
2026-07-02 23:12:24,102 [INFO] IPUIPlugin:80 - create IPUIPlugin
2026-07-02 23:12:24,102 [INFO] PluginManager:220 - loadIPPluginJar : add ipddr
2026-07-02 23:12:24,109 [INFO] IPUIPlugin:80 - create IPUIPlugin
2026-07-02 23:12:24,109 [INFO] PluginManager:220 - loadIPPluginJar : add linkedlist
2026-07-02 23:12:24,113 [INFO] IPUIPlugin:80 - create IPUIPlugin
2026-07-02 23:12:24,113 [INFO] PluginManager:220 - loadIPPluginJar : add lorawan
2026-07-02 23:12:24,115 [INFO] IPUIPlugin:80 - create IPUIPlugin
2026-07-02 23:12:24,115 [INFO] PluginManager:220 - loadIPPluginJar : add ltdc
2026-07-02 23:12:24,120 [INFO] IPUIPlugin:80 - create IPUIPlugin
2026-07-02 23:12:24,120 [INFO] PluginManager:220 - loadIPPluginJar : add mdma
2026-07-02 23:12:24,123 [INFO] IPUIPlugin:80 - create IPUIPlugin
2026-07-02 23:12:24,124 [INFO] PluginManager:220 - loadIPPluginJar : add nvic
2026-07-02 23:12:24,127 [INFO] IPUIPlugin:80 - create IPUIPlugin
2026-07-02 23:12:24,127 [INFO] PluginManager:220 - loadIPPluginJar : add opamp
2026-07-02 23:12:24,130 [INFO] IPUIPlugin:80 - create IPUIPlugin
2026-07-02 23:12:24,131 [INFO] PluginManager:220 - loadIPPluginJar : add openamp
2026-07-02 23:12:24,134 [INFO] IPUIPlugin:80 - create IPUIPlugin
2026-07-02 23:12:24,134 [INFO] PluginManager:220 - loadIPPluginJar : add pdm2pcm
2026-07-02 23:12:24,139 [INFO] IPUIPlugin:80 - create IPUIPlugin
2026-07-02 23:12:24,142 [INFO] PluginManager:220 - loadIPPluginJar : add plateformsettings
2026-07-02 23:12:24,144 [INFO] IPUIPlugin:80 - create IPUIPlugin
2026-07-02 23:12:24,144 [INFO] PluginManager:220 - loadIPPluginJar : add quadspi
2026-07-02 23:12:24,146 [INFO] IPUIPlugin:80 - create IPUIPlugin
2026-07-02 23:12:24,154 [INFO] PluginManager:220 - loadIPPluginJar : add radio
2026-07-02 23:12:24,157 [INFO] IPUIPlugin:80 - create IPUIPlugin
2026-07-02 23:12:24,158 [INFO] PluginManager:220 - loadIPPluginJar : add resmgrutility
2026-07-02 23:12:24,161 [INFO] IPUIPlugin:80 - create IPUIPlugin
2026-07-02 23:12:24,161 [INFO] PluginManager:220 - loadIPPluginJar : add sai
2026-07-02 23:12:24,164 [INFO] IPUIPlugin:80 - create IPUIPlugin
2026-07-02 23:12:24,164 [INFO] PluginManager:220 - loadIPPluginJar : add spi
2026-07-02 23:12:24,171 [INFO] IPUIPlugin:80 - create IPUIPlugin
2026-07-02 23:12:24,171 [INFO] PluginManager:220 - loadIPPluginJar : add stm32_wpan
2026-07-02 23:12:24,173 [INFO] IPUIPlugin:80 - create IPUIPlugin
2026-07-02 23:12:24,173 [INFO] PluginManager:220 - loadIPPluginJar : add tim
2026-07-02 23:12:24,177 [INFO] IPUIPlugin:80 - create IPUIPlugin
2026-07-02 23:12:24,178 [INFO] PluginManager:220 - loadIPPluginJar : add touchsensing
2026-07-02 23:12:24,180 [INFO] IPUIPlugin:80 - create IPUIPlugin
2026-07-02 23:12:24,180 [INFO] PluginManager:220 - loadIPPluginJar : add tracer_emb
2026-07-02 23:12:24,181 [INFO] IPUIPlugin:80 - create IPUIPlugin
2026-07-02 23:12:24,181 [INFO] PluginManager:220 - loadIPPluginJar : add ts
2026-07-02 23:12:24,183 [INFO] IPUIPlugin:80 - create IPUIPlugin
2026-07-02 23:12:24,183 [INFO] PluginManager:220 - loadIPPluginJar : add tsc
2026-07-02 23:12:24,185 [INFO] IPUIPlugin:80 - create IPUIPlugin
2026-07-02 23:12:24,185 [INFO] PluginManager:220 - loadIPPluginJar : add ucpd
2026-07-02 23:12:24,189 [INFO] IPUIPlugin:80 - create IPUIPlugin
2026-07-02 23:12:24,189 [INFO] PluginManager:220 - loadIPPluginJar : add usart
2026-07-02 23:12:24,193 [INFO] IPUIPlugin:80 - create IPUIPlugin
2026-07-02 23:12:24,193 [INFO] PluginManager:220 - loadIPPluginJar : add usbx
2026-07-02 23:12:24,323 [FATAL] Updater:351 - Updater called before beeing initialized
2026-07-02 23:12:24,349 [INFO] RulesReader:64 - Compatibility file has been processed (317 Rules)
2026-07-02 23:12:24,361 [INFO] RulesReader:64 - Compatibility file has been processed (317 Rules)
2026-07-02 23:12:24,370 [INFO] CADModel:165 - CPN selected for project level
2026-07-02 23:12:24,370 [INFO] CADModel:114 - Register for checkConnection events
2026-07-02 23:12:24,370 [FATAL] Updater:351 - Updater called before beeing initialized
2026-07-02 23:12:24,370 [ERROR] CADModel:125 - Updater not yet initialized, retry later 
2026-07-02 23:12:24,521 [FATAL] Updater:351 - Updater called before beeing initialized
2026-07-02 23:12:24,523 [INFO] CADModel:165 - CPN selected for project level
2026-07-02 23:12:24,523 [INFO] CADModel:114 - Register for checkConnection events
2026-07-02 23:12:24,523 [FATAL] Updater:351 - Updater called before beeing initialized
2026-07-02 23:12:24,523 [ERROR] CADModel:125 - Updater not yet initialized, retry later 
2026-07-02 23:12:24,526 [FATAL] Updater:351 - Updater called before beeing initialized
2026-07-02 23:12:24,644 [FATAL] Updater:351 - Updater called before beeing initialized
2026-07-02 23:12:24,647 [INFO] DbMcusAds:53 - JSON generation date=Mon Apr 27 04:14:29 EDT 2026 (1777277669924)
2026-07-02 23:12:24,648 [FATAL] Updater:351 - Updater called before beeing initialized
2026-07-02 23:12:24,685 [WARN] DetailPanel:346 - Failed to get advertising image, set to default
2026-07-02 23:12:24,774 [FATAL] Updater:351 - Updater called before beeing initialized
2026-07-02 23:12:24,776 [FATAL] Updater:351 - Updater called before beeing initialized
2026-07-02 23:12:24,776 [FATAL] Updater:351 - Updater called before beeing initialized
2026-07-02 23:12:24,776 [WARN] DetailPanel:346 - Failed to get advertising image, set to default
2026-07-02 23:12:24,777 [FATAL] Updater:351 - Updater called before beeing initialized
2026-07-02 23:12:24,824 [ERROR] Updater:1198 - MainUpdater not yet initialized. External WinMGr cannot be set.
2026-07-02 23:12:24,826 [INFO] Updater:1134 - Updater Version found : 6.15.0
2026-07-02 23:12:24,842 [INFO] ApplicationProperties:184 - Using Application install path: C:\ST\STM32CubeIDE_1.19.0\STM32CubeIDE\plugins\com.st.stm32cube.common.mx_6.15.0.202507011659
2026-07-02 23:12:26,408 [INFO] ThirdPartyUpdaterWithRetryManager:70 - Updater plugin not ready yet. [2/15]
2026-07-02 23:12:26,463 [ERROR] LogOutputStream:75 - [STDERR_REDIRECT] Jul 02, 2026 11:12:26 PM java.util.prefs.WindowsPreferences <init>
2026-07-02 23:12:26,465 [ERROR] LogOutputStream:75 - [STDERR_REDIRECT] WARNING: Could not open/create prefs root node Software\JavaSoft\Prefs at root 0xffffffff80000002. Windows RegCreateKeyEx(...) returned error code 5.
2026-07-02 23:12:26,466 [ERROR] LogOutputStream:75 - [STDERR_REDIRECT] 
2026-07-02 23:12:26,781 [INFO] MainUpdater:2872 - connection check result : 10
2026-07-02 23:12:26,781 [INFO] MainUpdater:3604 - Updater definition file requires update
2026-07-02 23:12:26,782 [INFO] MainUpdater:289 - Updater Check For Update Now.
2026-07-02 23:12:26,782 [INFO] MicroXplorer:498 - Change Database Version : DB.6.0.150
2026-07-02 23:12:26,804 [INFO] ServerAccessManage:452 - Complete download http(s) 200
2026-07-02 23:12:26,805 [INFO] ServerAccessManage:509 - Download File updaters.zip
2026-07-02 23:12:26,898 [INFO] FileExtend:248 - Unzip File : updaters.zip
2026-07-02 23:12:26,899 [INFO] FileExtend:263 - Standard Zip Deflate
2026-07-02 23:12:27,291 [INFO] ServerAccessManage:452 - Complete download http(s) 200
2026-07-02 23:12:27,292 [INFO] ServerAccessManage:509 - Download File PacksControlFlags.xml
2026-07-02 23:12:27,348 [INFO] ServerAccessManage:452 - Complete download http(s) 200
2026-07-02 23:12:27,348 [INFO] ServerAccessManage:509 - Download File cubemx.pidx
2026-07-02 23:12:27,449 [INFO] LoadServerUpdatesThread:375 - End of LoadServerUpdate Thread
2026-07-02 23:12:27,607 [INFO] CheckServerUpdateThread:120 - End of CheckServer Thread
2026-07-02 23:12:27,621 [INFO] MainUpdater:2872 - connection check result : 10
2026-07-02 23:12:27,622 [INFO] MainUpdater:2872 - connection check result : 10
2026-07-02 23:12:27,695 [INFO] MicroXplorer:468 - Change Database Path : 
2026-07-02 23:12:27,695 [INFO] MicroXplorer:498 - Change Database Version : DB.6.0.150
2026-07-02 23:12:27,709 [WARN] ThirdParty:871 - waiting for thirdparty lock release [close project]
2026-07-02 23:12:29,580 [WARN] PackLoader:240 - Cannot read IP mode file for STMicroelectronics.FP-ATR-ASTRA1.2.0.2
2026-07-02 23:12:29,597 [WARN] PackLoader:240 - Cannot read IP mode file for STMicroelectronics.X-CUBE-DISPLAY.3.0.0
2026-07-02 23:12:29,647 [WARN] PackLoader:240 - Cannot read IP mode file for STMicroelectronics.X-CUBE-NFC10.1.0.0
2026-07-02 23:12:29,661 [WARN] PackLoader:240 - Cannot read IP mode file for STMicroelectronics.FP-SNS-SMARTAG2.1.2.0
2026-07-02 23:12:29,666 [WARN] PackLoader:240 - Cannot read IP mode file for STMicroelectronics.FP-SNS-FLIGHT1.5.1.0
2026-07-02 23:12:29,674 [WARN] PackLoader:240 - Cannot read IP mode file for STMicroelectronics.X-CUBE-BLE2.3.3.0
2026-07-02 23:12:29,682 [WARN] PackLoader:240 - Cannot read IP mode file for STMicroelectronics.X-CUBE-NFC9.1.0.0
2026-07-02 23:12:29,690 [WARN] PackLoader:240 - Cannot read IP mode file for STMicroelectronics.X-CUBE-BLE1.7.1.0
2026-07-02 23:12:29,696 [WARN] PackLoader:240 - Cannot read IP mode file for STMicroelectronics.X-CUBE-NFC4.3.0.0
2026-07-02 23:12:29,703 [WARN] PackLoader:240 - Cannot read IP mode file for STMicroelectronics.X-CUBE-TCPP.4.2.0
2026-07-02 23:12:29,710 [WARN] PackLoader:240 - Cannot read IP mode file for STMicroelectronics.FP-ATR-SIGFOX1.3.2.0
2026-07-02 23:12:29,715 [WARN] PackLoader:240 - Cannot read IP mode file for STMicroelectronics.X-CUBE-PM33A1.1.0.0
2026-07-02 23:12:29,721 [WARN] PackLoader:240 - Cannot read IP mode file for STMicroelectronics.X-CUBE-ISPU.2.1.0
2026-07-02 23:12:29,729 [WARN] PackLoader:240 - Cannot read IP mode file for STMicroelectronics.X-CUBE-DPower.1.3.0
2026-07-02 23:12:29,749 [WARN] PackLoader:240 - Cannot read IP mode file for STMicroelectronics.X-CUBE-SFXS2LP1.4.0.0
2026-07-02 23:12:29,762 [WARN] PackLoader:240 - Cannot read IP mode file for STMicroelectronics.X-CUBE-SUBG2.5.0.0
2026-07-02 23:12:29,773 [WARN] PackLoader:240 - Cannot read IP mode file for STMicroelectronics.X-CUBE-NFC7.2.0.0
2026-07-02 23:12:29,782 [WARN] PackLoader:240 - Cannot read IP mode file for STMicroelectronics.X-CUBE-ALS.1.0.2
2026-07-02 23:12:29,795 [WARN] PackLoader:240 - Cannot read IP mode file for STMicroelectronics.X-CUBE-TOF1.3.4.3
2026-07-02 23:12:29,809 [INFO] ThirdParty:978 - Integrity check success = true
2026-07-02 23:12:29,809 [INFO] IntegrityCheckThread:100 - exiting critical section [integrity check]
2026-07-02 23:12:29,809 [INFO] IntegrityCheckThread:103 - End integrity checks thread
2026-07-02 23:12:29,809 [INFO] ThirdParty:873 - entering critical section [close project]
2026-07-02 23:12:29,810 [INFO] ThirdParty:883 - exiting critical section [close project]
2026-07-02 23:12:29,812 [INFO] PinOutPanel:1589 - setPackage(No Configuration,No Configuration)
2026-07-02 23:12:29,813 [INFO] UtilMem:75 - Begin LoadConfig() Used Memory: 196843888 Bytes (731906048)
2026-07-02 23:12:29,814 [INFO] MicroXplorer:468 - Change Database Path : 
2026-07-02 23:12:29,815 [INFO] MicroXplorer:498 - Change Database Version : DB.6.0.150
2026-07-02 23:12:29,815 [INFO] OpenFileManager:355 - Change cursor
2026-07-02 23:12:29,833 [INFO] Mcu:2029 - Initializing MCU STM32F401R(B-C)Tx STM32F401RCTx STM32F401RCT6TR
2026-07-02 23:12:30,887 [INFO] Context:786 - Trying to add GPIOservice into a context  which must be forbidden
2026-07-02 23:12:31,282 [INFO] ImportTextPane:234 - (OptionalMessage_ERROR) Pin18 (VP_RIF_VS_RIF1) cannot be retrieved for this MCU
2026-07-02 23:12:31,353 [WARN] ModelIntegratedComponent:63 - No mode defined for component null
2026-07-02 23:12:31,353 [WARN] ModelIntegratedComponent:63 - No mode defined for component null
2026-07-02 23:12:31,353 [WARN] ModelIntegratedComponent:63 - No mode defined for component null
2026-07-02 23:12:31,353 [WARN] ModelIntegratedComponent:63 - No mode defined for component null
2026-07-02 23:12:31,353 [WARN] ModelIntegratedComponent:63 - No mode defined for component null
2026-07-02 23:12:31,353 [WARN] ModelIntegratedComponent:63 - No mode defined for component null
2026-07-02 23:12:31,353 [WARN] ModelIntegratedComponent:63 - No mode defined for component null
2026-07-02 23:12:31,354 [WARN] ModelIntegratedComponent:63 - No mode defined for component null
2026-07-02 23:12:31,354 [WARN] ModelIntegratedComponent:63 - No mode defined for component null
2026-07-02 23:12:31,354 [WARN] ModelIntegratedComponent:63 - No mode defined for component null
2026-07-02 23:12:31,354 [WARN] ModelIntegratedComponent:63 - No mode defined for component null
2026-07-02 23:12:31,354 [WARN] ModelIntegratedComponent:63 - No mode defined for component null
2026-07-02 23:12:31,354 [WARN] ModelIntegratedComponent:63 - No mode defined for component null
2026-07-02 23:12:31,354 [WARN] ModelIntegratedComponent:63 - No mode defined for component null
2026-07-02 23:12:31,354 [WARN] ModelIntegratedComponent:63 - No mode defined for component null
2026-07-02 23:12:31,354 [WARN] ModelIntegratedComponent:63 - No mode defined for component null
2026-07-02 23:12:31,354 [WARN] ModelIntegratedComponent:63 - No mode defined for component null
2026-07-02 23:12:31,354 [WARN] ModelIntegratedComponent:63 - No mode defined for component null
2026-07-02 23:12:31,354 [WARN] ModelIntegratedComponent:63 - No mode defined for component null
2026-07-02 23:12:31,354 [WARN] ModelIntegratedComponent:63 - No mode defined for component null
2026-07-02 23:12:31,354 [WARN] ModelIntegratedComponent:63 - No mode defined for component null
2026-07-02 23:12:31,354 [WARN] ModelIntegratedComponent:63 - No mode defined for component null
2026-07-02 23:12:31,355 [WARN] ModelIntegratedComponent:63 - No mode defined for component null
2026-07-02 23:12:31,355 [WARN] ModelIntegratedComponent:63 - No mode defined for component null
2026-07-02 23:12:31,355 [WARN] ModelIntegratedComponent:63 - No mode defined for component null
2026-07-02 23:12:31,355 [WARN] ModelIntegratedComponent:63 - No mode defined for component null
2026-07-02 23:12:31,355 [WARN] ModelIntegratedComponent:63 - No mode defined for component null
2026-07-02 23:12:31,355 [WARN] ModelIntegratedComponent:63 - No mode defined for component null
2026-07-02 23:12:31,355 [WARN] ModelIntegratedComponent:63 - No mode defined for component null
2026-07-02 23:12:31,355 [WARN] ModelIntegratedComponent:63 - No mode defined for component null
2026-07-02 23:12:31,355 [WARN] ModelIntegratedComponent:63 - No mode defined for component null
2026-07-02 23:12:31,355 [WARN] ModelIntegratedComponent:63 - No mode defined for component null
2026-07-02 23:12:31,355 [WARN] ModelIntegratedComponent:63 - No mode defined for component null
2026-07-02 23:12:31,355 [WARN] ModelIntegratedComponent:63 - No mode defined for component null
2026-07-02 23:12:31,355 [WARN] ModelIntegratedComponent:63 - No mode defined for component null
2026-07-02 23:12:31,356 [WARN] ModelPack:524 - Component already loaded: STMicroelectronics:HAL Drivers:0.0.0:STMicroelectronics:Device:STMicro_Driver:XSPI:HAL::0.0.1:HAL_XSPI
2026-07-02 23:12:31,359 [INFO] RtosManager:558 - Registered RTOS mode: class=CMSIS, group=RTOS, mode=CMSIS_V1, owner=FREERTOS
2026-07-02 23:12:31,359 [INFO] RtosManager:558 - Registered RTOS mode: class=CMSIS, group=RTOS2, mode=CMSIS_V2, owner=FREERTOS
2026-07-02 23:12:31,359 [INFO] RtosManager:558 - Registered RTOS mode: class=RTOS, group=Core, mode=CMSIS_V1, owner=FREERTOS
2026-07-02 23:12:31,359 [INFO] RtosManager:558 - Registered RTOS mode: class=RTOS, group=Core, mode=CMSIS_V2, owner=FREERTOS
2026-07-02 23:12:31,359 [WARN] ModelIntegratedComponent:184 - Missing modes for component STMicroelectronics:FreeRTOS:0.0.1:STMicroelectronics:RTOS:FreeRTOS:Core:::10.2.0:
2026-07-02 23:12:31,360 [WARN] ModelIntegratedComponent:182 - Modes not found for component STMicroelectronics:USB_DEVICE:1.0.0:STMicroelectronics:USB::USB Device:Audio HS::1.0:USB_DEVICE_1_0_RESTRICTED_HS
2026-07-02 23:12:31,360 [WARN] ModelIntegratedComponent:188 - Modes not found for component STMicroelectronics:USB_DEVICE:1.0.0:STMicroelectronics:USB::USB Device:Audio HS::1.0:USB_DEVICE_1_0_RESTRICTED_HS
2026-07-02 23:12:31,360 [WARN] ModelIntegratedComponent:182 - Modes not found for component STMicroelectronics:USB_DEVICE:1.0.0:STMicroelectronics:USB::USB Device:CDC HS::1.0:USB_DEVICE_1_0_RESTRICTED_HS
2026-07-02 23:12:31,360 [WARN] ModelIntegratedComponent:188 - Modes not found for component STMicroelectronics:USB_DEVICE:1.0.0:STMicroelectronics:USB::USB Device:CDC HS::1.0:USB_DEVICE_1_0_RESTRICTED_HS
2026-07-02 23:12:31,360 [WARN] ModelIntegratedComponent:182 - Modes not found for component STMicroelectronics:USB_DEVICE:1.0.0:STMicroelectronics:USB::USB Device:DFU HS::1.0:USB_DEVICE_1_0_RESTRICTED_HS
2026-07-02 23:12:31,360 [WARN] ModelIntegratedComponent:188 - Modes not found for component STMicroelectronics:USB_DEVICE:1.0.0:STMicroelectronics:USB::USB Device:DFU HS::1.0:USB_DEVICE_1_0_RESTRICTED_HS
2026-07-02 23:12:31,360 [WARN] ModelIntegratedComponent:182 - Modes not found for component STMicroelectronics:USB_DEVICE:1.0.0:STMicroelectronics:USB::USB Device:HID HS::1.0:USB_DEVICE_1_0_RESTRICTED_HS
2026-07-02 23:12:31,360 [WARN] ModelIntegratedComponent:188 - Modes not found for component STMicroelectronics:USB_DEVICE:1.0.0:STMicroelectronics:USB::USB Device:HID HS::1.0:USB_DEVICE_1_0_RESTRICTED_HS
2026-07-02 23:12:31,360 [WARN] ModelIntegratedComponent:182 - Modes not found for component STMicroelectronics:USB_DEVICE:1.0.0:STMicroelectronics:USB::USB Device:Custom HID HS::1.0:USB_DEVICE_1_0_RESTRICTED_HS
2026-07-02 23:12:31,361 [WARN] ModelIntegratedComponent:188 - Modes not found for component STMicroelectronics:USB_DEVICE:1.0.0:STMicroelectronics:USB::USB Device:Custom HID HS::1.0:USB_DEVICE_1_0_RESTRICTED_HS
2026-07-02 23:12:31,361 [WARN] ModelIntegratedComponent:182 - Modes not found for component STMicroelectronics:USB_DEVICE:1.0.0:STMicroelectronics:USB::USB Device:MSC HS::1.0:USB_DEVICE_1_0_RESTRICTED_HS
2026-07-02 23:12:31,361 [WARN] ModelIntegratedComponent:188 - Modes not found for component STMicroelectronics:USB_DEVICE:1.0.0:STMicroelectronics:USB::USB Device:MSC HS::1.0:USB_DEVICE_1_0_RESTRICTED_HS
2026-07-02 23:12:31,374 [WARN] ModelIntegratedComponent:182 - Modes not found for component STMicroelectronics:USB_HOST:1.0.0:STMicroelectronics:USB::USB Host:Audio HS::1.0:USB_HOST_1_0_RESTRICTED_HS
2026-07-02 23:12:31,374 [WARN] ModelIntegratedComponent:188 - Modes not found for component STMicroelectronics:USB_HOST:1.0.0:STMicroelectronics:USB::USB Host:Audio HS::1.0:USB_HOST_1_0_RESTRICTED_HS
2026-07-02 23:12:31,374 [WARN] ModelIntegratedComponent:182 - Modes not found for component STMicroelectronics:USB_HOST:1.0.0:STMicroelectronics:USB::USB Host:CDC HS::1.0:USB_HOST_1_0_RESTRICTED_HS
2026-07-02 23:12:31,374 [WARN] ModelIntegratedComponent:188 - Modes not found for component STMicroelectronics:USB_HOST:1.0.0:STMicroelectronics:USB::USB Host:CDC HS::1.0:USB_HOST_1_0_RESTRICTED_HS
2026-07-02 23:12:31,374 [WARN] ModelIntegratedComponent:182 - Modes not found for component STMicroelectronics:USB_HOST:1.0.0:STMicroelectronics:USB::USB Host:MSC HS::1.0:USB_HOST_1_0_RESTRICTED_HS
2026-07-02 23:12:31,374 [WARN] ModelIntegratedComponent:188 - Modes not found for component STMicroelectronics:USB_HOST:1.0.0:STMicroelectronics:USB::USB Host:MSC HS::1.0:USB_HOST_1_0_RESTRICTED_HS
2026-07-02 23:12:31,374 [WARN] ModelIntegratedComponent:182 - Modes not found for component STMicroelectronics:USB_HOST:1.0.0:STMicroelectronics:USB::USB Host:HID HS::1.0:USB_HOST_1_0_RESTRICTED_HS
2026-07-02 23:12:31,375 [WARN] ModelIntegratedComponent:188 - Modes not found for component STMicroelectronics:USB_HOST:1.0.0:STMicroelectronics:USB::USB Host:HID HS::1.0:USB_HOST_1_0_RESTRICTED_HS
2026-07-02 23:12:31,375 [WARN] ModelIntegratedComponent:182 - Modes not found for component STMicroelectronics:USB_HOST:1.0.0:STMicroelectronics:USB::USB Host:MTP HS::1.0:USB_HOST_1_0_RESTRICTED_HS
2026-07-02 23:12:31,375 [WARN] ModelIntegratedComponent:188 - Modes not found for component STMicroelectronics:USB_HOST:1.0.0:STMicroelectronics:USB::USB Host:MTP HS::1.0:USB_HOST_1_0_RESTRICTED_HS
2026-07-02 23:12:31,381 [INFO] ThirdPartyModel:298 - Start build external matchings
2026-07-02 23:12:31,395 [INFO] ThirdPartyModel:316 - End build external matchings
2026-07-02 23:12:31,401 [INFO] ImportTextPane:234 - (OptionalMessage_ERROR) IP (RCC) : Parameter (RTCHSEDivFreq_Value) has invalid value (12500000)
2026-07-02 23:12:31,666 [INFO] ApiDb:581 - Connected to CubeFinder SQLite database (C:\Users\nickw\.stmcufinder\plugins\mcufinder\mcu\cube-finder-db.db)
2026-07-02 23:12:31,791 [INFO] ApiDb:668 - CubeFinder database Data Model version=2.1
2026-07-02 23:12:31,791 [INFO] ApiDb:669 - CubeFinder database Configuration version=3.0.42
2026-07-02 23:12:31,792 [INFO] ApiDb:670 - CubeFinder database generation date=2026-05-06 (1778060171)
2026-07-02 23:12:31,792 [INFO] ApiDb:671 - CubeFinder database FW Pack versions=[FP-ATR-ASTRA1_V2.0.0, FP-SNS-FLIGHT1_V5.1.0, FP-SNS-MOTENV1_V5.1.0, FP-SNS-MOTENVWB1_V1.5.0, FP-SNS-SMARTAG2_V1.2.0, FP-SNS-STBOX1_V2.1.0, STM32Cube_FW_C0_V1.4.0, STM32Cube_FW_F4_V1.28.3, STM32Cube_FW_F7_V1.17.4, STM32Cube_FW_G0_V1.6.3, STM32Cube_FW_G4_V1.6.2, STM32Cube_FW_H5_V1.6.0, STM32Cube_FW_H7RS_V1.3.0, STM32Cube_FW_H7_V1.13.0, STM32Cube_FW_L0_V1.12.2, STM32Cube_FW_L4_V1.18.2, STM32Cube_FW_L5_V1.6.0, STM32Cube_FW_N6_V1.3.0, STM32Cube_FW_U0_V1.3.0, STM32Cube_FW_U3_V1.3.0, STM32Cube_FW_U5_V1.8.0, STM32Cube_FW_WB0_V1.4.0, STM32Cube_FW_WBA_V1.9.0, STM32Cube_FW_WB_V1.24.0, STM32Cube_FW_WL3_V1.4.0, STM32Cube_FW_WL_V1.5.0, X-CUBE-ALGOBUILD_V1.4.0, X-CUBE-ALS_V1.0.2, X-CUBE-AZRTOS-F4_V1.1.0, X-CUBE-AZRTOS-F7_V1.1.0, X-CUBE-AZRTOS-G0_V1.1.0, X-CUBE-AZRTOS-G4_V2.0.0, X-CUBE-AZRTOS-H7RS_V1.1.0, X-CUBE-AZRTOS-H7_V3.5.0, X-CUBE-AZRTOS-L4_V2.0.0, X-CUBE-AZRTOS-L5_V2.0.0, X-CUBE-AZRTOS-WB_V2.0.0, X-CUBE-AZRTOS-WL_V2.0.0, X-CUBE-BLE1_V7.1.0, X-CUBE-BLE2_V3.3.0, X-CUBE-BLEMGR_V4.1.0, X-CUBE-EEPRMA1_V5.2.0, X-CUBE-FREERTOS_V1.5.0, X-CUBE-GNSS1_V6.0.0, X-CUBE-MEMS1_V12.0.0, X-CUBE-NFC4_V3.0.0, X-CUBE-NFC7_V2.0.0, X-CUBE-SFXS2LP1_V4.0.0, X-CUBE-ST67W61_V1.2.0, X-CUBE-SUBG2_V5.0.0, X-CUBE-TOF1_V3.4.3]
2026-07-02 23:12:31,929 [INFO] DbBoardsSqlite:226 - include board P-NUCLEO-WB55-NUCLEO as a kit item of type 'Nucleo-64'
2026-07-02 23:12:31,929 [INFO] DbBoardsSqlite:226 - include board P-NUCLEO-WB55-USBDONGLE as a kit item of type 'Nucleo USB Dongle'
2026-07-02 23:12:31,930 [INFO] DbBoardsSqlite:226 - include board STEVAL-IDP005V1 as a kit item of type 'Evaluation Board'
2026-07-02 23:12:31,930 [INFO] DbBoardsSqlite:226 - include board STEVAL-IDP005V2 as a kit item of type 'Evaluation Board'
2026-07-02 23:12:32,488 [INFO] ApiDb:240 - Found 880 in-development CPN: [B-G473E-ZEST1S, B-WB1M-WPAN1, B-WBA5M-WPAN, B-WL5M-SUBG1, NUCLEO-C031C6, NUCLEO-C051C8, NUCLEO-C071RB, NUCLEO-C092RC, NUCLEO-H503RB, NUCLEO-H533RE, NUCLEO-H563ZI, NUCLEO-H7S3L8, NUCLEO-N657X0-Q, NUCLEO-U031R8, NUCLEO-U083RC, NUCLEO-U385RG-Q, NUCLEO-U545RE-Q, NUCLEO-U5A5ZJ-Q, NUCLEO-WB05KZ, NUCLEO-WB07CC, NUCLEO-WB09KE, NUCLEO-WBA52CG, NUCLEO-WBA55CG, NUCLEO-WL33CC1, NUCLEO-WL33CC2, STEVAL-PROTEUS1, STEVAL-SMARTAG2, STEVAL-STWINBX1, STM320518-EVAL, STM32C0116-DK, STM32C011D6Y3TR, STM32C011D6Y6TR, STM32C011F4P3, STM32C011F4P6, STM32C011F4U3, STM32C011F4U6TR, STM32C011F6P3, STM32C011F6P6, STM32C011F6U3, STM32C011F6U6TR, STM32C011J4M3, STM32C011J4M6, STM32C011J6M3, STM32C011J6M6, STM32C0316-DK, STM32C031C4T3, STM32C031C4T6, STM32C031C4U3, STM32C031C4U6, STM32C031C6T3, STM32C031C6T6, STM32C031C6U3, STM32C031C6U6, STM32C031F4P3, STM32C031F4P6, STM32C031F6P3, STM32C031F6P6, STM32C031G4U3, STM32C031G4U6, STM32C031G6U3, STM32C031G6U6, STM32C031K4T3, STM32C031K4T6, STM32C031K4U3, STM32C031K4U6, STM32C031K6T3, STM32C031K6T6, STM32C031K6U3, STM32C031K6U6, STM32C051C6T6, STM32C051C6U6, STM32C051C8T6, STM32C051C8U6, STM32C051D8Y6TR, STM32C051F6P6, STM32C051F8P6, STM32C051G6U6, STM32C051G8U6, STM32C051K6T6, STM32C051K6U6, STM32C051K8T6, STM32C071C8T6, STM32C071C8T6N, STM32C071C8U6, STM32C071C8U6N, STM32C071CBT6, STM32C071CBT6N, STM32C071CBU6, STM32C071CBU6N, STM32C071F8P6, STM32C071F8P6N, STM32C071FBP6, STM32C071FBP6N, STM32C071FBY6TR, STM32C071G8U6, STM32C071G8U6N, STM32C071GBU6, STM32C071GBU6N, STM32C071K8T6, STM32C071K8T6N, STM32C071K8U6, STM32C071K8U6N, STM32C071KBT6, STM32C071KBT6N, STM32C071KBU6, STM32C071KBU6N, STM32C071R8T6, STM32C071R8T6N, STM32C071RBI6N, STM32C071RBT6, STM32C071RBT6N, STM32C091CBT6, STM32C091CBU6, STM32C091CCT6, STM32C091CCU6, STM32C091ECY6TR, STM32C091FBP6, STM32C091FCP6, STM32C091GBU6, STM32C091GCU6, STM32C091KBT6, STM32C091KBU6, STM32C091KCT6, STM32C091KCU6, STM32C091RBT6, STM32C091RCI6, STM32C091RCT6, STM32C092CBT6, STM32C092CBU6, STM32C092CCT6, STM32C092CCU6, STM32C092ECY6TR, STM32C092FBP6, STM32C092FCP6, STM32C092GBU6, STM32C092GCU6, STM32C092KBT6, STM32C092KBU6, STM32C092KCT6, STM32C092KCU6, STM32C092RBT6, STM32C092RCI6, STM32C092RCT6, STM32G071K8TXN, STM32G071K8UXN, STM32G081GBU6N, STM32G081KBT6N, STM32G081KBUXN, STM32G0B1CCT6N, STM32G0B1KCT6, STM32G0B1NEY6TR, STM32G0B1RCT6N, STM32G0C1CCT6, STM32G0C1CCT6N, STM32G0C1CCU6N, STM32G0C1CET6N, STM32G0C1CEU6N, STM32G0C1KCT6, STM32G0C1NEY6TR, STM32G0C1RCI6N, STM32G0C1RCT6N, STM32G0C1REI6N, STM32G0C1RET6N, STM32G0C1VCI6, STM32G0C1VEI6, STM32G411C6T3, STM32G411C6T6, STM32G411C6U3, STM32G411C6U6, STM32G411C8T3, STM32G411C8T6, STM32G411C8U3, STM32G411C8U6, STM32G411CBT3, STM32G411CBT6, STM32G411CBU3, STM32G411CBU6, STM32G411K6T3, STM32G411K6T6, STM32G411K6U3, STM32G411K6U6, STM32G411K8T3, STM32G411K8T6, STM32G411K8U3, STM32G411K8U6, STM32G411KBT3, STM32G411KBT6, STM32G411KBU3, STM32G411KBU6, STM32G411M6T3, STM32G411M6T6, STM32G411M8T3, STM32G411M8T6, STM32G411MBT3, STM32G411MBT6, STM32G411R6T3, STM32G411R6T6, STM32G411R8T3, STM32G411R8T6, STM32G411RBT3, STM32G411RBT6, STM32G414CBT3, STM32G414CBT6, STM32G414CBU3, STM32G414CBU6, STM32G414CCT3, STM32G414CCT6, STM32G414CCU3, STM32G414CCU6, STM32G414MBT3, STM32G414MBT6, STM32G414MCT3, STM32G414MCT6, STM32G414RBT3, STM32G414RBT6, STM32G414RCT3, STM32G414RCT6, STM32G414VBT3, STM32G414VBT6, STM32G414VCT3, STM32G414VCT6, STM32G431CBT3Z, STM32G431RBT3Z, STM32G471CCT6, STM32G471CCU6, STM32G471CET3, STM32G471CET6, STM32G471CEU3, STM32G471CEU6, STM32G471MCT6, STM32G471MET3, STM32G471MET6, STM32G471MEY6TR, STM32G471QCT6, STM32G471QET3, STM32G471RCT6, STM32G471RET3, STM32G471RET6, STM32G471VCH6, STM32G471VCI6, STM32G471VCT6, STM32G471VEH3, STM32G471VEH6, STM32G471VEI3, STM32G471VEI6, STM32G471VET3, STM32G471VET6, STM32G473QET3Z, STM32G473RET3Z, STM32G474CCT6, STM32G491RET3Z, STM32H503CBT6, STM32H503CBU6, STM32H503EBY6TR, STM32H503KBU6, STM32H503RBT6, STM32H523CCT6, STM32H523CCU6, STM32H523CET6, STM32H523CEU6, STM32H523HEY6TR, STM32H523RCT6, STM32H523RET6, STM32H523VCI6, STM32H523VCT6, STM32H523VEI6, STM32H523VET6, STM32H523ZCJ6, STM32H523ZCT6, STM32H523ZEJ6, STM32H523ZET6, STM32H533CET6, STM32H533CEU6, STM32H533HEY6TR, STM32H533RET6, STM32H533VEI6, STM32H533VET6, STM32H533ZEJ6, STM32H533ZET6, STM32H562AGI6, STM32H562AII6, STM32H562IGK6, STM32H562IGT6, STM32H562IIK6, STM32H562IIT6, STM32H562RGT6, STM32H562RGV6, STM32H562RIT6, STM32H562RIV6, STM32H562VGT6, STM32H562VIT6, STM32H562ZGT6, STM32H562ZIT6, STM32H563AGI6, STM32H563AII3Q, STM32H563AII6, STM32H563IGK6, STM32H563IGT6, STM32H563IIK3Q, STM32H563IIK6, STM32H563IIT3Q, STM32H563IIT6, STM32H563MIY3QTR, STM32H563RGT6, STM32H563RGV6, STM32H563RIT6, STM32H563RIV6, STM32H563VGT6, STM32H563VIT3Q, STM32H563VIT6, STM32H563ZGT6, STM32H563ZIT3Q, STM32H563ZIT6, STM32H573AII3Q, STM32H573AII6, STM32H573I-DK, STM32H573IIK3Q, STM32H573IIK6, STM32H573IIT3Q, STM32H573IIT6, STM32H573MIY3QTR, STM32H573RIT6, STM32H573RIV6, STM32H573VIT3Q, STM32H573VIT6, STM32H573ZIT3Q, STM32H573ZIT6, STM32H7R3A8I6, STM32H7R3I8K6, STM32H7R3I8T6, STM32H7R3L8H6, STM32H7R3L8H6H, STM32H7R3R8V6, STM32H7R3V8H6, STM32H7R3V8T6, STM32H7R3V8Y6TR, STM32H7R3Z8J6, STM32H7R3Z8T6, STM32H7R7A8I6, STM32H7R7I8K6, STM32H7R7I8T6, STM32H7R7L8H6, STM32H7R7L8H6H, STM32H7R7Z8J6, STM32H7S3A8I6, STM32H7S3I8K6, STM32H7S3I8T6, STM32H7S3L8H6, STM32H7S3L8H6H, STM32H7S3R8V6, STM32H7S3V8H6, STM32H7S3V8T6, STM32H7S3V8Y6TR, STM32H7S3Z8J6, STM32H7S3Z8T6, STM32H7S78-DK, STM32H7S7A8I6, STM32H7S7I8K6, STM32H7S7I8T6, STM32H7S7L8H6, STM32H7S7L8H6H, STM32H7S7Z8J6, STM32L4R5QGI6STR, STM32MP131AAE3, STM32MP131AAF3, STM32MP131AAG3, STM32MP131CAE3, STM32MP131CAF3, STM32MP131CAG3, STM32MP131DAE7, STM32MP131DAF7, STM32MP131DAG7, STM32MP131FAE7, STM32MP131FAF7, STM32MP131FAG7, STM32MP133AAE3, STM32MP133AAF3, STM32MP133AAG3, STM32MP133CAE3, STM32MP133CAF3, STM32MP133CAG3, STM32MP133DAE7, STM32MP133DAF7, STM32MP133DAG7, STM32MP133FAE7, STM32MP133FAF7, STM32MP133FAG7, STM32MP135AAE3, STM32MP135AAF3, STM32MP135AAG3, STM32MP135CAE3, STM32MP135CAF3, STM32MP135CAG3, STM32MP135DAE7, STM32MP135DAF7, STM32MP135DAG7, STM32MP135F-DK, STM32MP135FAE7, STM32MP135FAF7, STM32MP135FAF7T, STM32MP135FAF7U, STM32MP135FAG7, STM32MP211AAL3, STM32MP211AAM3, STM32MP211AAN3, STM32MP211AAO3, STM32MP211CAL3, STM32MP211CAM3, STM32MP211CAN3, STM32MP211CAO3, STM32MP211DAL3, STM32MP211DAM3, STM32MP211DAN3, STM32MP211DAO3, STM32MP211FAL3, STM32MP211FAM3, STM32MP211FAN3, STM32MP211FAO3, STM32MP213AAL3, STM32MP213AAM3, STM32MP213AAN3, STM32MP213AAO3, STM32MP213CAL3, STM32MP213CAM3, STM32MP213CAN3, STM32MP213CAO3, STM32MP213DAL3, STM32MP213DAM3, STM32MP213DAN3, STM32MP213DAO3, STM32MP213FAL3, STM32MP213FAM3, STM32MP213FAN3, STM32MP213FAO3, STM32MP215AAL3, STM32MP215AAM3, STM32MP215AAN3, STM32MP215AAO3, STM32MP215CAL3, STM32MP215CAM3, STM32MP215CAN3, STM32MP215CAO3, STM32MP215DAL3, STM32MP215DAM3, STM32MP215DAN3, STM32MP215DAO3, STM32MP215F-DK, STM32MP215FAL3, STM32MP215FAM3, STM32MP215FAN3, STM32MP215FAO3, STM32MP231AAJ3, STM32MP231AAK3, STM32MP231AAL3, STM32MP231CAJ3, STM32MP231CAK3, STM32MP231CAL3, STM32MP231DAJ3, STM32MP231DAK3, STM32MP231DAL3, STM32MP231FAJ3, STM32MP231FAK3, STM32MP231FAL3, STM32MP233AAJ3, STM32MP233AAK3, STM32MP233AAL3, STM32MP233CAJ3, STM32MP233CAK3, STM32MP233CAL3, STM32MP233DAJ3, STM32MP233DAK3, STM32MP233DAL3, STM32MP233FAJ3, STM32MP233FAK3, STM32MP233FAL3, STM32MP235AAJ3, STM32MP235AAK3, STM32MP235AAL3, STM32MP235CAJ3, STM32MP235CAK3, STM32MP235CAL3, STM32MP235DAJ3, STM32MP235DAK3, STM32MP235DAL3, STM32MP235FAJ3, STM32MP235FAK3, STM32MP235FAL3, STM32MP251AAI3, STM32MP251AAK3, STM32MP251AAL3, STM32MP251CAI3, STM32MP251CAK3, STM32MP251CAL3, STM32MP251DAI3, STM32MP251DAK3, STM32MP251DAL3, STM32MP251FAI3, STM32MP251FAK3, STM32MP251FAL3, STM32MP253AAI3, STM32MP253AAK3, STM32MP253AAL3, STM32MP253CAI3, STM32MP253CAK3, STM32MP253CAL3, STM32MP253DAI3, STM32MP253DAK3, STM32MP253DAL3, STM32MP253FAI3, STM32MP253FAK3, STM32MP253FAL3, STM32MP255AAI3, STM32MP255AAK3, STM32MP255AAL3, STM32MP255CAI3, STM32MP255CAK3, STM32MP255CAL3, STM32MP255DAI3, STM32MP255DAK3, STM32MP255DAL3, STM32MP255FAI3, STM32MP255FAK3, STM32MP255FAL3, STM32MP257AAI3, STM32MP257AAK3, STM32MP257AAL3, STM32MP257CAI3, STM32MP257CAK3, STM32MP257CAL3, STM32MP257DAI3, STM32MP257DAK3, STM32MP257DAL3, STM32MP257F-DK, STM32MP257F-EV1, STM32MP257FAI3, STM32MP257FAK3, STM32MP257FAL3, STM32N645A0H3Q, STM32N645B0H3Q, STM32N645I0H3Q, STM32N645L0H3Q, STM32N645X0H3Q, STM32N645Z0H3Q, STM32N647A0H3Q, STM32N647B0H3Q, STM32N647I0H3Q, STM32N647L0H3Q, STM32N647X0H3Q, STM32N647Z0H3Q, STM32N655A0H3Q, STM32N655B0H3Q, STM32N655I0H3Q, STM32N655L0H3Q, STM32N655X0H3Q, STM32N655Z0H3Q, STM32N6570-DK, STM32N657A0H3Q, STM32N657B0H3Q, STM32N657I0H3Q, STM32N657L0H3Q, STM32N657X0H3Q, STM32N657Z0H3Q, STM32U031C6T6, STM32U031C6U6, STM32U031C8T6, STM32U031C8U6, STM32U031F4P6, STM32U031F6P6, STM32U031F8P6, STM32U031G6Y6TR, STM32U031G8Y6TR, STM32U031K4U6, STM32U031K6U6, STM32U031K8U6, STM32U031R6I6, STM32U031R6T6, STM32U031R8I6, STM32U031R8T6, STM32U073C8T6, STM32U073C8U6, STM32U073CBT6, STM32U073CBU6, STM32U073CCT6, STM32U073CCU6, STM32U073H8Y6TR, STM32U073HBY6TR, STM32U073HCY6TR, STM32U073K8U6, STM32U073KBU6, STM32U073KCU6, STM32U073M8I6, STM32U073M8T6, STM32U073MBI6, STM32U073MBT6, STM32U073MCI6, STM32U073MCT6, STM32U073R8I6, STM32U073R8T6, STM32U073RBI6, STM32U073RBT6, STM32U073RCI6, STM32U073RCT6, STM32U083C-DK, STM32U083CCT6, STM32U083CCU6, STM32U083HCY6TR, STM32U083KCU6, STM32U083MCI6, STM32U083MCT6, STM32U083RCI6, STM32U083RCT6, STM32U375CET6, STM32U375CET6Q, STM32U375CEU6, STM32U375CEU6Q, STM32U375CEY6QTR, STM32U375CGT6, STM32U375CGT6Q, STM32U375CGU6, STM32U375CGU6Q, STM32U375CGY6QTR, STM32U375KEU6, STM32U375KGU6, STM32U375REI6, STM32U375REI6Q, STM32U375RET6, STM32U375RET6Q, STM32U375REY6GTR, STM32U375REY6QTR, STM32U375RGI6, STM32U375RGI6Q, STM32U375RGT6, STM32U375RGT6Q, STM32U375RGY6GTR, STM32U375RGY6QTR, STM32U375VEI6, STM32U375VEI6Q, STM32U375VET6, STM32U375VET6Q, STM32U375VGI6, STM32U375VGI6Q, STM32U375VGT6, STM32U375VGT6Q, STM32U385CGT6, STM32U385CGT6Q, STM32U385CGU6, STM32U385CGU6Q, STM32U385CGY6QTR, STM32U385KGU6, STM32U385RGI6, STM32U385RGI6Q, STM32U385RGT6, STM32U385RGT6Q, STM32U385RGY6GTR, STM32U385RGY6QTR, STM32U385VGI6, STM32U385VGI6Q, STM32U385VGT6, STM32U385VGT6Q, STM32U535CBT6, STM32U535CBT6Q, STM32U535CBU6, STM32U535CBU6Q, STM32U535CCT6, STM32U535CCT6Q, STM32U535CCU6, STM32U535CCU6Q, STM32U535CET6, STM32U535CET6Q, STM32U535CEU6, STM32U535CEU6Q, STM32U535JEY6QTR, STM32U535NCY6QTR, STM32U535NEY6QTR, STM32U535RBI6, STM32U535RBI6Q, STM32U535RBT6, STM32U535RBT6Q, STM32U535RCI6, STM32U535RCI6Q, STM32U535RCT6, STM32U535RCT6Q, STM32U535REI6, STM32U535REI6Q, STM32U535RET6, STM32U535RET6Q, STM32U535VCI6, STM32U535VCI6Q, STM32U535VCT6, STM32U535VCT6Q, STM32U535VEI6, STM32U535VEI6Q, STM32U535VET6, STM32U535VET6Q, STM32U545CET6, STM32U545CET6Q, STM32U545CEU6, STM32U545CEU6Q, STM32U545JEY6QTR, STM32U545NEY6QTR, STM32U545REI6, STM32U545REI6Q, STM32U545RET6, STM32U545RET6Q, STM32U545VEI6, STM32U545VEI6Q, STM32U545VET6, STM32U545VET6Q, STM32U595AIH6, STM32U595AIH6Q, STM32U595AJH6, STM32U595AJH6Q, STM32U595QII6, STM32U595QII6Q, STM32U595QJI6, STM32U595QJI6Q, STM32U595RIT6, STM32U595RIT6Q, STM32U595RJT6, STM32U595RJT6Q, STM32U595VIT6, STM32U595VIT6Q, STM32U595VJT6, STM32U595VJT6Q, STM32U595ZIT6, STM32U595ZIT6Q, STM32U595ZIY6QTR, STM32U595ZJT6, STM32U595ZJT6Q, STM32U595ZJY6QTR, STM32U599BJY6QTR, STM32U599NIH6Q, STM32U599NJH6Q, STM32U599VIT6Q, STM32U599VJT6, STM32U599VJT6Q, STM32U599ZIT6Q, STM32U599ZIY6QTR, STM32U599ZJT6Q, STM32U599ZJY6QTR, STM32U5A5AJH6, STM32U5A5AJH6Q, STM32U5A5QII3Q , STM32U5A5QJI6, STM32U5A5QJI6Q, STM32U5A5RJT6, STM32U5A5RJT6Q, STM32U5A5VJT6, STM32U5A5VJT6Q, STM32U5A5ZJT6, STM32U5A5ZJT6Q, STM32U5A5ZJY6QTR, STM32U5A9BJY6QTR, STM32U5A9J-DK, STM32U5A9NJH6Q, STM32U5A9VJT6Q, STM32U5A9ZJT6Q, STM32U5A9ZJY6QTR, STM32U5F7VIT6, STM32U5F7VIT6Q, STM32U5F7VJT6, STM32U5F7VJT6Q, STM32U5F9BJY6QTR, STM32U5F9NJH6Q, STM32U5F9VIT6Q, STM32U5F9VJT6Q, STM32U5F9ZIJ6QTR, STM32U5F9ZIT6Q, STM32U5F9ZJJ6QTR, STM32U5F9ZJT6Q, STM32U5G7VJT6, STM32U5G7VJT6Q, STM32U5G9BJY6QTR, STM32U5G9J-DK1, STM32U5G9J-DK2, STM32U5G9NJH6Q, STM32U5G9VJT6Q, STM32U5G9ZJJ6QTR, STM32U5G9ZJT6Q, STM32WB05KZV6TR, STM32WB05KZV7TR, STM32WB05TZF6TR, STM32WB05TZF7TR, STM32WB06CCF6TR, STM32WB06CCF7TR, STM32WB06CCV6TR, STM32WB06CCV7TR, STM32WB06KCV6TR, STM32WB06KCV7TR, STM32WB07CCF6TR, STM32WB07CCF7TR, STM32WB07CCV6TR, STM32WB07CCV7TR, STM32WB07KCV6TR, STM32WB07KCV7TR, STM32WB09KEV6TR, STM32WB09KEV7TR, STM32WB09TEF6TR, STM32WB09TEF7TR, STM32WB1MMCH6, STM32WBA50KGU6, STM32WBA50KGU6TR, STM32WBA52CEU6, STM32WBA52CEU6TR, STM32WBA52CEU7, STM32WBA52CEU7TR, STM32WBA52CGU6, STM32WBA52CGU6TR, STM32WBA52CGU6U, STM32WBA52CGU7, STM32WBA52CGU7TR, STM32WBA52KEU6, STM32WBA52KEU6TR, STM32WBA52KGU6, STM32WBA52KGU6TR, STM32WBA54CEU6, STM32WBA54CEU6TR, STM32WBA54CEU7, STM32WBA54CEU7TR, STM32WBA54CGU6, STM32WBA54CGU6TR, STM32WBA54CGU7, STM32WBA54CGU7TR, STM32WBA54KEU6, STM32WBA54KEU6TR, STM32WBA54KEU7, STM32WBA54KEU7TR, STM32WBA54KGU6, STM32WBA54KGU6TR, STM32WBA54KGU7, STM32WBA54KGU7TR, STM32WBA55CEU6, STM32WBA55CEU6TR, STM32WBA55CEU7, STM32WBA55CEU7TR, STM32WBA55CGU6, STM32WBA55CGU6TR, STM32WBA55CGU6U, STM32WBA55CGU7, STM32WBA55CGU7TR, STM32WBA55G-DK1, STM32WBA55HEF6, STM32WBA55HEF7, STM32WBA55HGF6, STM32WBA55HGF7, STM32WBA55UEI6, STM32WBA55UEI6TR, STM32WBA55UEI7, STM32WBA55UEI7TR, STM32WBA55UGI6, STM32WBA55UGI6TR, STM32WBA55UGI7, STM32WBA55UGI7TR, STM32WBA5MMGH6TR, STM32WBA62MGF6, STM32WBA62MIF6, STM32WBA65MGF7, STM32WBA65MIF6, STM32WBA65MIF7, STM32WL30K8V6, STM32WL30KBV6, STM32WL31C8V6, STM32WL31CBV6, STM32WL31K8V6, STM32WL31KBV6, STM32WL33C8V6, STM32WL33C8V6X, STM32WL33CBV6, STM32WL33CBV6X, STM32WL33CCV6, STM32WL33CCV6A, STM32WL33CCV6X, STM32WL33K8V7, STM32WL33K8V7X, STM32WL33KBV7 , STM32WL33KBV7X, STM32WL33KCV7, STM32WL33KCV7X, STM32WL5MOCH6, STM32WL5MOCH6TR]
2026-07-02 23:12:32,492 [INFO] ApiDb:668 - CubeFinder database Data Model version=2.1
2026-07-02 23:12:32,492 [INFO] ApiDb:669 - CubeFinder database Configuration version=3.0.42
2026-07-02 23:12:32,492 [INFO] ApiDb:670 - CubeFinder database generation date=2026-05-06 (1778060171)
2026-07-02 23:12:32,493 [INFO] ApiDb:671 - CubeFinder database FW Pack versions=[FP-ATR-ASTRA1_V2.0.0, FP-SNS-FLIGHT1_V5.1.0, FP-SNS-MOTENV1_V5.1.0, FP-SNS-MOTENVWB1_V1.5.0, FP-SNS-SMARTAG2_V1.2.0, FP-SNS-STBOX1_V2.1.0, STM32Cube_FW_C0_V1.4.0, STM32Cube_FW_F4_V1.28.3, STM32Cube_FW_F7_V1.17.4, STM32Cube_FW_G0_V1.6.3, STM32Cube_FW_G4_V1.6.2, STM32Cube_FW_H5_V1.6.0, STM32Cube_FW_H7RS_V1.3.0, STM32Cube_FW_H7_V1.13.0, STM32Cube_FW_L0_V1.12.2, STM32Cube_FW_L4_V1.18.2, STM32Cube_FW_L5_V1.6.0, STM32Cube_FW_N6_V1.3.0, STM32Cube_FW_U0_V1.3.0, STM32Cube_FW_U3_V1.3.0, STM32Cube_FW_U5_V1.8.0, STM32Cube_FW_WB0_V1.4.0, STM32Cube_FW_WBA_V1.9.0, STM32Cube_FW_WB_V1.24.0, STM32Cube_FW_WL3_V1.4.0, STM32Cube_FW_WL_V1.5.0, X-CUBE-ALGOBUILD_V1.4.0, X-CUBE-ALS_V1.0.2, X-CUBE-AZRTOS-F4_V1.1.0, X-CUBE-AZRTOS-F7_V1.1.0, X-CUBE-AZRTOS-G0_V1.1.0, X-CUBE-AZRTOS-G4_V2.0.0, X-CUBE-AZRTOS-H7RS_V1.1.0, X-CUBE-AZRTOS-H7_V3.5.0, X-CUBE-AZRTOS-L4_V2.0.0, X-CUBE-AZRTOS-L5_V2.0.0, X-CUBE-AZRTOS-WB_V2.0.0, X-CUBE-AZRTOS-WL_V2.0.0, X-CUBE-BLE1_V7.1.0, X-CUBE-BLE2_V3.3.0, X-CUBE-BLEMGR_V4.1.0, X-CUBE-EEPRMA1_V5.2.0, X-CUBE-FREERTOS_V1.5.0, X-CUBE-GNSS1_V6.0.0, X-CUBE-MEMS1_V12.0.0, X-CUBE-NFC4_V3.0.0, X-CUBE-NFC7_V2.0.0, X-CUBE-SFXS2LP1_V4.0.0, X-CUBE-ST67W61_V1.2.0, X-CUBE-SUBG2_V5.0.0, X-CUBE-TOF1_V3.4.3]
2026-07-02 23:12:35,103 [INFO] ApiDb:240 - Found 880 in-development CPN: [B-G473E-ZEST1S, B-WB1M-WPAN1, B-WBA5M-WPAN, B-WL5M-SUBG1, NUCLEO-C031C6, NUCLEO-C051C8, NUCLEO-C071RB, NUCLEO-C092RC, NUCLEO-H503RB, NUCLEO-H533RE, NUCLEO-H563ZI, NUCLEO-H7S3L8, NUCLEO-N657X0-Q, NUCLEO-U031R8, NUCLEO-U083RC, NUCLEO-U385RG-Q, NUCLEO-U545RE-Q, NUCLEO-U5A5ZJ-Q, NUCLEO-WB05KZ, NUCLEO-WB07CC, NUCLEO-WB09KE, NUCLEO-WBA52CG, NUCLEO-WBA55CG, NUCLEO-WL33CC1, NUCLEO-WL33CC2, STEVAL-PROTEUS1, STEVAL-SMARTAG2, STEVAL-STWINBX1, STM320518-EVAL, STM32C0116-DK, STM32C011D6Y3TR, STM32C011D6Y6TR, STM32C011F4P3, STM32C011F4P6, STM32C011F4U3, STM32C011F4U6TR, STM32C011F6P3, STM32C011F6P6, STM32C011F6U3, STM32C011F6U6TR, STM32C011J4M3, STM32C011J4M6, STM32C011J6M3, STM32C011J6M6, STM32C0316-DK, STM32C031C4T3, STM32C031C4T6, STM32C031C4U3, STM32C031C4U6, STM32C031C6T3, STM32C031C6T6, STM32C031C6U3, STM32C031C6U6, STM32C031F4P3, STM32C031F4P6, STM32C031F6P3, STM32C031F6P6, STM32C031G4U3, STM32C031G4U6, STM32C031G6U3, STM32C031G6U6, STM32C031K4T3, STM32C031K4T6, STM32C031K4U3, STM32C031K4U6, STM32C031K6T3, STM32C031K6T6, STM32C031K6U3, STM32C031K6U6, STM32C051C6T6, STM32C051C6U6, STM32C051C8T6, STM32C051C8U6, STM32C051D8Y6TR, STM32C051F6P6, STM32C051F8P6, STM32C051G6U6, STM32C051G8U6, STM32C051K6T6, STM32C051K6U6, STM32C051K8T6, STM32C071C8T6, STM32C071C8T6N, STM32C071C8U6, STM32C071C8U6N, STM32C071CBT6, STM32C071CBT6N, STM32C071CBU6, STM32C071CBU6N, STM32C071F8P6, STM32C071F8P6N, STM32C071FBP6, STM32C071FBP6N, STM32C071FBY6TR, STM32C071G8U6, STM32C071G8U6N, STM32C071GBU6, STM32C071GBU6N, STM32C071K8T6, STM32C071K8T6N, STM32C071K8U6, STM32C071K8U6N, STM32C071KBT6, STM32C071KBT6N, STM32C071KBU6, STM32C071KBU6N, STM32C071R8T6, STM32C071R8T6N, STM32C071RBI6N, STM32C071RBT6, STM32C071RBT6N, STM32C091CBT6, STM32C091CBU6, STM32C091CCT6, STM32C091CCU6, STM32C091ECY6TR, STM32C091FBP6, STM32C091FCP6, STM32C091GBU6, STM32C091GCU6, STM32C091KBT6, STM32C091KBU6, STM32C091KCT6, STM32C091KCU6, STM32C091RBT6, STM32C091RCI6, STM32C091RCT6, STM32C092CBT6, STM32C092CBU6, STM32C092CCT6, STM32C092CCU6, STM32C092ECY6TR, STM32C092FBP6, STM32C092FCP6, STM32C092GBU6, STM32C092GCU6, STM32C092KBT6, STM32C092KBU6, STM32C092KCT6, STM32C092KCU6, STM32C092RBT6, STM32C092RCI6, STM32C092RCT6, STM32G071K8TXN, STM32G071K8UXN, STM32G081GBU6N, STM32G081KBT6N, STM32G081KBUXN, STM32G0B1CCT6N, STM32G0B1KCT6, STM32G0B1NEY6TR, STM32G0B1RCT6N, STM32G0C1CCT6, STM32G0C1CCT6N, STM32G0C1CCU6N, STM32G0C1CET6N, STM32G0C1CEU6N, STM32G0C1KCT6, STM32G0C1NEY6TR, STM32G0C1RCI6N, STM32G0C1RCT6N, STM32G0C1REI6N, STM32G0C1RET6N, STM32G0C1VCI6, STM32G0C1VEI6, STM32G411C6T3, STM32G411C6T6, STM32G411C6U3, STM32G411C6U6, STM32G411C8T3, STM32G411C8T6, STM32G411C8U3, STM32G411C8U6, STM32G411CBT3, STM32G411CBT6, STM32G411CBU3, STM32G411CBU6, STM32G411K6T3, STM32G411K6T6, STM32G411K6U3, STM32G411K6U6, STM32G411K8T3, STM32G411K8T6, STM32G411K8U3, STM32G411K8U6, STM32G411KBT3, STM32G411KBT6, STM32G411KBU3, STM32G411KBU6, STM32G411M6T3, STM32G411M6T6, STM32G411M8T3, STM32G411M8T6, STM32G411MBT3, STM32G411MBT6, STM32G411R6T3, STM32G411R6T6, STM32G411R8T3, STM32G411R8T6, STM32G411RBT3, STM32G411RBT6, STM32G414CBT3, STM32G414CBT6, STM32G414CBU3, STM32G414CBU6, STM32G414CCT3, STM32G414CCT6, STM32G414CCU3, STM32G414CCU6, STM32G414MBT3, STM32G414MBT6, STM32G414MCT3, STM32G414MCT6, STM32G414RBT3, STM32G414RBT6, STM32G414RCT3, STM32G414RCT6, STM32G414VBT3, STM32G414VBT6, STM32G414VCT3, STM32G414VCT6, STM32G431CBT3Z, STM32G431RBT3Z, STM32G471CCT6, STM32G471CCU6, STM32G471CET3, STM32G471CET6, STM32G471CEU3, STM32G471CEU6, STM32G471MCT6, STM32G471MET3, STM32G471MET6, STM32G471MEY6TR, STM32G471QCT6, STM32G471QET3, STM32G471RCT6, STM32G471RET3, STM32G471RET6, STM32G471VCH6, STM32G471VCI6, STM32G471VCT6, STM32G471VEH3, STM32G471VEH6, STM32G471VEI3, STM32G471VEI6, STM32G471VET3, STM32G471VET6, STM32G473QET3Z, STM32G473RET3Z, STM32G474CCT6, STM32G491RET3Z, STM32H503CBT6, STM32H503CBU6, STM32H503EBY6TR, STM32H503KBU6, STM32H503RBT6, STM32H523CCT6, STM32H523CCU6, STM32H523CET6, STM32H523CEU6, STM32H523HEY6TR, STM32H523RCT6, STM32H523RET6, STM32H523VCI6, STM32H523VCT6, STM32H523VEI6, STM32H523VET6, STM32H523ZCJ6, STM32H523ZCT6, STM32H523ZEJ6, STM32H523ZET6, STM32H533CET6, STM32H533CEU6, STM32H533HEY6TR, STM32H533RET6, STM32H533VEI6, STM32H533VET6, STM32H533ZEJ6, STM32H533ZET6, STM32H562AGI6, STM32H562AII6, STM32H562IGK6, STM32H562IGT6, STM32H562IIK6, STM32H562IIT6, STM32H562RGT6, STM32H562RGV6, STM32H562RIT6, STM32H562RIV6, STM32H562VGT6, STM32H562VIT6, STM32H562ZGT6, STM32H562ZIT6, STM32H563AGI6, STM32H563AII3Q, STM32H563AII6, STM32H563IGK6, STM32H563IGT6, STM32H563IIK3Q, STM32H563IIK6, STM32H563IIT3Q, STM32H563IIT6, STM32H563MIY3QTR, STM32H563RGT6, STM32H563RGV6, STM32H563RIT6, STM32H563RIV6, STM32H563VGT6, STM32H563VIT3Q, STM32H563VIT6, STM32H563ZGT6, STM32H563ZIT3Q, STM32H563ZIT6, STM32H573AII3Q, STM32H573AII6, STM32H573I-DK, STM32H573IIK3Q, STM32H573IIK6, STM32H573IIT3Q, STM32H573IIT6, STM32H573MIY3QTR, STM32H573RIT6, STM32H573RIV6, STM32H573VIT3Q, STM32H573VIT6, STM32H573ZIT3Q, STM32H573ZIT6, STM32H7R3A8I6, STM32H7R3I8K6, STM32H7R3I8T6, STM32H7R3L8H6, STM32H7R3L8H6H, STM32H7R3R8V6, STM32H7R3V8H6, STM32H7R3V8T6, STM32H7R3V8Y6TR, STM32H7R3Z8J6, STM32H7R3Z8T6, STM32H7R7A8I6, STM32H7R7I8K6, STM32H7R7I8T6, STM32H7R7L8H6, STM32H7R7L8H6H, STM32H7R7Z8J6, STM32H7S3A8I6, STM32H7S3I8K6, STM32H7S3I8T6, STM32H7S3L8H6, STM32H7S3L8H6H, STM32H7S3R8V6, STM32H7S3V8H6, STM32H7S3V8T6, STM32H7S3V8Y6TR, STM32H7S3Z8J6, STM32H7S3Z8T6, STM32H7S78-DK, STM32H7S7A8I6, STM32H7S7I8K6, STM32H7S7I8T6, STM32H7S7L8H6, STM32H7S7L8H6H, STM32H7S7Z8J6, STM32L4R5QGI6STR, STM32MP131AAE3, STM32MP131AAF3, STM32MP131AAG3, STM32MP131CAE3, STM32MP131CAF3, STM32MP131CAG3, STM32MP131DAE7, STM32MP131DAF7, STM32MP131DAG7, STM32MP131FAE7, STM32MP131FAF7, STM32MP131FAG7, STM32MP133AAE3, STM32MP133AAF3, STM32MP133AAG3, STM32MP133CAE3, STM32MP133CAF3, STM32MP133CAG3, STM32MP133DAE7, STM32MP133DAF7, STM32MP133DAG7, STM32MP133FAE7, STM32MP133FAF7, STM32MP133FAG7, STM32MP135AAE3, STM32MP135AAF3, STM32MP135AAG3, STM32MP135CAE3, STM32MP135CAF3, STM32MP135CAG3, STM32MP135DAE7, STM32MP135DAF7, STM32MP135DAG7, STM32MP135F-DK, STM32MP135FAE7, STM32MP135FAF7, STM32MP135FAF7T, STM32MP135FAF7U, STM32MP135FAG7, STM32MP211AAL3, STM32MP211AAM3, STM32MP211AAN3, STM32MP211AAO3, STM32MP211CAL3, STM32MP211CAM3, STM32MP211CAN3, STM32MP211CAO3, STM32MP211DAL3, STM32MP211DAM3, STM32MP211DAN3, STM32MP211DAO3, STM32MP211FAL3, STM32MP211FAM3, STM32MP211FAN3, STM32MP211FAO3, STM32MP213AAL3, STM32MP213AAM3, STM32MP213AAN3, STM32MP213AAO3, STM32MP213CAL3, STM32MP213CAM3, STM32MP213CAN3, STM32MP213CAO3, STM32MP213DAL3, STM32MP213DAM3, STM32MP213DAN3, STM32MP213DAO3, STM32MP213FAL3, STM32MP213FAM3, STM32MP213FAN3, STM32MP213FAO3, STM32MP215AAL3, STM32MP215AAM3, STM32MP215AAN3, STM32MP215AAO3, STM32MP215CAL3, STM32MP215CAM3, STM32MP215CAN3, STM32MP215CAO3, STM32MP215DAL3, STM32MP215DAM3, STM32MP215DAN3, STM32MP215DAO3, STM32MP215F-DK, STM32MP215FAL3, STM32MP215FAM3, STM32MP215FAN3, STM32MP215FAO3, STM32MP231AAJ3, STM32MP231AAK3, STM32MP231AAL3, STM32MP231CAJ3, STM32MP231CAK3, STM32MP231CAL3, STM32MP231DAJ3, STM32MP231DAK3, STM32MP231DAL3, STM32MP231FAJ3, STM32MP231FAK3, STM32MP231FAL3, STM32MP233AAJ3, STM32MP233AAK3, STM32MP233AAL3, STM32MP233CAJ3, STM32MP233CAK3, STM32MP233CAL3, STM32MP233DAJ3, STM32MP233DAK3, STM32MP233DAL3, STM32MP233FAJ3, STM32MP233FAK3, STM32MP233FAL3, STM32MP235AAJ3, STM32MP235AAK3, STM32MP235AAL3, STM32MP235CAJ3, STM32MP235CAK3, STM32MP235CAL3, STM32MP235DAJ3, STM32MP235DAK3, STM32MP235DAL3, STM32MP235FAJ3, STM32MP235FAK3, STM32MP235FAL3, STM32MP251AAI3, STM32MP251AAK3, STM32MP251AAL3, STM32MP251CAI3, STM32MP251CAK3, STM32MP251CAL3, STM32MP251DAI3, STM32MP251DAK3, STM32MP251DAL3, STM32MP251FAI3, STM32MP251FAK3, STM32MP251FAL3, STM32MP253AAI3, STM32MP253AAK3, STM32MP253AAL3, STM32MP253CAI3, STM32MP253CAK3, STM32MP253CAL3, STM32MP253DAI3, STM32MP253DAK3, STM32MP253DAL3, STM32MP253FAI3, STM32MP253FAK3, STM32MP253FAL3, STM32MP255AAI3, STM32MP255AAK3, STM32MP255AAL3, STM32MP255CAI3, STM32MP255CAK3, STM32MP255CAL3, STM32MP255DAI3, STM32MP255DAK3, STM32MP255DAL3, STM32MP255FAI3, STM32MP255FAK3, STM32MP255FAL3, STM32MP257AAI3, STM32MP257AAK3, STM32MP257AAL3, STM32MP257CAI3, STM32MP257CAK3, STM32MP257CAL3, STM32MP257DAI3, STM32MP257DAK3, STM32MP257DAL3, STM32MP257F-DK, STM32MP257F-EV1, STM32MP257FAI3, STM32MP257FAK3, STM32MP257FAL3, STM32N645A0H3Q, STM32N645B0H3Q, STM32N645I0H3Q, STM32N645L0H3Q, STM32N645X0H3Q, STM32N645Z0H3Q, STM32N647A0H3Q, STM32N647B0H3Q, STM32N647I0H3Q, STM32N647L0H3Q, STM32N647X0H3Q, STM32N647Z0H3Q, STM32N655A0H3Q, STM32N655B0H3Q, STM32N655I0H3Q, STM32N655L0H3Q, STM32N655X0H3Q, STM32N655Z0H3Q, STM32N6570-DK, STM32N657A0H3Q, STM32N657B0H3Q, STM32N657I0H3Q, STM32N657L0H3Q, STM32N657X0H3Q, STM32N657Z0H3Q, STM32U031C6T6, STM32U031C6U6, STM32U031C8T6, STM32U031C8U6, STM32U031F4P6, STM32U031F6P6, STM32U031F8P6, STM32U031G6Y6TR, STM32U031G8Y6TR, STM32U031K4U6, STM32U031K6U6, STM32U031K8U6, STM32U031R6I6, STM32U031R6T6, STM32U031R8I6, STM32U031R8T6, STM32U073C8T6, STM32U073C8U6, STM32U073CBT6, STM32U073CBU6, STM32U073CCT6, STM32U073CCU6, STM32U073H8Y6TR, STM32U073HBY6TR, STM32U073HCY6TR, STM32U073K8U6, STM32U073KBU6, STM32U073KCU6, STM32U073M8I6, STM32U073M8T6, STM32U073MBI6, STM32U073MBT6, STM32U073MCI6, STM32U073MCT6, STM32U073R8I6, STM32U073R8T6, STM32U073RBI6, STM32U073RBT6, STM32U073RCI6, STM32U073RCT6, STM32U083C-DK, STM32U083CCT6, STM32U083CCU6, STM32U083HCY6TR, STM32U083KCU6, STM32U083MCI6, STM32U083MCT6, STM32U083RCI6, STM32U083RCT6, STM32U375CET6, STM32U375CET6Q, STM32U375CEU6, STM32U375CEU6Q, STM32U375CEY6QTR, STM32U375CGT6, STM32U375CGT6Q, STM32U375CGU6, STM32U375CGU6Q, STM32U375CGY6QTR, STM32U375KEU6, STM32U375KGU6, STM32U375REI6, STM32U375REI6Q, STM32U375RET6, STM32U375RET6Q, STM32U375REY6GTR, STM32U375REY6QTR, STM32U375RGI6, STM32U375RGI6Q, STM32U375RGT6, STM32U375RGT6Q, STM32U375RGY6GTR, STM32U375RGY6QTR, STM32U375VEI6, STM32U375VEI6Q, STM32U375VET6, STM32U375VET6Q, STM32U375VGI6, STM32U375VGI6Q, STM32U375VGT6, STM32U375VGT6Q, STM32U385CGT6, STM32U385CGT6Q, STM32U385CGU6, STM32U385CGU6Q, STM32U385CGY6QTR, STM32U385KGU6, STM32U385RGI6, STM32U385RGI6Q, STM32U385RGT6, STM32U385RGT6Q, STM32U385RGY6GTR, STM32U385RGY6QTR, STM32U385VGI6, STM32U385VGI6Q, STM32U385VGT6, STM32U385VGT6Q, STM32U535CBT6, STM32U535CBT6Q, STM32U535CBU6, STM32U535CBU6Q, STM32U535CCT6, STM32U535CCT6Q, STM32U535CCU6, STM32U535CCU6Q, STM32U535CET6, STM32U535CET6Q, STM32U535CEU6, STM32U535CEU6Q, STM32U535JEY6QTR, STM32U535NCY6QTR, STM32U535NEY6QTR, STM32U535RBI6, STM32U535RBI6Q, STM32U535RBT6, STM32U535RBT6Q, STM32U535RCI6, STM32U535RCI6Q, STM32U535RCT6, STM32U535RCT6Q, STM32U535REI6, STM32U535REI6Q, STM32U535RET6, STM32U535RET6Q, STM32U535VCI6, STM32U535VCI6Q, STM32U535VCT6, STM32U535VCT6Q, STM32U535VEI6, STM32U535VEI6Q, STM32U535VET6, STM32U535VET6Q, STM32U545CET6, STM32U545CET6Q, STM32U545CEU6, STM32U545CEU6Q, STM32U545JEY6QTR, STM32U545NEY6QTR, STM32U545REI6, STM32U545REI6Q, STM32U545RET6, STM32U545RET6Q, STM32U545VEI6, STM32U545VEI6Q, STM32U545VET6, STM32U545VET6Q, STM32U595AIH6, STM32U595AIH6Q, STM32U595AJH6, STM32U595AJH6Q, STM32U595QII6, STM32U595QII6Q, STM32U595QJI6, STM32U595QJI6Q, STM32U595RIT6, STM32U595RIT6Q, STM32U595RJT6, STM32U595RJT6Q, STM32U595VIT6, STM32U595VIT6Q, STM32U595VJT6, STM32U595VJT6Q, STM32U595ZIT6, STM32U595ZIT6Q, STM32U595ZIY6QTR, STM32U595ZJT6, STM32U595ZJT6Q, STM32U595ZJY6QTR, STM32U599BJY6QTR, STM32U599NIH6Q, STM32U599NJH6Q, STM32U599VIT6Q, STM32U599VJT6, STM32U599VJT6Q, STM32U599ZIT6Q, STM32U599ZIY6QTR, STM32U599ZJT6Q, STM32U599ZJY6QTR, STM32U5A5AJH6, STM32U5A5AJH6Q, STM32U5A5QII3Q , STM32U5A5QJI6, STM32U5A5QJI6Q, STM32U5A5RJT6, STM32U5A5RJT6Q, STM32U5A5VJT6, STM32U5A5VJT6Q, STM32U5A5ZJT6, STM32U5A5ZJT6Q, STM32U5A5ZJY6QTR, STM32U5A9BJY6QTR, STM32U5A9J-DK, STM32U5A9NJH6Q, STM32U5A9VJT6Q, STM32U5A9ZJT6Q, STM32U5A9ZJY6QTR, STM32U5F7VIT6, STM32U5F7VIT6Q, STM32U5F7VJT6, STM32U5F7VJT6Q, STM32U5F9BJY6QTR, STM32U5F9NJH6Q, STM32U5F9VIT6Q, STM32U5F9VJT6Q, STM32U5F9ZIJ6QTR, STM32U5F9ZIT6Q, STM32U5F9ZJJ6QTR, STM32U5F9ZJT6Q, STM32U5G7VJT6, STM32U5G7VJT6Q, STM32U5G9BJY6QTR, STM32U5G9J-DK1, STM32U5G9J-DK2, STM32U5G9NJH6Q, STM32U5G9VJT6Q, STM32U5G9ZJJ6QTR, STM32U5G9ZJT6Q, STM32WB05KZV6TR, STM32WB05KZV7TR, STM32WB05TZF6TR, STM32WB05TZF7TR, STM32WB06CCF6TR, STM32WB06CCF7TR, STM32WB06CCV6TR, STM32WB06CCV7TR, STM32WB06KCV6TR, STM32WB06KCV7TR, STM32WB07CCF6TR, STM32WB07CCF7TR, STM32WB07CCV6TR, STM32WB07CCV7TR, STM32WB07KCV6TR, STM32WB07KCV7TR, STM32WB09KEV6TR, STM32WB09KEV7TR, STM32WB09TEF6TR, STM32WB09TEF7TR, STM32WB1MMCH6, STM32WBA50KGU6, STM32WBA50KGU6TR, STM32WBA52CEU6, STM32WBA52CEU6TR, STM32WBA52CEU7, STM32WBA52CEU7TR, STM32WBA52CGU6, STM32WBA52CGU6TR, STM32WBA52CGU6U, STM32WBA52CGU7, STM32WBA52CGU7TR, STM32WBA52KEU6, STM32WBA52KEU6TR, STM32WBA52KGU6, STM32WBA52KGU6TR, STM32WBA54CEU6, STM32WBA54CEU6TR, STM32WBA54CEU7, STM32WBA54CEU7TR, STM32WBA54CGU6, STM32WBA54CGU6TR, STM32WBA54CGU7, STM32WBA54CGU7TR, STM32WBA54KEU6, STM32WBA54KEU6TR, STM32WBA54KEU7, STM32WBA54KEU7TR, STM32WBA54KGU6, STM32WBA54KGU6TR, STM32WBA54KGU7, STM32WBA54KGU7TR, STM32WBA55CEU6, STM32WBA55CEU6TR, STM32WBA55CEU7, STM32WBA55CEU7TR, STM32WBA55CGU6, STM32WBA55CGU6TR, STM32WBA55CGU6U, STM32WBA55CGU7, STM32WBA55CGU7TR, STM32WBA55G-DK1, STM32WBA55HEF6, STM32WBA55HEF7, STM32WBA55HGF6, STM32WBA55HGF7, STM32WBA55UEI6, STM32WBA55UEI6TR, STM32WBA55UEI7, STM32WBA55UEI7TR, STM32WBA55UGI6, STM32WBA55UGI6TR, STM32WBA55UGI7, STM32WBA55UGI7TR, STM32WBA5MMGH6TR, STM32WBA62MGF6, STM32WBA62MIF6, STM32WBA65MGF7, STM32WBA65MIF6, STM32WBA65MIF7, STM32WL30K8V6, STM32WL30KBV6, STM32WL31C8V6, STM32WL31CBV6, STM32WL31K8V6, STM32WL31KBV6, STM32WL33C8V6, STM32WL33C8V6X, STM32WL33CBV6, STM32WL33CBV6X, STM32WL33CCV6, STM32WL33CCV6A, STM32WL33CCV6X, STM32WL33K8V7, STM32WL33K8V7X, STM32WL33KBV7 , STM32WL33KBV7X, STM32WL33KCV7, STM32WL33KCV7X, STM32WL5MOCH6, STM32WL5MOCH6TR]
2026-07-02 23:12:35,110 [INFO] DbMcus:218 - Found 5086 MCUs, 4968 are supported
2026-07-02 23:12:35,113 [INFO] ApiDb:423 - Load user favorites file C:\Users\nickw/.stm32cubeide/favorites.mcus.txt: 0 item(s)
2026-07-02 23:12:35,113 [INFO] ApiDb:427 - User favorites MCUs=[]
2026-07-02 23:12:35,114 [INFO] DbMcus:224 - Set 0 / 0 favorites MCUs
2026-07-02 23:12:35,656 [INFO] BoardInfo:889 - No configuration file found for board NUCLEO-H5E5ZJ
2026-07-02 23:12:35,658 [INFO] DbBoards:161 - Board is not supported: NUCLEO-H5E5ZJ
2026-07-02 23:12:35,751 [INFO] BoardInfo:889 - No configuration file found for board NUCLEO-U3C5ZI-Q
2026-07-02 23:12:35,753 [INFO] DbBoards:161 - Board is not supported: NUCLEO-U3C5ZI-Q
2026-07-02 23:12:35,777 [INFO] BoardInfo:889 - No configuration file found for board NUCLEO-WBA25CE1
2026-07-02 23:12:35,778 [INFO] DbBoards:161 - Board is not supported: NUCLEO-WBA25CE1
2026-07-02 23:12:35,793 [INFO] BoardInfo:889 - No configuration file found for board NUCLEO-WL3RKB1
2026-07-02 23:12:35,795 [INFO] DbBoards:161 - Board is not supported: NUCLEO-WL3RKB1
2026-07-02 23:12:35,796 [INFO] BoardInfo:889 - No configuration file found for board NUCLEO-WL3RKB2
2026-07-02 23:12:35,799 [INFO] DbBoards:161 - Board is not supported: NUCLEO-WL3RKB2
2026-07-02 23:12:35,811 [INFO] BoardInfo:889 - No configuration file found for board P-NUCLEO-WB55
2026-07-02 23:12:35,813 [INFO] DbBoards:161 - Kit is not supported: P-NUCLEO-WB55
2026-07-02 23:12:35,823 [INFO] BoardInfo:889 - No configuration file found for board STEVAL-BFA001V1B
2026-07-02 23:12:35,825 [INFO] DbBoards:161 - Kit is not supported: STEVAL-BFA001V1B
2026-07-02 23:12:35,826 [INFO] BoardInfo:889 - No configuration file found for board STEVAL-BFA001V2B
2026-07-02 23:12:35,828 [INFO] DbBoards:161 - Kit is not supported: STEVAL-BFA001V2B
2026-07-02 23:12:36,009 [INFO] BoardInfo:889 - No configuration file found for board STM32H5F5J-DK
2026-07-02 23:12:36,010 [INFO] DbBoards:161 - Board is not supported: STM32H5F5J-DK
2026-07-02 23:12:36,137 [INFO] DbBoards:168 - Found 218 boards, 209 are supported
2026-07-02 23:12:36,137 [INFO] DbBoards:169 - Found 218 boards, 43 of them is supported for  Bsp
2026-07-02 23:12:36,142 [INFO] ApiDb:423 - Load user favorites file C:\Users\nickw/.stm32cubeide/favorites.boards.txt: 0 item(s)
2026-07-02 23:12:36,142 [INFO] ApiDb:427 - User favorites Boards=[]
2026-07-02 23:12:36,142 [INFO] DbBoards:198 - Set 0 / 0 favorites Boards
2026-07-02 23:12:36,191 [INFO] UtilMem:75 - End LoadConfig() Used Memory: 203822256 Bytes (497025024)
2026-07-02 23:12:36,367 [WARN] ThirdParty:833 - waiting for thirdparty lock release [change project]
2026-07-02 23:12:36,367 [INFO] ThirdParty:835 - entering critical section [change project]
2026-07-02 23:12:36,367 [INFO] ThirdParty:1030 - CMSIS Pack Vendor :STMicroelectronics X-CUBE-PM33A1 1.0.0
2026-07-02 23:12:36,367 [INFO] ThirdParty:1030 - CMSIS Pack Vendor :STMicroelectronics USBPD 4.1
2026-07-02 23:12:36,367 [INFO] ThirdParty:1030 - CMSIS Pack Vendor :STMicroelectronics X-CUBE-DISPLAY 3.0.0
2026-07-02 23:12:36,368 [INFO] ThirdParty:1030 - CMSIS Pack Vendor :STMicroelectronics X-CUBE-NFC9 1.0.0
2026-07-02 23:12:36,368 [INFO] ThirdParty:1030 - CMSIS Pack Vendor :STMicroelectronics X-CUBE-NFC7 2.0.0
2026-07-02 23:12:36,368 [INFO] ThirdParty:1030 - CMSIS Pack Vendor :STMicroelectronics X-CUBE-TCPP 4.2.0
2026-07-02 23:12:36,368 [INFO] ThirdParty:1030 - CMSIS Pack Vendor :STMicroelectronics USB_HOST 2.0.0
2026-07-02 23:12:36,368 [INFO] ThirdParty:1030 - CMSIS Pack Vendor :STMicroelectronics LIBJPEG 8.0.0
2026-07-02 23:12:36,368 [INFO] ThirdParty:1030 - CMSIS Pack Vendor :STMicroelectronics FP-ATR-ASTRA1 2.0.2
2026-07-02 23:12:36,368 [INFO] ThirdParty:1030 - CMSIS Pack Vendor :STMicroelectronics FP-ATR-SIGFOX1 3.2.0
2026-07-02 23:12:36,368 [INFO] ThirdParty:1030 - CMSIS Pack Vendor :STMicroelectronics X-CUBE-NFC10 1.0.0
2026-07-02 23:12:36,368 [INFO] ThirdParty:1030 - CMSIS Pack Vendor :STMicroelectronics X-CUBE-BLE1 7.1.0
2026-07-02 23:12:36,368 [INFO] ThirdParty:1030 - CMSIS Pack Vendor :STMicroelectronics USB_DEVICE 3.0.0
2026-07-02 23:12:36,368 [INFO] ThirdParty:1030 - CMSIS Pack Vendor :STMicroelectronics X-CUBE-ISPU 2.1.0
2026-07-02 23:12:36,368 [INFO] ThirdParty:1030 - CMSIS Pack Vendor :STMicroelectronics HAL Drivers 0.0.0
2026-07-02 23:12:36,368 [INFO] ThirdParty:1030 - CMSIS Pack Vendor :STMicroelectronics MBEDTLS 2.16.2
2026-07-02 23:12:36,368 [INFO] ThirdParty:1030 - CMSIS Pack Vendor :STMicroelectronics X-CUBE-ALS 1.0.2
2026-07-02 23:12:36,368 [INFO] ThirdParty:1030 - CMSIS Pack Vendor :STMicroelectronics MBEDTLS 2.14.1
2026-07-02 23:12:36,368 [INFO] ThirdParty:1030 - CMSIS Pack Vendor :STMicroelectronics USB_DEVICE 2.0.0
2026-07-02 23:12:36,368 [INFO] ThirdParty:1030 - CMSIS Pack Vendor :STMicroelectronics ThreadX 1.0.0
2026-07-02 23:12:36,369 [INFO] ThirdParty:1030 - CMSIS Pack Vendor :STMicroelectronics FP-SNS-SMARTAG2 1.2.0
2026-07-02 23:12:36,369 [INFO] ThirdParty:1030 - CMSIS Pack Vendor :STMicroelectronics FP-SNS-FLIGHT1 5.1.0
2026-07-02 23:12:36,369 [INFO] ThirdParty:1030 - CMSIS Pack Vendor :STMicroelectronics X-CUBE-DPower 1.3.0
2026-07-02 23:12:36,369 [INFO] ThirdParty:1030 - CMSIS Pack Vendor :STMicroelectronics FreeRTOS 0.0.1
2026-07-02 23:12:36,369 [INFO] ThirdParty:1030 - CMSIS Pack Vendor :STMicroelectronics USB_DEVICE 1.0.0
2026-07-02 23:12:36,369 [INFO] ThirdParty:1030 - CMSIS Pack Vendor :STMicroelectronics X-CUBE-NFC4 3.0.0
2026-07-02 23:12:36,369 [INFO] ThirdParty:1030 - CMSIS Pack Vendor :STMicroelectronics X-CUBE-SUBG2 5.0.0
2026-07-02 23:12:36,369 [INFO] ThirdParty:1030 - CMSIS Pack Vendor :STMicroelectronics STM32_WPAN 1.0.0
2026-07-02 23:12:36,369 [INFO] ThirdParty:1030 - CMSIS Pack Vendor :STMicroelectronics ThreadX 0.0.2
2026-07-02 23:12:36,369 [INFO] ThirdParty:1030 - CMSIS Pack Vendor :STMicroelectronics lwIP 2.0.3
2026-07-02 23:12:36,369 [INFO] ThirdParty:1030 - CMSIS Pack Vendor :STMicroelectronics lwIP 2.1.2
2026-07-02 23:12:36,369 [INFO] ThirdParty:1030 - CMSIS Pack Vendor :STMicroelectronics X-CUBE-SFXS2LP1 4.0.0
2026-07-02 23:12:36,369 [INFO] ThirdParty:1030 - CMSIS Pack Vendor :STMicroelectronics X-CUBE-BLE2 3.3.0
2026-07-02 23:12:36,369 [INFO] ThirdParty:1030 - CMSIS Pack Vendor :STMicroelectronics X-CUBE-TOF1 3.4.3
2026-07-02 23:12:36,370 [INFO] ThirdParty:1030 - CMSIS Pack Vendor :STMicroelectronics USB_HOST 1.0.0
2026-07-02 23:12:36,370 [INFO] ThirdParty:1030 - CMSIS Pack Vendor :STMicroelectronics PDM2PCM 3.1.0
2026-07-02 23:12:36,370 [INFO] ThirdParty:1030 - CMSIS Pack Vendor :STMicroelectronics PDM2PCM 3.2.0
2026-07-02 23:12:36,370 [INFO] ThirdParty:1030 - CMSIS Pack Vendor :STMicroelectronics PDM2PCM 3.3.0
2026-07-02 23:12:36,370 [INFO] ThirdParty:841 - exiting critical section [change project]
2026-07-02 23:12:36,907 [INFO] PinOutPanel:1589 - setPackage(No Configuration,No Configuration)
2026-07-02 23:12:36,909 [INFO] PinOutPanel:1589 - setPackage(STM32F401RCTx,LQFP64)
2026-07-02 23:12:37,394 [INFO] UtilMem:75 - Before build in PCC Used Memory: 163084944 Bytes (497025024)
2026-07-02 23:12:38,093 [INFO] UtilMem:75 - After build in PCC Used Memory: 243133984 Bytes (497025024)
2026-07-02 23:12:38,132 [INFO] IPUIPlugin:80 - create IPUIPlugin
2026-07-02 23:12:38,133 [INFO] IPUIPlugin:80 - create IPUIPlugin
2026-07-02 23:12:38,133 [INFO] IPUIPlugin:80 - create IPUIPlugin
2026-07-02 23:12:38,133 [INFO] IPUIPlugin:80 - create IPUIPlugin
2026-07-02 23:12:38,133 [INFO] IPUIPlugin:80 - create IPUIPlugin
2026-07-02 23:12:38,133 [INFO] IPUIPlugin:80 - create IPUIPlugin
2026-07-02 23:12:38,133 [INFO] IPUIPlugin:80 - create IPUIPlugin
2026-07-02 23:12:38,133 [INFO] IPUIPlugin:80 - create IPUIPlugin
2026-07-02 23:12:38,133 [INFO] IPUIPlugin:80 - create IPUIPlugin
2026-07-02 23:12:38,134 [INFO] IPUIPlugin:80 - create IPUIPlugin
2026-07-02 23:12:38,134 [INFO] IPUIPlugin:80 - create IPUIPlugin
2026-07-02 23:12:38,134 [INFO] IPUIPlugin:80 - create IPUIPlugin
2026-07-02 23:12:38,134 [INFO] IPUIPlugin:80 - create IPUIPlugin
2026-07-02 23:12:38,134 [INFO] IPUIPlugin:80 - create IPUIPlugin
2026-07-02 23:12:38,134 [INFO] IPUIPlugin:80 - create IPUIPlugin
2026-07-02 23:12:38,135 [INFO] IPUIPlugin:80 - create IPUIPlugin
2026-07-02 23:12:38,135 [INFO] IPUIPlugin:80 - create IPUIPlugin
2026-07-02 23:12:38,135 [INFO] IPUIPlugin:80 - create IPUIPlugin
2026-07-02 23:12:38,135 [INFO] IPUIPlugin:80 - create IPUIPlugin
2026-07-02 23:12:38,135 [INFO] IPUIPlugin:80 - create IPUIPlugin
2026-07-02 23:12:38,136 [INFO] IPUIPlugin:80 - create IPUIPlugin
2026-07-02 23:12:38,136 [INFO] IPUIPlugin:80 - create IPUIPlugin
2026-07-02 23:12:38,136 [INFO] IPUIPlugin:80 - create IPUIPlugin
2026-07-02 23:12:38,137 [INFO] IPUIPlugin:80 - create IPUIPlugin
2026-07-02 23:12:38,137 [INFO] IPUIPlugin:80 - create IPUIPlugin
2026-07-02 23:12:38,137 [INFO] IPUIPlugin:80 - create IPUIPlugin
2026-07-02 23:12:38,137 [INFO] IPUIPlugin:80 - create IPUIPlugin
2026-07-02 23:12:38,138 [INFO] IPUIPlugin:80 - create IPUIPlugin
2026-07-02 23:12:38,138 [INFO] IPUIPlugin:80 - create IPUIPlugin
2026-07-02 23:12:38,138 [INFO] IPUIPlugin:80 - create IPUIPlugin
2026-07-02 23:12:38,138 [INFO] IPUIPlugin:80 - create IPUIPlugin
2026-07-02 23:12:38,139 [INFO] IPUIPlugin:80 - create IPUIPlugin
2026-07-02 23:12:38,139 [INFO] IPUIPlugin:80 - create IPUIPlugin
2026-07-02 23:12:38,139 [INFO] IPUIPlugin:80 - create IPUIPlugin
2026-07-02 23:12:38,140 [INFO] IPUIPlugin:80 - create IPUIPlugin
2026-07-02 23:12:38,140 [INFO] IPUIPlugin:80 - create IPUIPlugin
2026-07-02 23:12:38,140 [INFO] IPUIPlugin:80 - create IPUIPlugin
2026-07-02 23:12:38,140 [INFO] IPUIPlugin:80 - create IPUIPlugin
2026-07-02 23:12:38,187 [INFO] ApiDbMcu:532 - Load IP Config File for PDM2PCM
2026-07-02 23:12:38,195 [WARN] IP:2250 - I2C_Coeff_DF not found: check if there is a RefParameter without a condition.
2026-07-02 23:12:38,195 [WARN] IP:2250 - Analog_Filter not found: check if there is a RefParameter without a condition.
2026-07-02 23:12:38,362 [INFO] CADModel:165 - CPN selected for project levelSTM32F401RCT6TR
2026-07-02 23:12:38,362 [INFO] CADModel:114 - Register for checkConnection events
2026-07-02 23:12:38,423 [INFO] OpenFileManager:386 - Restore cursor
2026-07-02 23:12:38,617 [WARN] IP:2250 - I2C_Coeff_DF not found: check if there is a RefParameter without a condition.
2026-07-02 23:12:38,617 [WARN] IP:2250 - Analog_Filter not found: check if there is a RefParameter without a condition.
2026-07-02 23:12:38,618 [WARN] IP:2250 - I2C_Coeff_DF not found: check if there is a RefParameter without a condition.
2026-07-02 23:12:38,618 [WARN] IP:2250 - Analog_Filter not found: check if there is a RefParameter without a condition.
2026-07-02 23:12:40,252 [INFO] LogOutputStream:77 - [STDOUT_REDIRECT] 
2026-07-02 23:12:41,228 [INFO] McuFinderGlobals:63 - Set McuFinder mode to 2 (CubeIDE integrated)
2026-07-02 23:12:41,229 [INFO] UserAuth:487 - Internet connection configuration mode: 1
2026-07-02 23:12:41,255 [INFO] JxBrowserEngine:152 - Initiate JxBrowser Engine with user profile folder
2026-07-02 23:12:44,540 [INFO] WebApp:169 - Instantiating new browser for Auth
2026-07-02 23:12:47,392 [INFO] WebApp:463 - Apply proxy settings
2026-07-02 23:12:47,394 [INFO] WebApp:548 - Chromium requires no authentication
2026-07-02 23:12:47,479 [INFO] WebApp:491 - Direct internet connection detected
2026-07-02 23:12:47,614 [INFO] WebApp:900 - Register for checkConnection events
2026-07-02 23:12:47,615 [INFO] WebApp:463 - Apply proxy settings
2026-07-02 23:12:47,615 [INFO] WebApp:548 - Chromium requires no authentication
2026-07-02 23:12:47,615 [INFO] WebApp:491 - Direct internet connection detected
2026-07-02 23:12:48,076 [INFO] WebApp:191 - Connection restablished
2026-07-02 23:12:48,293 [INFO] WebApp:225 - Starting web application
2026-07-02 23:12:48,294 [INFO] WebApp:593 - Web application path used C:\ST\STM32CubeIDE_1.19.0\STM32CubeIDE\plugins\com.st.stm32cube.common.mx_6.15.0.202507011659\db\plugins\mcufinder\reactClient1\index.html
2026-07-02 23:12:48,818 [INFO] UserAuth:487 - Internet connection configuration mode: 1
2026-07-02 23:14:06,976 [INFO] MainUpdater:2872 - connection check result : 10
2026-07-02 23:14:06,981 [INFO] McuFinderGlobals:76 - Set McuFinderConnectedMode to true
2026-07-02 23:14:08,337 [INFO] ServerAccessManage:452 - Complete download http(s) 200
2026-07-02 23:14:08,338 [INFO] ServerAccessManage:509 - Download File mcusAds.json._tmp_
2026-07-02 23:14:08,752 [INFO] LoadUrlFilesThread:156 - End of LoadUrlFiles Thread
2026-07-02 23:14:09,007 [INFO] ServerAccessManage:452 - Complete download http(s) 200
2026-07-02 23:14:09,008 [INFO] ServerAccessManage:509 - Download File cube-finder-db.zip
2026-07-02 23:14:10,288 [INFO] FileExtend:248 - Unzip File : cube-finder-db.zip
2026-07-02 23:14:10,288 [INFO] FileExtend:263 - Standard Zip Deflate
2026-07-02 23:14:11,553 [INFO] LoadUrlFilesThread:156 - End of LoadUrlFiles Thread
2026-07-02 23:14:32,676 [ERROR] ServerAccessManage:1295 - Problem during Server Connection :  IO error Connection timed out: getsockopt
2026-07-02 23:14:32,676 [ERROR] ServerAccessManage:740 - Problem during Server Connection :  : crdb.zip.
2026-07-02 23:15:16,008 [INFO] LoadUrlFilesThread:156 - End of LoadUrlFiles Thread
2026-07-02 23:15:17,106 [INFO] DbMcusAds:53 - JSON generation date=Thu May 28 12:08:17 EDT 2026 (1779984497073)
2026-07-02 23:15:17,111 [INFO] ApiDb:448 - Save user favorites file C:\Users\nickw/.stm32cubeide/favorites.mcus.txt: 0 item(s)
2026-07-02 23:15:17,111 [INFO] ApiDb:452 - User favorites MCUs=[]
2026-07-02 23:15:17,124 [INFO] ApiDb:581 - Connected to CubeFinder SQLite database (C:\Users\nickw\.stmcufinder\plugins\mcufinder\mcu\cube-finder-db.db)
2026-07-02 23:15:17,256 [INFO] ApiDb:668 - CubeFinder database Data Model version=2.1
2026-07-02 23:15:17,256 [INFO] ApiDb:669 - CubeFinder database Configuration version=3.0.42
2026-07-02 23:15:17,256 [INFO] ApiDb:670 - CubeFinder database generation date=2026-06-23 (1782213372)
2026-07-02 23:15:17,256 [INFO] ApiDb:671 - CubeFinder database FW Pack versions=[FP-ATR-ASTRA1_V2.0.0, FP-SNS-FLIGHT1_V5.1.0, FP-SNS-MOTENV1_V5.1.0, FP-SNS-MOTENVWB1_V1.5.0, FP-SNS-SMARTAG2_V1.2.0, FP-SNS-STBOX1_V2.1.0, STM32Cube_FW_C0_V1.4.0, STM32Cube_FW_F4_V1.28.3, STM32Cube_FW_F7_V1.17.4, STM32Cube_FW_G0_V1.6.3, STM32Cube_FW_G4_V1.6.2, STM32Cube_FW_H5_V1.7.0, STM32Cube_FW_H7RS_V1.3.0, STM32Cube_FW_H7_V1.13.0, STM32Cube_FW_L0_V1.12.2, STM32Cube_FW_L4_V1.18.2, STM32Cube_FW_L5_V1.6.0, STM32Cube_FW_N6_V1.4.0, STM32Cube_FW_U0_V1.3.0, STM32Cube_FW_U3_V1.4.0, STM32Cube_FW_U5_V1.9.0, STM32Cube_FW_WB0_V1.5.0, STM32Cube_FW_WBA_V1.10.0, STM32Cube_FW_WB_V1.24.0, STM32Cube_FW_WL3_V1.5.0, STM32Cube_FW_WL_V1.6.0, X-CUBE-ALGOBUILD_V1.5.0, X-CUBE-ALS_V1.0.2, X-CUBE-AZRTOS-F4_V1.1.0, X-CUBE-AZRTOS-F7_V1.1.0, X-CUBE-AZRTOS-G0_V1.1.0, X-CUBE-AZRTOS-G4_V2.0.0, X-CUBE-AZRTOS-H7RS_V1.1.0, X-CUBE-AZRTOS-H7_V3.5.0, X-CUBE-AZRTOS-L4_V2.0.0, X-CUBE-AZRTOS-L5_V2.0.0, X-CUBE-AZRTOS-WB_V2.0.0, X-CUBE-AZRTOS-WL_V2.0.0, X-CUBE-BLE1_V7.1.0, X-CUBE-BLE2_V3.3.0, X-CUBE-BLEMGR_V4.1.0, X-CUBE-EEPRMA1_V5.2.0, X-CUBE-FREERTOS_V1.5.0, X-CUBE-GNSS1_V7.1.1, X-CUBE-MEMS1_V12.1.0, X-CUBE-NFC4_V3.0.0, X-CUBE-NFC7_V2.0.0, X-CUBE-SFXS2LP1_V4.0.0, X-CUBE-ST67W61_V1.3.0, X-CUBE-SUBG2_V5.0.0, X-CUBE-TOF1_V3.4.3]
2026-07-02 23:15:20,750 [INFO] ApiDb:240 - Found 880 in-development CPN: [B-G473E-ZEST1S, B-WB1M-WPAN1, B-WBA5M-WPAN, B-WL5M-SUBG1, NUCLEO-C031C6, NUCLEO-C051C8, NUCLEO-C071RB, NUCLEO-C092RC, NUCLEO-H503RB, NUCLEO-H533RE, NUCLEO-H563ZI, NUCLEO-H7S3L8, NUCLEO-N657X0-Q, NUCLEO-U031R8, NUCLEO-U083RC, NUCLEO-U385RG-Q, NUCLEO-U545RE-Q, NUCLEO-U5A5ZJ-Q, NUCLEO-WB05KZ, NUCLEO-WB07CC, NUCLEO-WB09KE, NUCLEO-WBA52CG, NUCLEO-WBA55CG, NUCLEO-WL33CC1, NUCLEO-WL33CC2, STEVAL-PROTEUS1, STEVAL-SMARTAG2, STEVAL-STWINBX1, STM320518-EVAL, STM32C0116-DK, STM32C011D6Y3TR, STM32C011D6Y6TR, STM32C011F4P3, STM32C011F4P6, STM32C011F4U3, STM32C011F4U6TR, STM32C011F6P3, STM32C011F6P6, STM32C011F6U3, STM32C011F6U6TR, STM32C011J4M3, STM32C011J4M6, STM32C011J6M3, STM32C011J6M6, STM32C0316-DK, STM32C031C4T3, STM32C031C4T6, STM32C031C4U3, STM32C031C4U6, STM32C031C6T3, STM32C031C6T6, STM32C031C6U3, STM32C031C6U6, STM32C031F4P3, STM32C031F4P6, STM32C031F6P3, STM32C031F6P6, STM32C031G4U3, STM32C031G4U6, STM32C031G6U3, STM32C031G6U6, STM32C031K4T3, STM32C031K4T6, STM32C031K4U3, STM32C031K4U6, STM32C031K6T3, STM32C031K6T6, STM32C031K6U3, STM32C031K6U6, STM32C051C6T6, STM32C051C6U6, STM32C051C8T6, STM32C051C8U6, STM32C051D8Y6TR, STM32C051F6P6, STM32C051F8P6, STM32C051G6U6, STM32C051G8U6, STM32C051K6T6, STM32C051K6U6, STM32C051K8T6, STM32C071C8T6, STM32C071C8T6N, STM32C071C8U6, STM32C071C8U6N, STM32C071CBT6, STM32C071CBT6N, STM32C071CBU6, STM32C071CBU6N, STM32C071F8P6, STM32C071F8P6N, STM32C071FBP6, STM32C071FBP6N, STM32C071FBY6TR, STM32C071G8U6, STM32C071G8U6N, STM32C071GBU6, STM32C071GBU6N, STM32C071K8T6, STM32C071K8T6N, STM32C071K8U6, STM32C071K8U6N, STM32C071KBT6, STM32C071KBT6N, STM32C071KBU6, STM32C071KBU6N, STM32C071R8T6, STM32C071R8T6N, STM32C071RBI6N, STM32C071RBT6, STM32C071RBT6N, STM32C091CBT6, STM32C091CBU6, STM32C091CCT6, STM32C091CCU6, STM32C091ECY6TR, STM32C091FBP6, STM32C091FCP6, STM32C091GBU6, STM32C091GCU6, STM32C091KBT6, STM32C091KBU6, STM32C091KCT6, STM32C091KCU6, STM32C091RBT6, STM32C091RCI6, STM32C091RCT6, STM32C092CBT6, STM32C092CBU6, STM32C092CCT6, STM32C092CCU6, STM32C092ECY6TR, STM32C092FBP6, STM32C092FCP6, STM32C092GBU6, STM32C092GCU6, STM32C092KBT6, STM32C092KBU6, STM32C092KCT6, STM32C092KCU6, STM32C092RBT6, STM32C092RCI6, STM32C092RCT6, STM32G071K8TXN, STM32G071K8UXN, STM32G081GBU6N, STM32G081KBT6N, STM32G081KBUXN, STM32G0B1CCT6N, STM32G0B1KCT6, STM32G0B1NEY6TR, STM32G0B1RCT6N, STM32G0C1CCT6, STM32G0C1CCT6N, STM32G0C1CCU6N, STM32G0C1CET6N, STM32G0C1CEU6N, STM32G0C1KCT6, STM32G0C1NEY6TR, STM32G0C1RCI6N, STM32G0C1RCT6N, STM32G0C1REI6N, STM32G0C1RET6N, STM32G0C1VCI6, STM32G0C1VEI6, STM32G411C6T3, STM32G411C6T6, STM32G411C6U3, STM32G411C6U6, STM32G411C8T3, STM32G411C8T6, STM32G411C8U3, STM32G411C8U6, STM32G411CBT3, STM32G411CBT6, STM32G411CBU3, STM32G411CBU6, STM32G411K6T3, STM32G411K6T6, STM32G411K6U3, STM32G411K6U6, STM32G411K8T3, STM32G411K8T6, STM32G411K8U3, STM32G411K8U6, STM32G411KBT3, STM32G411KBT6, STM32G411KBU3, STM32G411KBU6, STM32G411M6T3, STM32G411M6T6, STM32G411M8T3, STM32G411M8T6, STM32G411MBT3, STM32G411MBT6, STM32G411R6T3, STM32G411R6T6, STM32G411R8T3, STM32G411R8T6, STM32G411RBT3, STM32G411RBT6, STM32G414CBT3, STM32G414CBT6, STM32G414CBU3, STM32G414CBU6, STM32G414CCT3, STM32G414CCT6, STM32G414CCU3, STM32G414CCU6, STM32G414MBT3, STM32G414MBT6, STM32G414MCT3, STM32G414MCT6, STM32G414RBT3, STM32G414RBT6, STM32G414RCT3, STM32G414RCT6, STM32G414VBT3, STM32G414VBT6, STM32G414VCT3, STM32G414VCT6, STM32G431CBT3Z, STM32G431RBT3Z, STM32G471CCT6, STM32G471CCU6, STM32G471CET3, STM32G471CET6, STM32G471CEU3, STM32G471CEU6, STM32G471MCT6, STM32G471MET3, STM32G471MET6, STM32G471MEY6TR, STM32G471QCT6, STM32G471QET3, STM32G471RCT6, STM32G471RET3, STM32G471RET6, STM32G471VCH6, STM32G471VCI6, STM32G471VCT6, STM32G471VEH3, STM32G471VEH6, STM32G471VEI3, STM32G471VEI6, STM32G471VET3, STM32G471VET6, STM32G473QET3Z, STM32G473RET3Z, STM32G474CCT6, STM32G491RET3Z, STM32H503CBT6, STM32H503CBU6, STM32H503EBY6TR, STM32H503KBU6, STM32H503RBT6, STM32H523CCT6, STM32H523CCU6, STM32H523CET6, STM32H523CEU6, STM32H523HEY6TR, STM32H523RCT6, STM32H523RET6, STM32H523VCI6, STM32H523VCT6, STM32H523VEI6, STM32H523VET6, STM32H523ZCJ6, STM32H523ZCT6, STM32H523ZEJ6, STM32H523ZET6, STM32H533CET6, STM32H533CEU6, STM32H533HEY6TR, STM32H533RET6, STM32H533VEI6, STM32H533VET6, STM32H533ZEJ6, STM32H533ZET6, STM32H562AGI6, STM32H562AII6, STM32H562IGK6, STM32H562IGT6, STM32H562IIK6, STM32H562IIT6, STM32H562RGT6, STM32H562RGV6, STM32H562RIT6, STM32H562RIV6, STM32H562VGT6, STM32H562VIT6, STM32H562ZGT6, STM32H562ZIT6, STM32H563AGI6, STM32H563AII3Q, STM32H563AII6, STM32H563IGK6, STM32H563IGT6, STM32H563IIK3Q, STM32H563IIK6, STM32H563IIT3Q, STM32H563IIT6, STM32H563MIY3QTR, STM32H563RGT6, STM32H563RGV6, STM32H563RIT6, STM32H563RIV6, STM32H563VGT6, STM32H563VIT3Q, STM32H563VIT6, STM32H563ZGT6, STM32H563ZIT3Q, STM32H563ZIT6, STM32H573AII3Q, STM32H573AII6, STM32H573I-DK, STM32H573IIK3Q, STM32H573IIK6, STM32H573IIT3Q, STM32H573IIT6, STM32H573MIY3QTR, STM32H573RIT6, STM32H573RIV6, STM32H573VIT3Q, STM32H573VIT6, STM32H573ZIT3Q, STM32H573ZIT6, STM32H7R3A8I6, STM32H7R3I8K6, STM32H7R3I8T6, STM32H7R3L8H6, STM32H7R3L8H6H, STM32H7R3R8V6, STM32H7R3V8H6, STM32H7R3V8T6, STM32H7R3V8Y6TR, STM32H7R3Z8J6, STM32H7R3Z8T6, STM32H7R7A8I6, STM32H7R7I8K6, STM32H7R7I8T6, STM32H7R7L8H6, STM32H7R7L8H6H, STM32H7R7Z8J6, STM32H7S3A8I6, STM32H7S3I8K6, STM32H7S3I8T6, STM32H7S3L8H6, STM32H7S3L8H6H, STM32H7S3R8V6, STM32H7S3V8H6, STM32H7S3V8T6, STM32H7S3V8Y6TR, STM32H7S3Z8J6, STM32H7S3Z8T6, STM32H7S78-DK, STM32H7S7A8I6, STM32H7S7I8K6, STM32H7S7I8T6, STM32H7S7L8H6, STM32H7S7L8H6H, STM32H7S7Z8J6, STM32L4R5QGI6STR, STM32MP131AAE3, STM32MP131AAF3, STM32MP131AAG3, STM32MP131CAE3, STM32MP131CAF3, STM32MP131CAG3, STM32MP131DAE7, STM32MP131DAF7, STM32MP131DAG7, STM32MP131FAE7, STM32MP131FAF7, STM32MP131FAG7, STM32MP133AAE3, STM32MP133AAF3, STM32MP133AAG3, STM32MP133CAE3, STM32MP133CAF3, STM32MP133CAG3, STM32MP133DAE7, STM32MP133DAF7, STM32MP133DAG7, STM32MP133FAE7, STM32MP133FAF7, STM32MP133FAG7, STM32MP135AAE3, STM32MP135AAF3, STM32MP135AAG3, STM32MP135CAE3, STM32MP135CAF3, STM32MP135CAG3, STM32MP135DAE7, STM32MP135DAF7, STM32MP135DAG7, STM32MP135F-DK, STM32MP135FAE7, STM32MP135FAF7, STM32MP135FAF7T, STM32MP135FAF7U, STM32MP135FAG7, STM32MP211AAL3, STM32MP211AAM3, STM32MP211AAN3, STM32MP211AAO3, STM32MP211CAL3, STM32MP211CAM3, STM32MP211CAN3, STM32MP211CAO3, STM32MP211DAL3, STM32MP211DAM3, STM32MP211DAN3, STM32MP211DAO3, STM32MP211FAL3, STM32MP211FAM3, STM32MP211FAN3, STM32MP211FAO3, STM32MP213AAL3, STM32MP213AAM3, STM32MP213AAN3, STM32MP213AAO3, STM32MP213CAL3, STM32MP213CAM3, STM32MP213CAN3, STM32MP213CAO3, STM32MP213DAL3, STM32MP213DAM3, STM32MP213DAN3, STM32MP213DAO3, STM32MP213FAL3, STM32MP213FAM3, STM32MP213FAN3, STM32MP213FAO3, STM32MP215AAL3, STM32MP215AAM3, STM32MP215AAN3, STM32MP215AAO3, STM32MP215CAL3, STM32MP215CAM3, STM32MP215CAN3, STM32MP215CAO3, STM32MP215DAL3, STM32MP215DAM3, STM32MP215DAN3, STM32MP215DAO3, STM32MP215F-DK, STM32MP215FAL3, STM32MP215FAM3, STM32MP215FAN3, STM32MP215FAO3, STM32MP231AAJ3, STM32MP231AAK3, STM32MP231AAL3, STM32MP231CAJ3, STM32MP231CAK3, STM32MP231CAL3, STM32MP231DAJ3, STM32MP231DAK3, STM32MP231DAL3, STM32MP231FAJ3, STM32MP231FAK3, STM32MP231FAL3, STM32MP233AAJ3, STM32MP233AAK3, STM32MP233AAL3, STM32MP233CAJ3, STM32MP233CAK3, STM32MP233CAL3, STM32MP233DAJ3, STM32MP233DAK3, STM32MP233DAL3, STM32MP233FAJ3, STM32MP233FAK3, STM32MP233FAL3, STM32MP235AAJ3, STM32MP235AAK3, STM32MP235AAL3, STM32MP235CAJ3, STM32MP235CAK3, STM32MP235CAL3, STM32MP235DAJ3, STM32MP235DAK3, STM32MP235DAL3, STM32MP235FAJ3, STM32MP235FAK3, STM32MP235FAL3, STM32MP251AAI3, STM32MP251AAK3, STM32MP251AAL3, STM32MP251CAI3, STM32MP251CAK3, STM32MP251CAL3, STM32MP251DAI3, STM32MP251DAK3, STM32MP251DAL3, STM32MP251FAI3, STM32MP251FAK3, STM32MP251FAL3, STM32MP253AAI3, STM32MP253AAK3, STM32MP253AAL3, STM32MP253CAI3, STM32MP253CAK3, STM32MP253CAL3, STM32MP253DAI3, STM32MP253DAK3, STM32MP253DAL3, STM32MP253FAI3, STM32MP253FAK3, STM32MP253FAL3, STM32MP255AAI3, STM32MP255AAK3, STM32MP255AAL3, STM32MP255CAI3, STM32MP255CAK3, STM32MP255CAL3, STM32MP255DAI3, STM32MP255DAK3, STM32MP255DAL3, STM32MP255FAI3, STM32MP255FAK3, STM32MP255FAL3, STM32MP257AAI3, STM32MP257AAK3, STM32MP257AAL3, STM32MP257CAI3, STM32MP257CAK3, STM32MP257CAL3, STM32MP257DAI3, STM32MP257DAK3, STM32MP257DAL3, STM32MP257F-DK, STM32MP257F-EV1, STM32MP257FAI3, STM32MP257FAK3, STM32MP257FAL3, STM32N645A0H3Q, STM32N645B0H3Q, STM32N645I0H3Q, STM32N645L0H3Q, STM32N645X0H3Q, STM32N645Z0H3Q, STM32N647A0H3Q, STM32N647B0H3Q, STM32N647I0H3Q, STM32N647L0H3Q, STM32N647X0H3Q, STM32N647Z0H3Q, STM32N655A0H3Q, STM32N655B0H3Q, STM32N655I0H3Q, STM32N655L0H3Q, STM32N655X0H3Q, STM32N655Z0H3Q, STM32N6570-DK, STM32N657A0H3Q, STM32N657B0H3Q, STM32N657I0H3Q, STM32N657L0H3Q, STM32N657X0H3Q, STM32N657Z0H3Q, STM32U031C6T6, STM32U031C6U6, STM32U031C8T6, STM32U031C8U6, STM32U031F4P6, STM32U031F6P6, STM32U031F8P6, STM32U031G6Y6TR, STM32U031G8Y6TR, STM32U031K4U6, STM32U031K6U6, STM32U031K8U6, STM32U031R6I6, STM32U031R6T6, STM32U031R8I6, STM32U031R8T6, STM32U073C8T6, STM32U073C8U6, STM32U073CBT6, STM32U073CBU6, STM32U073CCT6, STM32U073CCU6, STM32U073H8Y6TR, STM32U073HBY6TR, STM32U073HCY6TR, STM32U073K8U6, STM32U073KBU6, STM32U073KCU6, STM32U073M8I6, STM32U073M8T6, STM32U073MBI6, STM32U073MBT6, STM32U073MCI6, STM32U073MCT6, STM32U073R8I6, STM32U073R8T6, STM32U073RBI6, STM32U073RBT6, STM32U073RCI6, STM32U073RCT6, STM32U083C-DK, STM32U083CCT6, STM32U083CCU6, STM32U083HCY6TR, STM32U083KCU6, STM32U083MCI6, STM32U083MCT6, STM32U083RCI6, STM32U083RCT6, STM32U375CET6, STM32U375CET6Q, STM32U375CEU6, STM32U375CEU6Q, STM32U375CEY6QTR, STM32U375CGT6, STM32U375CGT6Q, STM32U375CGU6, STM32U375CGU6Q, STM32U375CGY6QTR, STM32U375KEU6, STM32U375KGU6, STM32U375REI6, STM32U375REI6Q, STM32U375RET6, STM32U375RET6Q, STM32U375REY6GTR, STM32U375REY6QTR, STM32U375RGI6, STM32U375RGI6Q, STM32U375RGT6, STM32U375RGT6Q, STM32U375RGY6GTR, STM32U375RGY6QTR, STM32U375VEI6, STM32U375VEI6Q, STM32U375VET6, STM32U375VET6Q, STM32U375VGI6, STM32U375VGI6Q, STM32U375VGT6, STM32U375VGT6Q, STM32U385CGT6, STM32U385CGT6Q, STM32U385CGU6, STM32U385CGU6Q, STM32U385CGY6QTR, STM32U385KGU6, STM32U385RGI6, STM32U385RGI6Q, STM32U385RGT6, STM32U385RGT6Q, STM32U385RGY6GTR, STM32U385RGY6QTR, STM32U385VGI6, STM32U385VGI6Q, STM32U385VGT6, STM32U385VGT6Q, STM32U535CBT6, STM32U535CBT6Q, STM32U535CBU6, STM32U535CBU6Q, STM32U535CCT6, STM32U535CCT6Q, STM32U535CCU6, STM32U535CCU6Q, STM32U535CET6, STM32U535CET6Q, STM32U535CEU6, STM32U535CEU6Q, STM32U535JEY6QTR, STM32U535NCY6QTR, STM32U535NEY6QTR, STM32U535RBI6, STM32U535RBI6Q, STM32U535RBT6, STM32U535RBT6Q, STM32U535RCI6, STM32U535RCI6Q, STM32U535RCT6, STM32U535RCT6Q, STM32U535REI6, STM32U535REI6Q, STM32U535RET6, STM32U535RET6Q, STM32U535VCI6, STM32U535VCI6Q, STM32U535VCT6, STM32U535VCT6Q, STM32U535VEI6, STM32U535VEI6Q, STM32U535VET6, STM32U535VET6Q, STM32U545CET6, STM32U545CET6Q, STM32U545CEU6, STM32U545CEU6Q, STM32U545JEY6QTR, STM32U545NEY6QTR, STM32U545REI6, STM32U545REI6Q, STM32U545RET6, STM32U545RET6Q, STM32U545VEI6, STM32U545VEI6Q, STM32U545VET6, STM32U545VET6Q, STM32U595AIH6, STM32U595AIH6Q, STM32U595AJH6, STM32U595AJH6Q, STM32U595QII6, STM32U595QII6Q, STM32U595QJI6, STM32U595QJI6Q, STM32U595RIT6, STM32U595RIT6Q, STM32U595RJT6, STM32U595RJT6Q, STM32U595VIT6, STM32U595VIT6Q, STM32U595VJT6, STM32U595VJT6Q, STM32U595ZIT6, STM32U595ZIT6Q, STM32U595ZIY6QTR, STM32U595ZJT6, STM32U595ZJT6Q, STM32U595ZJY6QTR, STM32U599BJY6QTR, STM32U599NIH6Q, STM32U599NJH6Q, STM32U599VIT6Q, STM32U599VJT6, STM32U599VJT6Q, STM32U599ZIT6Q, STM32U599ZIY6QTR, STM32U599ZJT6Q, STM32U599ZJY6QTR, STM32U5A5AJH6, STM32U5A5AJH6Q, STM32U5A5QII3Q , STM32U5A5QJI6, STM32U5A5QJI6Q, STM32U5A5RJT6, STM32U5A5RJT6Q, STM32U5A5VJT6, STM32U5A5VJT6Q, STM32U5A5ZJT6, STM32U5A5ZJT6Q, STM32U5A5ZJY6QTR, STM32U5A9BJY6QTR, STM32U5A9J-DK, STM32U5A9NJH6Q, STM32U5A9VJT6Q, STM32U5A9ZJT6Q, STM32U5A9ZJY6QTR, STM32U5F7VIT6, STM32U5F7VIT6Q, STM32U5F7VJT6, STM32U5F7VJT6Q, STM32U5F9BJY6QTR, STM32U5F9NJH6Q, STM32U5F9VIT6Q, STM32U5F9VJT6Q, STM32U5F9ZIJ6QTR, STM32U5F9ZIT6Q, STM32U5F9ZJJ6QTR, STM32U5F9ZJT6Q, STM32U5G7VJT6, STM32U5G7VJT6Q, STM32U5G9BJY6QTR, STM32U5G9J-DK1, STM32U5G9J-DK2, STM32U5G9NJH6Q, STM32U5G9VJT6Q, STM32U5G9ZJJ6QTR, STM32U5G9ZJT6Q, STM32WB05KZV6TR, STM32WB05KZV7TR, STM32WB05TZF6TR, STM32WB05TZF7TR, STM32WB06CCF6TR, STM32WB06CCF7TR, STM32WB06CCV6TR, STM32WB06CCV7TR, STM32WB06KCV6TR, STM32WB06KCV7TR, STM32WB07CCF6TR, STM32WB07CCF7TR, STM32WB07CCV6TR, STM32WB07CCV7TR, STM32WB07KCV6TR, STM32WB07KCV7TR, STM32WB09KEV6TR, STM32WB09KEV7TR, STM32WB09TEF6TR, STM32WB09TEF7TR, STM32WB1MMCH6, STM32WBA50KGU6, STM32WBA50KGU6TR, STM32WBA52CEU6, STM32WBA52CEU6TR, STM32WBA52CEU7, STM32WBA52CEU7TR, STM32WBA52CGU6, STM32WBA52CGU6TR, STM32WBA52CGU6U, STM32WBA52CGU7, STM32WBA52CGU7TR, STM32WBA52KEU6, STM32WBA52KEU6TR, STM32WBA52KGU6, STM32WBA52KGU6TR, STM32WBA54CEU6, STM32WBA54CEU6TR, STM32WBA54CEU7, STM32WBA54CEU7TR, STM32WBA54CGU6, STM32WBA54CGU6TR, STM32WBA54CGU7, STM32WBA54CGU7TR, STM32WBA54KEU6, STM32WBA54KEU6TR, STM32WBA54KEU7, STM32WBA54KEU7TR, STM32WBA54KGU6, STM32WBA54KGU6TR, STM32WBA54KGU7, STM32WBA54KGU7TR, STM32WBA55CEU6, STM32WBA55CEU6TR, STM32WBA55CEU7, STM32WBA55CEU7TR, STM32WBA55CGU6, STM32WBA55CGU6TR, STM32WBA55CGU6U, STM32WBA55CGU7, STM32WBA55CGU7TR, STM32WBA55G-DK1, STM32WBA55HEF6, STM32WBA55HEF7, STM32WBA55HGF6, STM32WBA55HGF7, STM32WBA55UEI6, STM32WBA55UEI6TR, STM32WBA55UEI7, STM32WBA55UEI7TR, STM32WBA55UGI6, STM32WBA55UGI6TR, STM32WBA55UGI7, STM32WBA55UGI7TR, STM32WBA5MMGH6TR, STM32WBA62MGF6, STM32WBA62MIF6, STM32WBA65MGF7, STM32WBA65MIF6, STM32WBA65MIF7, STM32WL30K8V6, STM32WL30KBV6, STM32WL31C8V6, STM32WL31CBV6, STM32WL31K8V6, STM32WL31KBV6, STM32WL33C8V6, STM32WL33C8V6X, STM32WL33CBV6, STM32WL33CBV6X, STM32WL33CCV6, STM32WL33CCV6A, STM32WL33CCV6X, STM32WL33K8V7, STM32WL33K8V7X, STM32WL33KBV7 , STM32WL33KBV7X, STM32WL33KCV7, STM32WL33KCV7X, STM32WL5MOCH6, STM32WL5MOCH6TR]
2026-07-02 23:15:20,755 [INFO] DbMcus:218 - Found 5250 MCUs, 5097 are supported
2026-07-02 23:15:20,756 [INFO] ApiDb:423 - Load user favorites file C:\Users\nickw/.stm32cubeide/favorites.mcus.txt: 0 item(s)
2026-07-02 23:15:20,756 [INFO] ApiDb:427 - User favorites MCUs=[]
2026-07-02 23:15:20,756 [INFO] DbMcus:224 - Set 0 / 0 favorites MCUs
2026-07-02 23:15:21,539 [INFO] ApiDb:448 - Save user favorites file C:\Users\nickw/.stm32cubeide/favorites.boards.txt: 0 item(s)
2026-07-02 23:15:21,540 [INFO] ApiDb:452 - User favorites Boards=[]
2026-07-02 23:15:21,541 [INFO] ApiDb:581 - Connected to CubeFinder SQLite database (C:\Users\nickw\.stmcufinder\plugins\mcufinder\mcu\cube-finder-db.db)
2026-07-02 23:15:21,645 [INFO] ApiDb:668 - CubeFinder database Data Model version=2.1
2026-07-02 23:15:21,645 [INFO] ApiDb:669 - CubeFinder database Configuration version=3.0.42
2026-07-02 23:15:21,645 [INFO] ApiDb:670 - CubeFinder database generation date=2026-06-23 (1782213372)
2026-07-02 23:15:21,645 [INFO] ApiDb:671 - CubeFinder database FW Pack versions=[FP-ATR-ASTRA1_V2.0.0, FP-SNS-FLIGHT1_V5.1.0, FP-SNS-MOTENV1_V5.1.0, FP-SNS-MOTENVWB1_V1.5.0, FP-SNS-SMARTAG2_V1.2.0, FP-SNS-STBOX1_V2.1.0, STM32Cube_FW_C0_V1.4.0, STM32Cube_FW_F4_V1.28.3, STM32Cube_FW_F7_V1.17.4, STM32Cube_FW_G0_V1.6.3, STM32Cube_FW_G4_V1.6.2, STM32Cube_FW_H5_V1.7.0, STM32Cube_FW_H7RS_V1.3.0, STM32Cube_FW_H7_V1.13.0, STM32Cube_FW_L0_V1.12.2, STM32Cube_FW_L4_V1.18.2, STM32Cube_FW_L5_V1.6.0, STM32Cube_FW_N6_V1.4.0, STM32Cube_FW_U0_V1.3.0, STM32Cube_FW_U3_V1.4.0, STM32Cube_FW_U5_V1.9.0, STM32Cube_FW_WB0_V1.5.0, STM32Cube_FW_WBA_V1.10.0, STM32Cube_FW_WB_V1.24.0, STM32Cube_FW_WL3_V1.5.0, STM32Cube_FW_WL_V1.6.0, X-CUBE-ALGOBUILD_V1.5.0, X-CUBE-ALS_V1.0.2, X-CUBE-AZRTOS-F4_V1.1.0, X-CUBE-AZRTOS-F7_V1.1.0, X-CUBE-AZRTOS-G0_V1.1.0, X-CUBE-AZRTOS-G4_V2.0.0, X-CUBE-AZRTOS-H7RS_V1.1.0, X-CUBE-AZRTOS-H7_V3.5.0, X-CUBE-AZRTOS-L4_V2.0.0, X-CUBE-AZRTOS-L5_V2.0.0, X-CUBE-AZRTOS-WB_V2.0.0, X-CUBE-AZRTOS-WL_V2.0.0, X-CUBE-BLE1_V7.1.0, X-CUBE-BLE2_V3.3.0, X-CUBE-BLEMGR_V4.1.0, X-CUBE-EEPRMA1_V5.2.0, X-CUBE-FREERTOS_V1.5.0, X-CUBE-GNSS1_V7.1.1, X-CUBE-MEMS1_V12.1.0, X-CUBE-NFC4_V3.0.0, X-CUBE-NFC7_V2.0.0, X-CUBE-SFXS2LP1_V4.0.0, X-CUBE-ST67W61_V1.3.0, X-CUBE-SUBG2_V5.0.0, X-CUBE-TOF1_V3.4.3]
2026-07-02 23:15:21,722 [INFO] DbBoardsSqlite:226 - include board P-NUCLEO-WB55-NUCLEO as a kit item of type 'Nucleo-64'
2026-07-02 23:15:21,722 [INFO] DbBoardsSqlite:226 - include board P-NUCLEO-WB55-USBDONGLE as a kit item of type 'Nucleo USB Dongle'
2026-07-02 23:15:21,723 [INFO] DbBoardsSqlite:226 - include board STEVAL-IDP005V1 as a kit item of type 'Evaluation Board'
2026-07-02 23:15:21,723 [INFO] DbBoardsSqlite:226 - include board STEVAL-IDP005V2 as a kit item of type 'Evaluation Board'
2026-07-02 23:15:21,854 [INFO] ApiDb:240 - Found 880 in-development CPN: [B-G473E-ZEST1S, B-WB1M-WPAN1, B-WBA5M-WPAN, B-WL5M-SUBG1, NUCLEO-C031C6, NUCLEO-C051C8, NUCLEO-C071RB, NUCLEO-C092RC, NUCLEO-H503RB, NUCLEO-H533RE, NUCLEO-H563ZI, NUCLEO-H7S3L8, NUCLEO-N657X0-Q, NUCLEO-U031R8, NUCLEO-U083RC, NUCLEO-U385RG-Q, NUCLEO-U545RE-Q, NUCLEO-U5A5ZJ-Q, NUCLEO-WB05KZ, NUCLEO-WB07CC, NUCLEO-WB09KE, NUCLEO-WBA52CG, NUCLEO-WBA55CG, NUCLEO-WL33CC1, NUCLEO-WL33CC2, STEVAL-PROTEUS1, STEVAL-SMARTAG2, STEVAL-STWINBX1, STM320518-EVAL, STM32C0116-DK, STM32C011D6Y3TR, STM32C011D6Y6TR, STM32C011F4P3, STM32C011F4P6, STM32C011F4U3, STM32C011F4U6TR, STM32C011F6P3, STM32C011F6P6, STM32C011F6U3, STM32C011F6U6TR, STM32C011J4M3, STM32C011J4M6, STM32C011J6M3, STM32C011J6M6, STM32C0316-DK, STM32C031C4T3, STM32C031C4T6, STM32C031C4U3, STM32C031C4U6, STM32C031C6T3, STM32C031C6T6, STM32C031C6U3, STM32C031C6U6, STM32C031F4P3, STM32C031F4P6, STM32C031F6P3, STM32C031F6P6, STM32C031G4U3, STM32C031G4U6, STM32C031G6U3, STM32C031G6U6, STM32C031K4T3, STM32C031K4T6, STM32C031K4U3, STM32C031K4U6, STM32C031K6T3, STM32C031K6T6, STM32C031K6U3, STM32C031K6U6, STM32C051C6T6, STM32C051C6U6, STM32C051C8T6, STM32C051C8U6, STM32C051D8Y6TR, STM32C051F6P6, STM32C051F8P6, STM32C051G6U6, STM32C051G8U6, STM32C051K6T6, STM32C051K6U6, STM32C051K8T6, STM32C071C8T6, STM32C071C8T6N, STM32C071C8U6, STM32C071C8U6N, STM32C071CBT6, STM32C071CBT6N, STM32C071CBU6, STM32C071CBU6N, STM32C071F8P6, STM32C071F8P6N, STM32C071FBP6, STM32C071FBP6N, STM32C071FBY6TR, STM32C071G8U6, STM32C071G8U6N, STM32C071GBU6, STM32C071GBU6N, STM32C071K8T6, STM32C071K8T6N, STM32C071K8U6, STM32C071K8U6N, STM32C071KBT6, STM32C071KBT6N, STM32C071KBU6, STM32C071KBU6N, STM32C071R8T6, STM32C071R8T6N, STM32C071RBI6N, STM32C071RBT6, STM32C071RBT6N, STM32C091CBT6, STM32C091CBU6, STM32C091CCT6, STM32C091CCU6, STM32C091ECY6TR, STM32C091FBP6, STM32C091FCP6, STM32C091GBU6, STM32C091GCU6, STM32C091KBT6, STM32C091KBU6, STM32C091KCT6, STM32C091KCU6, STM32C091RBT6, STM32C091RCI6, STM32C091RCT6, STM32C092CBT6, STM32C092CBU6, STM32C092CCT6, STM32C092CCU6, STM32C092ECY6TR, STM32C092FBP6, STM32C092FCP6, STM32C092GBU6, STM32C092GCU6, STM32C092KBT6, STM32C092KBU6, STM32C092KCT6, STM32C092KCU6, STM32C092RBT6, STM32C092RCI6, STM32C092RCT6, STM32G071K8TXN, STM32G071K8UXN, STM32G081GBU6N, STM32G081KBT6N, STM32G081KBUXN, STM32G0B1CCT6N, STM32G0B1KCT6, STM32G0B1NEY6TR, STM32G0B1RCT6N, STM32G0C1CCT6, STM32G0C1CCT6N, STM32G0C1CCU6N, STM32G0C1CET6N, STM32G0C1CEU6N, STM32G0C1KCT6, STM32G0C1NEY6TR, STM32G0C1RCI6N, STM32G0C1RCT6N, STM32G0C1REI6N, STM32G0C1RET6N, STM32G0C1VCI6, STM32G0C1VEI6, STM32G411C6T3, STM32G411C6T6, STM32G411C6U3, STM32G411C6U6, STM32G411C8T3, STM32G411C8T6, STM32G411C8U3, STM32G411C8U6, STM32G411CBT3, STM32G411CBT6, STM32G411CBU3, STM32G411CBU6, STM32G411K6T3, STM32G411K6T6, STM32G411K6U3, STM32G411K6U6, STM32G411K8T3, STM32G411K8T6, STM32G411K8U3, STM32G411K8U6, STM32G411KBT3, STM32G411KBT6, STM32G411KBU3, STM32G411KBU6, STM32G411M6T3, STM32G411M6T6, STM32G411M8T3, STM32G411M8T6, STM32G411MBT3, STM32G411MBT6, STM32G411R6T3, STM32G411R6T6, STM32G411R8T3, STM32G411R8T6, STM32G411RBT3, STM32G411RBT6, STM32G414CBT3, STM32G414CBT6, STM32G414CBU3, STM32G414CBU6, STM32G414CCT3, STM32G414CCT6, STM32G414CCU3, STM32G414CCU6, STM32G414MBT3, STM32G414MBT6, STM32G414MCT3, STM32G414MCT6, STM32G414RBT3, STM32G414RBT6, STM32G414RCT3, STM32G414RCT6, STM32G414VBT3, STM32G414VBT6, STM32G414VCT3, STM32G414VCT6, STM32G431CBT3Z, STM32G431RBT3Z, STM32G471CCT6, STM32G471CCU6, STM32G471CET3, STM32G471CET6, STM32G471CEU3, STM32G471CEU6, STM32G471MCT6, STM32G471MET3, STM32G471MET6, STM32G471MEY6TR, STM32G471QCT6, STM32G471QET3, STM32G471RCT6, STM32G471RET3, STM32G471RET6, STM32G471VCH6, STM32G471VCI6, STM32G471VCT6, STM32G471VEH3, STM32G471VEH6, STM32G471VEI3, STM32G471VEI6, STM32G471VET3, STM32G471VET6, STM32G473QET3Z, STM32G473RET3Z, STM32G474CCT6, STM32G491RET3Z, STM32H503CBT6, STM32H503CBU6, STM32H503EBY6TR, STM32H503KBU6, STM32H503RBT6, STM32H523CCT6, STM32H523CCU6, STM32H523CET6, STM32H523CEU6, STM32H523HEY6TR, STM32H523RCT6, STM32H523RET6, STM32H523VCI6, STM32H523VCT6, STM32H523VEI6, STM32H523VET6, STM32H523ZCJ6, STM32H523ZCT6, STM32H523ZEJ6, STM32H523ZET6, STM32H533CET6, STM32H533CEU6, STM32H533HEY6TR, STM32H533RET6, STM32H533VEI6, STM32H533VET6, STM32H533ZEJ6, STM32H533ZET6, STM32H562AGI6, STM32H562AII6, STM32H562IGK6, STM32H562IGT6, STM32H562IIK6, STM32H562IIT6, STM32H562RGT6, STM32H562RGV6, STM32H562RIT6, STM32H562RIV6, STM32H562VGT6, STM32H562VIT6, STM32H562ZGT6, STM32H562ZIT6, STM32H563AGI6, STM32H563AII3Q, STM32H563AII6, STM32H563IGK6, STM32H563IGT6, STM32H563IIK3Q, STM32H563IIK6, STM32H563IIT3Q, STM32H563IIT6, STM32H563MIY3QTR, STM32H563RGT6, STM32H563RGV6, STM32H563RIT6, STM32H563RIV6, STM32H563VGT6, STM32H563VIT3Q, STM32H563VIT6, STM32H563ZGT6, STM32H563ZIT3Q, STM32H563ZIT6, STM32H573AII3Q, STM32H573AII6, STM32H573I-DK, STM32H573IIK3Q, STM32H573IIK6, STM32H573IIT3Q, STM32H573IIT6, STM32H573MIY3QTR, STM32H573RIT6, STM32H573RIV6, STM32H573VIT3Q, STM32H573VIT6, STM32H573ZIT3Q, STM32H573ZIT6, STM32H7R3A8I6, STM32H7R3I8K6, STM32H7R3I8T6, STM32H7R3L8H6, STM32H7R3L8H6H, STM32H7R3R8V6, STM32H7R3V8H6, STM32H7R3V8T6, STM32H7R3V8Y6TR, STM32H7R3Z8J6, STM32H7R3Z8T6, STM32H7R7A8I6, STM32H7R7I8K6, STM32H7R7I8T6, STM32H7R7L8H6, STM32H7R7L8H6H, STM32H7R7Z8J6, STM32H7S3A8I6, STM32H7S3I8K6, STM32H7S3I8T6, STM32H7S3L8H6, STM32H7S3L8H6H, STM32H7S3R8V6, STM32H7S3V8H6, STM32H7S3V8T6, STM32H7S3V8Y6TR, STM32H7S3Z8J6, STM32H7S3Z8T6, STM32H7S78-DK, STM32H7S7A8I6, STM32H7S7I8K6, STM32H7S7I8T6, STM32H7S7L8H6, STM32H7S7L8H6H, STM32H7S7Z8J6, STM32L4R5QGI6STR, STM32MP131AAE3, STM32MP131AAF3, STM32MP131AAG3, STM32MP131CAE3, STM32MP131CAF3, STM32MP131CAG3, STM32MP131DAE7, STM32MP131DAF7, STM32MP131DAG7, STM32MP131FAE7, STM32MP131FAF7, STM32MP131FAG7, STM32MP133AAE3, STM32MP133AAF3, STM32MP133AAG3, STM32MP133CAE3, STM32MP133CAF3, STM32MP133CAG3, STM32MP133DAE7, STM32MP133DAF7, STM32MP133DAG7, STM32MP133FAE7, STM32MP133FAF7, STM32MP133FAG7, STM32MP135AAE3, STM32MP135AAF3, STM32MP135AAG3, STM32MP135CAE3, STM32MP135CAF3, STM32MP135CAG3, STM32MP135DAE7, STM32MP135DAF7, STM32MP135DAG7, STM32MP135F-DK, STM32MP135FAE7, STM32MP135FAF7, STM32MP135FAF7T, STM32MP135FAF7U, STM32MP135FAG7, STM32MP211AAL3, STM32MP211AAM3, STM32MP211AAN3, STM32MP211AAO3, STM32MP211CAL3, STM32MP211CAM3, STM32MP211CAN3, STM32MP211CAO3, STM32MP211DAL3, STM32MP211DAM3, STM32MP211DAN3, STM32MP211DAO3, STM32MP211FAL3, STM32MP211FAM3, STM32MP211FAN3, STM32MP211FAO3, STM32MP213AAL3, STM32MP213AAM3, STM32MP213AAN3, STM32MP213AAO3, STM32MP213CAL3, STM32MP213CAM3, STM32MP213CAN3, STM32MP213CAO3, STM32MP213DAL3, STM32MP213DAM3, STM32MP213DAN3, STM32MP213DAO3, STM32MP213FAL3, STM32MP213FAM3, STM32MP213FAN3, STM32MP213FAO3, STM32MP215AAL3, STM32MP215AAM3, STM32MP215AAN3, STM32MP215AAO3, STM32MP215CAL3, STM32MP215CAM3, STM32MP215CAN3, STM32MP215CAO3, STM32MP215DAL3, STM32MP215DAM3, STM32MP215DAN3, STM32MP215DAO3, STM32MP215F-DK, STM32MP215FAL3, STM32MP215FAM3, STM32MP215FAN3, STM32MP215FAO3, STM32MP231AAJ3, STM32MP231AAK3, STM32MP231AAL3, STM32MP231CAJ3, STM32MP231CAK3, STM32MP231CAL3, STM32MP231DAJ3, STM32MP231DAK3, STM32MP231DAL3, STM32MP231FAJ3, STM32MP231FAK3, STM32MP231FAL3, STM32MP233AAJ3, STM32MP233AAK3, STM32MP233AAL3, STM32MP233CAJ3, STM32MP233CAK3, STM32MP233CAL3, STM32MP233DAJ3, STM32MP233DAK3, STM32MP233DAL3, STM32MP233FAJ3, STM32MP233FAK3, STM32MP233FAL3, STM32MP235AAJ3, STM32MP235AAK3, STM32MP235AAL3, STM32MP235CAJ3, STM32MP235CAK3, STM32MP235CAL3, STM32MP235DAJ3, STM32MP235DAK3, STM32MP235DAL3, STM32MP235FAJ3, STM32MP235FAK3, STM32MP235FAL3, STM32MP251AAI3, STM32MP251AAK3, STM32MP251AAL3, STM32MP251CAI3, STM32MP251CAK3, STM32MP251CAL3, STM32MP251DAI3, STM32MP251DAK3, STM32MP251DAL3, STM32MP251FAI3, STM32MP251FAK3, STM32MP251FAL3, STM32MP253AAI3, STM32MP253AAK3, STM32MP253AAL3, STM32MP253CAI3, STM32MP253CAK3, STM32MP253CAL3, STM32MP253DAI3, STM32MP253DAK3, STM32MP253DAL3, STM32MP253FAI3, STM32MP253FAK3, STM32MP253FAL3, STM32MP255AAI3, STM32MP255AAK3, STM32MP255AAL3, STM32MP255CAI3, STM32MP255CAK3, STM32MP255CAL3, STM32MP255DAI3, STM32MP255DAK3, STM32MP255DAL3, STM32MP255FAI3, STM32MP255FAK3, STM32MP255FAL3, STM32MP257AAI3, STM32MP257AAK3, STM32MP257AAL3, STM32MP257CAI3, STM32MP257CAK3, STM32MP257CAL3, STM32MP257DAI3, STM32MP257DAK3, STM32MP257DAL3, STM32MP257F-DK, STM32MP257F-EV1, STM32MP257FAI3, STM32MP257FAK3, STM32MP257FAL3, STM32N645A0H3Q, STM32N645B0H3Q, STM32N645I0H3Q, STM32N645L0H3Q, STM32N645X0H3Q, STM32N645Z0H3Q, STM32N647A0H3Q, STM32N647B0H3Q, STM32N647I0H3Q, STM32N647L0H3Q, STM32N647X0H3Q, STM32N647Z0H3Q, STM32N655A0H3Q, STM32N655B0H3Q, STM32N655I0H3Q, STM32N655L0H3Q, STM32N655X0H3Q, STM32N655Z0H3Q, STM32N6570-DK, STM32N657A0H3Q, STM32N657B0H3Q, STM32N657I0H3Q, STM32N657L0H3Q, STM32N657X0H3Q, STM32N657Z0H3Q, STM32U031C6T6, STM32U031C6U6, STM32U031C8T6, STM32U031C8U6, STM32U031F4P6, STM32U031F6P6, STM32U031F8P6, STM32U031G6Y6TR, STM32U031G8Y6TR, STM32U031K4U6, STM32U031K6U6, STM32U031K8U6, STM32U031R6I6, STM32U031R6T6, STM32U031R8I6, STM32U031R8T6, STM32U073C8T6, STM32U073C8U6, STM32U073CBT6, STM32U073CBU6, STM32U073CCT6, STM32U073CCU6, STM32U073H8Y6TR, STM32U073HBY6TR, STM32U073HCY6TR, STM32U073K8U6, STM32U073KBU6, STM32U073KCU6, STM32U073M8I6, STM32U073M8T6, STM32U073MBI6, STM32U073MBT6, STM32U073MCI6, STM32U073MCT6, STM32U073R8I6, STM32U073R8T6, STM32U073RBI6, STM32U073RBT6, STM32U073RCI6, STM32U073RCT6, STM32U083C-DK, STM32U083CCT6, STM32U083CCU6, STM32U083HCY6TR, STM32U083KCU6, STM32U083MCI6, STM32U083MCT6, STM32U083RCI6, STM32U083RCT6, STM32U375CET6, STM32U375CET6Q, STM32U375CEU6, STM32U375CEU6Q, STM32U375CEY6QTR, STM32U375CGT6, STM32U375CGT6Q, STM32U375CGU6, STM32U375CGU6Q, STM32U375CGY6QTR, STM32U375KEU6, STM32U375KGU6, STM32U375REI6, STM32U375REI6Q, STM32U375RET6, STM32U375RET6Q, STM32U375REY6GTR, STM32U375REY6QTR, STM32U375RGI6, STM32U375RGI6Q, STM32U375RGT6, STM32U375RGT6Q, STM32U375RGY6GTR, STM32U375RGY6QTR, STM32U375VEI6, STM32U375VEI6Q, STM32U375VET6, STM32U375VET6Q, STM32U375VGI6, STM32U375VGI6Q, STM32U375VGT6, STM32U375VGT6Q, STM32U385CGT6, STM32U385CGT6Q, STM32U385CGU6, STM32U385CGU6Q, STM32U385CGY6QTR, STM32U385KGU6, STM32U385RGI6, STM32U385RGI6Q, STM32U385RGT6, STM32U385RGT6Q, STM32U385RGY6GTR, STM32U385RGY6QTR, STM32U385VGI6, STM32U385VGI6Q, STM32U385VGT6, STM32U385VGT6Q, STM32U535CBT6, STM32U535CBT6Q, STM32U535CBU6, STM32U535CBU6Q, STM32U535CCT6, STM32U535CCT6Q, STM32U535CCU6, STM32U535CCU6Q, STM32U535CET6, STM32U535CET6Q, STM32U535CEU6, STM32U535CEU6Q, STM32U535JEY6QTR, STM32U535NCY6QTR, STM32U535NEY6QTR, STM32U535RBI6, STM32U535RBI6Q, STM32U535RBT6, STM32U535RBT6Q, STM32U535RCI6, STM32U535RCI6Q, STM32U535RCT6, STM32U535RCT6Q, STM32U535REI6, STM32U535REI6Q, STM32U535RET6, STM32U535RET6Q, STM32U535VCI6, STM32U535VCI6Q, STM32U535VCT6, STM32U535VCT6Q, STM32U535VEI6, STM32U535VEI6Q, STM32U535VET6, STM32U535VET6Q, STM32U545CET6, STM32U545CET6Q, STM32U545CEU6, STM32U545CEU6Q, STM32U545JEY6QTR, STM32U545NEY6QTR, STM32U545REI6, STM32U545REI6Q, STM32U545RET6, STM32U545RET6Q, STM32U545VEI6, STM32U545VEI6Q, STM32U545VET6, STM32U545VET6Q, STM32U595AIH6, STM32U595AIH6Q, STM32U595AJH6, STM32U595AJH6Q, STM32U595QII6, STM32U595QII6Q, STM32U595QJI6, STM32U595QJI6Q, STM32U595RIT6, STM32U595RIT6Q, STM32U595RJT6, STM32U595RJT6Q, STM32U595VIT6, STM32U595VIT6Q, STM32U595VJT6, STM32U595VJT6Q, STM32U595ZIT6, STM32U595ZIT6Q, STM32U595ZIY6QTR, STM32U595ZJT6, STM32U595ZJT6Q, STM32U595ZJY6QTR, STM32U599BJY6QTR, STM32U599NIH6Q, STM32U599NJH6Q, STM32U599VIT6Q, STM32U599VJT6, STM32U599VJT6Q, STM32U599ZIT6Q, STM32U599ZIY6QTR, STM32U599ZJT6Q, STM32U599ZJY6QTR, STM32U5A5AJH6, STM32U5A5AJH6Q, STM32U5A5QII3Q , STM32U5A5QJI6, STM32U5A5QJI6Q, STM32U5A5RJT6, STM32U5A5RJT6Q, STM32U5A5VJT6, STM32U5A5VJT6Q, STM32U5A5ZJT6, STM32U5A5ZJT6Q, STM32U5A5ZJY6QTR, STM32U5A9BJY6QTR, STM32U5A9J-DK, STM32U5A9NJH6Q, STM32U5A9VJT6Q, STM32U5A9ZJT6Q, STM32U5A9ZJY6QTR, STM32U5F7VIT6, STM32U5F7VIT6Q, STM32U5F7VJT6, STM32U5F7VJT6Q, STM32U5F9BJY6QTR, STM32U5F9NJH6Q, STM32U5F9VIT6Q, STM32U5F9VJT6Q, STM32U5F9ZIJ6QTR, STM32U5F9ZIT6Q, STM32U5F9ZJJ6QTR, STM32U5F9ZJT6Q, STM32U5G7VJT6, STM32U5G7VJT6Q, STM32U5G9BJY6QTR, STM32U5G9J-DK1, STM32U5G9J-DK2, STM32U5G9NJH6Q, STM32U5G9VJT6Q, STM32U5G9ZJJ6QTR, STM32U5G9ZJT6Q, STM32WB05KZV6TR, STM32WB05KZV7TR, STM32WB05TZF6TR, STM32WB05TZF7TR, STM32WB06CCF6TR, STM32WB06CCF7TR, STM32WB06CCV6TR, STM32WB06CCV7TR, STM32WB06KCV6TR, STM32WB06KCV7TR, STM32WB07CCF6TR, STM32WB07CCF7TR, STM32WB07CCV6TR, STM32WB07CCV7TR, STM32WB07KCV6TR, STM32WB07KCV7TR, STM32WB09KEV6TR, STM32WB09KEV7TR, STM32WB09TEF6TR, STM32WB09TEF7TR, STM32WB1MMCH6, STM32WBA50KGU6, STM32WBA50KGU6TR, STM32WBA52CEU6, STM32WBA52CEU6TR, STM32WBA52CEU7, STM32WBA52CEU7TR, STM32WBA52CGU6, STM32WBA52CGU6TR, STM32WBA52CGU6U, STM32WBA52CGU7, STM32WBA52CGU7TR, STM32WBA52KEU6, STM32WBA52KEU6TR, STM32WBA52KGU6, STM32WBA52KGU6TR, STM32WBA54CEU6, STM32WBA54CEU6TR, STM32WBA54CEU7, STM32WBA54CEU7TR, STM32WBA54CGU6, STM32WBA54CGU6TR, STM32WBA54CGU7, STM32WBA54CGU7TR, STM32WBA54KEU6, STM32WBA54KEU6TR, STM32WBA54KEU7, STM32WBA54KEU7TR, STM32WBA54KGU6, STM32WBA54KGU6TR, STM32WBA54KGU7, STM32WBA54KGU7TR, STM32WBA55CEU6, STM32WBA55CEU6TR, STM32WBA55CEU7, STM32WBA55CEU7TR, STM32WBA55CGU6, STM32WBA55CGU6TR, STM32WBA55CGU6U, STM32WBA55CGU7, STM32WBA55CGU7TR, STM32WBA55G-DK1, STM32WBA55HEF6, STM32WBA55HEF7, STM32WBA55HGF6, STM32WBA55HGF7, STM32WBA55UEI6, STM32WBA55UEI6TR, STM32WBA55UEI7, STM32WBA55UEI7TR, STM32WBA55UGI6, STM32WBA55UGI6TR, STM32WBA55UGI7, STM32WBA55UGI7TR, STM32WBA5MMGH6TR, STM32WBA62MGF6, STM32WBA62MIF6, STM32WBA65MGF7, STM32WBA65MIF6, STM32WBA65MIF7, STM32WL30K8V6, STM32WL30KBV6, STM32WL31C8V6, STM32WL31CBV6, STM32WL31K8V6, STM32WL31KBV6, STM32WL33C8V6, STM32WL33C8V6X, STM32WL33CBV6, STM32WL33CBV6X, STM32WL33CCV6, STM32WL33CCV6A, STM32WL33CCV6X, STM32WL33K8V7, STM32WL33K8V7X, STM32WL33KBV7 , STM32WL33KBV7X, STM32WL33KCV7, STM32WL33KCV7X, STM32WL5MOCH6, STM32WL5MOCH6TR]
2026-07-02 23:15:22,024 [INFO] BoardInfo:889 - No configuration file found for board NUCLEO-H5E5ZJ
2026-07-02 23:15:22,026 [INFO] DbBoards:161 - Board is not supported: NUCLEO-H5E5ZJ
2026-07-02 23:15:22,128 [INFO] BoardInfo:889 - No configuration file found for board NUCLEO-U3C5ZI-Q
2026-07-02 23:15:22,130 [INFO] DbBoards:161 - Board is not supported: NUCLEO-U3C5ZI-Q
2026-07-02 23:15:22,154 [INFO] BoardInfo:889 - No configuration file found for board NUCLEO-WBA25CE1
2026-07-02 23:15:22,156 [INFO] DbBoards:161 - Board is not supported: NUCLEO-WBA25CE1
2026-07-02 23:15:22,171 [INFO] BoardInfo:889 - No configuration file found for board NUCLEO-WL3RKB1
2026-07-02 23:15:22,173 [INFO] DbBoards:161 - Board is not supported: NUCLEO-WL3RKB1
2026-07-02 23:15:22,175 [INFO] BoardInfo:889 - No configuration file found for board NUCLEO-WL3RKB2
2026-07-02 23:15:22,177 [INFO] DbBoards:161 - Board is not supported: NUCLEO-WL3RKB2
2026-07-02 23:15:22,189 [INFO] BoardInfo:889 - No configuration file found for board P-NUCLEO-WB55
2026-07-02 23:15:22,191 [INFO] DbBoards:161 - Kit is not supported: P-NUCLEO-WB55
2026-07-02 23:15:22,203 [INFO] BoardInfo:889 - No configuration file found for board STEVAL-BFA001V1B
2026-07-02 23:15:22,206 [INFO] DbBoards:161 - Kit is not supported: STEVAL-BFA001V1B
2026-07-02 23:15:22,207 [INFO] BoardInfo:889 - No configuration file found for board STEVAL-BFA001V2B
2026-07-02 23:15:22,209 [INFO] DbBoards:161 - Kit is not supported: STEVAL-BFA001V2B
2026-07-02 23:15:22,429 [INFO] BoardInfo:889 - No configuration file found for board STM32H5F5J-DK
2026-07-02 23:15:22,431 [INFO] DbBoards:161 - Board is not supported: STM32H5F5J-DK
2026-07-02 23:15:22,593 [INFO] DbBoards:168 - Found 218 boards, 209 are supported
2026-07-02 23:15:22,593 [INFO] DbBoards:169 - Found 218 boards, 43 of them is supported for  Bsp
2026-07-02 23:15:22,596 [INFO] ApiDb:423 - Load user favorites file C:\Users\nickw/.stm32cubeide/favorites.boards.txt: 0 item(s)
2026-07-02 23:15:22,596 [INFO] ApiDb:427 - User favorites Boards=[]
2026-07-02 23:15:22,596 [INFO] DbBoards:198 - Set 0 / 0 favorites Boards
2026-07-02 23:15:22,632 [ERROR] TargetSelectorAdapter:267 - Unable to refresh data
2026-07-02 23:15:27,523 [INFO] McuFinderGlobals:76 - Set McuFinderConnectedMode to true
2026-07-02 23:15:27,538 [INFO] MultiScanPanel:200 - Auto-refresh data requested => check proxy status ongoing
2026-07-02 23:15:27,544 [INFO] FinderPluginLoader:96 - Searching for filters in installed packs
2026-07-02 23:15:29,355 [INFO] ServerAccessManage:452 - Complete download http(s) 200
2026-07-02 23:15:29,355 [INFO] ServerAccessManage:509 - Download File 
2026-07-02 23:15:29,376 [INFO] LoadUrlFilesThread:185 - End of LoadServerUrlFiles without Thread
2026-07-02 23:15:29,392 [INFO] DetailPanel:341 - Set advertising image to C:/Users/nickw/STM32Cube/Repository/\en.prom-stm32wl3r-0526.jpg
2026-07-02 23:16:06,721 [INFO] MainUpdater:2872 - connection check result : 10
2026-07-02 23:16:06,721 [INFO] MainUpdater:2872 - connection check result : 10
2026-07-02 23:16:06,861 [INFO] MicroXplorer:468 - Change Database Path : 
2026-07-02 23:16:06,861 [INFO] MicroXplorer:498 - Change Database Version : DB.6.0.150
2026-07-02 23:16:06,892 [ERROR] ProjectManagerView:395 - 
java.lang.NullPointerException: Cannot invoke "javax.swing.JTextField.getText()" because the return value of "java.util.List.get(int)" is null
	at com.st.microxplorer.plugins.projectmanager.gui.ProjectChoiceTab$9.caretUpdate(ProjectChoiceTab.java:2706) ~[filemanager.jar:?]
	at javax.swing.text.JTextComponent.fireCaretUpdate(JTextComponent.java:408) ~[?:?]
	at javax.swing.text.JTextComponent$MutableCaretEvent.fire(JTextComponent.java:4484) ~[?:?]
	at javax.swing.text.JTextComponent$MutableCaretEvent.stateChanged(JTextComponent.java:4506) ~[?:?]
	at javax.swing.text.DefaultCaret.fireStateChanged(DefaultCaret.java:857) ~[?:?]
	at javax.swing.text.DefaultCaret.changeCaretPosition(DefaultCaret.java:1343) ~[?:?]
	at javax.swing.text.DefaultCaret.handleSetDot(DefaultCaret.java:1242) ~[?:?]
	at javax.swing.text.DefaultCaret.setDot(DefaultCaret.java:1223) ~[?:?]
	at javax.swing.text.DefaultCaret$Handler.insertUpdate(DefaultCaret.java:1819) ~[?:?]
	at javax.swing.text.AbstractDocument.fireInsertUpdate(AbstractDocument.java:227) ~[?:?]
	at javax.swing.text.AbstractDocument.handleInsertString(AbstractDocument.java:781) ~[?:?]
	at javax.swing.text.AbstractDocument.insertString(AbstractDocument.java:740) ~[?:?]
	at javax.swing.text.PlainDocument.insertString(PlainDocument.java:131) ~[?:?]
	at javax.swing.text.AbstractDocument.replace(AbstractDocument.java:699) ~[?:?]
	at javax.swing.text.JTextComponent.setText(JTextComponent.java:1725) ~[?:?]
	at com.st.microxplorer.plugins.projectmanager.gui.ProjectChoiceTab.createHeapStackFields(ProjectChoiceTab.java:993) ~[filemanager.jar:?]
	at com.st.microxplorer.plugins.projectmanager.gui.ProjectChoiceTab.buildLinkSettingsPanel(ProjectChoiceTab.java:3813) ~[filemanager.jar:?]
	at com.st.microxplorer.plugins.projectmanager.gui.ProjectChoiceTab.defineWindowsFields(ProjectChoiceTab.java:1987) ~[filemanager.jar:?]
	at com.st.microxplorer.plugins.projectmanager.gui.ProjectChoiceTab.updateSettings(ProjectChoiceTab.java:558) ~[filemanager.jar:?]
	at com.st.microxplorer.plugins.projectmanager.gui.ProjectSettingsPanel.UpdateDialog(ProjectSettingsPanel.java:247) ~[filemanager.jar:?]
	at com.st.microxplorer.plugins.projectmanager.ProjectManagerView.propertyChange(ProjectManagerView.java:392) ~[filemanager.jar:?]
	at java.beans.PropertyChangeSupport.fire(PropertyChangeSupport.java:343) ~[?:?]
	at java.beans.PropertyChangeSupport.firePropertyChange(PropertyChangeSupport.java:335) ~[?:?]
	at java.beans.PropertyChangeSupport.firePropertyChange(PropertyChangeSupport.java:268) ~[?:?]
	at com.st.microxplorer.util.MXPropertyChangeSupport.firePropertyChange(MXPropertyChangeSupport.java:54) ~[STM32CubeMX.jar:?]
	at com.st.microxplorer.mxsystem.MxSystem.closeConfig(MxSystem.java:899) ~[STM32CubeMX.jar:?]
	at com.st.microxplorer.maingui.MainPanel.closeConfig(MainPanel.java:792) ~[STM32CubeMX.jar:?]
	at com.st.microxplorer.plugins.filemanager.engine.OpenFileManager.loadConfigurationFile(OpenFileManager.java:288) ~[filemanager.jar:?]
	at com.st.microxplorer.plugins.filemanager.engine.MainFileManager.userLoadConfig(MainFileManager.java:364) ~[filemanager.jar:?]
	at com.st.microxplorer.plugins.filemanager.engine.MainFileManager.userLoadConfig(MainFileManager.java:342) ~[filemanager.jar:?]
	at com.st.microxplorer.plugins.filemanager.FileManagerView.getSpecificTask(FileManagerView.java:264) ~[filemanager.jar:?]
	at com.st.stm32cube.common.mx.editor.CubeMxEditor.getMxTabbedPaneInstance(CubeMxEditor.java:1198) ~[com.st.stm32cube.common.mx_6.15.0.202507011659/:?]
	at com.st.stm32cube.common.mx.editor.CubeMxEditor$12$1.createSwingComponent(CubeMxEditor.java:1068) ~[com.st.stm32cube.common.mx_6.15.0.202507011659/:?]
	at com.st.stm32cube.common.mx.oss.core.awtswtbridge.EmbeddedSwingComposite.doComponentCreation(EmbeddedSwingComposite.java:492) ~[com.st.stm32cube.common.mx.oss_6.15.0.202507011659/:?]
	at com.st.stm32cube.common.mx.oss.core.awtswtbridge.EmbeddedSwingComposite$4.run(EmbeddedSwingComposite.java:291) ~[com.st.stm32cube.common.mx.oss_6.15.0.202507011659/:?]
	at com.st.stm32cube.common.mx.oss.core.awtswtbridge.AwtEnvironment$2.run(AwtEnvironment.java:166) ~[com.st.stm32cube.common.mx.oss_6.15.0.202507011659/:?]
	at java.awt.event.InvocationEvent.dispatch(InvocationEvent.java:318) ~[?:?]
	at java.awt.EventQueue.dispatchEventImpl(EventQueue.java:773) ~[?:?]
	at java.awt.EventQueue$4.run(EventQueue.java:720) ~[?:?]
	at java.awt.EventQueue$4.run(EventQueue.java:714) ~[?:?]
	at java.security.AccessController.doPrivileged(AccessController.java:400) ~[?:?]
	at java.security.ProtectionDomain$JavaSecurityAccessImpl.doIntersectionPrivilege(ProtectionDomain.java:87) ~[?:?]
	at java.awt.EventQueue.dispatchEvent(EventQueue.java:742) ~[?:?]
	at java.awt.EventDispatchThread.pumpOneEventForFilters(EventDispatchThread.java:203) ~[?:?]
	at java.awt.EventDispatchThread.pumpEventsForFilter(EventDispatchThread.java:124) ~[?:?]
	at java.awt.EventDispatchThread.pumpEventsForHierarchy(EventDispatchThread.java:113) ~[?:?]
	at java.awt.EventDispatchThread.pumpEvents(EventDispatchThread.java:109) ~[?:?]
	at java.awt.EventDispatchThread.pumpEvents(EventDispatchThread.java:101) ~[?:?]
	at java.awt.EventDispatchThread.run(EventDispatchThread.java:90) ~[?:?]
2026-07-02 23:16:06,907 [WARN] ThirdParty:871 - waiting for thirdparty lock release [close project]
2026-07-02 23:16:06,907 [INFO] ThirdParty:873 - entering critical section [close project]
2026-07-02 23:16:06,907 [INFO] ThirdParty:883 - exiting critical section [close project]
2026-07-02 23:16:06,910 [INFO] PinOutPanel:1589 - setPackage(No Configuration,No Configuration)
2026-07-02 23:16:06,931 [WARN] IpParametersView:155 - Warning: This peripheral hasn't parameters
2026-07-02 23:16:06,953 [WARN] MainPanel:289 - <html><b><center>Warning: This peripheral has no parameters to be configured<br></b></html>
2026-07-02 23:16:06,967 [INFO] UtilMem:75 - Begin LoadConfig() Used Memory: 780362208 Bytes (1073741824)
2026-07-02 23:16:06,967 [INFO] MicroXplorer:468 - Change Database Path : 
2026-07-02 23:16:06,967 [INFO] MicroXplorer:498 - Change Database Version : DB.6.0.150
2026-07-02 23:16:06,967 [INFO] OpenFileManager:355 - Change cursor
2026-07-02 23:16:07,076 [INFO] Mcu:2029 - Initializing MCU STM32F401RCTx STM32F401RCTx STM32F401RCT6TR
2026-07-02 23:16:08,199 [INFO] Context:786 - Trying to add GPIOservice into a context  which must be forbidden
2026-07-02 23:16:08,786 [INFO] ImportTextPane:234 - (OptionalMessage_ERROR) Unable to find key (Mcu.ThirdPartyNb) in loaded IOC file
2026-07-02 23:16:08,787 [INFO] ImportTextPane:234 - (OptionalMessage_ERROR) Unable to find key (Mcu.PinsNb) in loaded IOC file
2026-07-02 23:16:08,787 [INFO] ImportTextPane:234 - (OptionalMessage_ERROR) Pin0 (VP_RIF_VS_RIF1) cannot be retrieved for this MCU
2026-07-02 23:16:08,787 [INFO] ImportTextPane:234 - (OptionalMessage_ERROR) Unable to find key (Mcu.IPNb) in loaded IOC file
2026-07-02 23:16:08,817 [WARN] ModelIntegratedComponent:63 - No mode defined for component null
2026-07-02 23:16:08,817 [WARN] ModelIntegratedComponent:63 - No mode defined for component null
2026-07-02 23:16:08,817 [WARN] ModelIntegratedComponent:63 - No mode defined for component null
2026-07-02 23:16:08,817 [WARN] ModelIntegratedComponent:63 - No mode defined for component null
2026-07-02 23:16:08,817 [WARN] ModelIntegratedComponent:63 - No mode defined for component null
2026-07-02 23:16:08,817 [WARN] ModelIntegratedComponent:63 - No mode defined for component null
2026-07-02 23:16:08,818 [WARN] ModelIntegratedComponent:63 - No mode defined for component null
2026-07-02 23:16:08,818 [WARN] ModelIntegratedComponent:63 - No mode defined for component null
2026-07-02 23:16:08,818 [WARN] ModelIntegratedComponent:63 - No mode defined for component null
2026-07-02 23:16:08,818 [WARN] ModelIntegratedComponent:63 - No mode defined for component null
2026-07-02 23:16:08,818 [WARN] ModelIntegratedComponent:63 - No mode defined for component null
2026-07-02 23:16:08,818 [WARN] ModelIntegratedComponent:63 - No mode defined for component null
2026-07-02 23:16:08,818 [WARN] ModelIntegratedComponent:63 - No mode defined for component null
2026-07-02 23:16:08,818 [WARN] ModelIntegratedComponent:63 - No mode defined for component null
2026-07-02 23:16:08,818 [WARN] ModelIntegratedComponent:63 - No mode defined for component null
2026-07-02 23:16:08,818 [WARN] ModelIntegratedComponent:63 - No mode defined for component null
2026-07-02 23:16:08,818 [WARN] ModelIntegratedComponent:63 - No mode defined for component null
2026-07-02 23:16:08,819 [WARN] ModelIntegratedComponent:63 - No mode defined for component null
2026-07-02 23:16:08,819 [WARN] ModelIntegratedComponent:63 - No mode defined for component null
2026-07-02 23:16:08,819 [WARN] ModelIntegratedComponent:63 - No mode defined for component null
2026-07-02 23:16:08,819 [WARN] ModelIntegratedComponent:63 - No mode defined for component null
2026-07-02 23:16:08,819 [WARN] ModelIntegratedComponent:63 - No mode defined for component null
2026-07-02 23:16:08,819 [WARN] ModelIntegratedComponent:63 - No mode defined for component null
2026-07-02 23:16:08,819 [WARN] ModelIntegratedComponent:63 - No mode defined for component null
2026-07-02 23:16:08,819 [WARN] ModelIntegratedComponent:63 - No mode defined for component null
2026-07-02 23:16:08,819 [WARN] ModelIntegratedComponent:63 - No mode defined for component null
2026-07-02 23:16:08,819 [WARN] ModelIntegratedComponent:63 - No mode defined for component null
2026-07-02 23:16:08,819 [WARN] ModelIntegratedComponent:63 - No mode defined for component null
2026-07-02 23:16:08,820 [WARN] ModelIntegratedComponent:63 - No mode defined for component null
2026-07-02 23:16:08,820 [WARN] ModelIntegratedComponent:63 - No mode defined for component null
2026-07-02 23:16:08,820 [WARN] ModelIntegratedComponent:63 - No mode defined for component null
2026-07-02 23:16:08,820 [WARN] ModelIntegratedComponent:63 - No mode defined for component null
2026-07-02 23:16:08,820 [WARN] ModelIntegratedComponent:63 - No mode defined for component null
2026-07-02 23:16:08,820 [WARN] ModelIntegratedComponent:63 - No mode defined for component null
2026-07-02 23:16:08,820 [WARN] ModelIntegratedComponent:63 - No mode defined for component null
2026-07-02 23:16:08,820 [WARN] ModelPack:524 - Component already loaded: STMicroelectronics:HAL Drivers:0.0.0:STMicroelectronics:Device:STMicro_Driver:XSPI:HAL::0.0.1:HAL_XSPI
2026-07-02 23:16:08,824 [INFO] RtosManager:558 - Registered RTOS mode: class=CMSIS, group=RTOS, mode=CMSIS_V1, owner=FREERTOS
2026-07-02 23:16:08,825 [INFO] RtosManager:558 - Registered RTOS mode: class=CMSIS, group=RTOS2, mode=CMSIS_V2, owner=FREERTOS
2026-07-02 23:16:08,825 [INFO] RtosManager:558 - Registered RTOS mode: class=RTOS, group=Core, mode=CMSIS_V1, owner=FREERTOS
2026-07-02 23:16:08,825 [INFO] RtosManager:558 - Registered RTOS mode: class=RTOS, group=Core, mode=CMSIS_V2, owner=FREERTOS
2026-07-02 23:16:08,825 [WARN] ModelIntegratedComponent:184 - Missing modes for component STMicroelectronics:FreeRTOS:0.0.1:STMicroelectronics:RTOS:FreeRTOS:Core:::10.2.0:
2026-07-02 23:16:08,826 [WARN] ModelIntegratedComponent:182 - Modes not found for component STMicroelectronics:USB_DEVICE:1.0.0:STMicroelectronics:USB::USB Device:Audio HS::1.0:USB_DEVICE_1_0_RESTRICTED_HS
2026-07-02 23:16:08,826 [WARN] ModelIntegratedComponent:188 - Modes not found for component STMicroelectronics:USB_DEVICE:1.0.0:STMicroelectronics:USB::USB Device:Audio HS::1.0:USB_DEVICE_1_0_RESTRICTED_HS
2026-07-02 23:16:08,826 [WARN] ModelIntegratedComponent:182 - Modes not found for component STMicroelectronics:USB_DEVICE:1.0.0:STMicroelectronics:USB::USB Device:CDC HS::1.0:USB_DEVICE_1_0_RESTRICTED_HS
2026-07-02 23:16:08,826 [WARN] ModelIntegratedComponent:188 - Modes not found for component STMicroelectronics:USB_DEVICE:1.0.0:STMicroelectronics:USB::USB Device:CDC HS::1.0:USB_DEVICE_1_0_RESTRICTED_HS
2026-07-02 23:16:08,826 [WARN] ModelIntegratedComponent:182 - Modes not found for component STMicroelectronics:USB_DEVICE:1.0.0:STMicroelectronics:USB::USB Device:DFU HS::1.0:USB_DEVICE_1_0_RESTRICTED_HS
2026-07-02 23:16:08,826 [WARN] ModelIntegratedComponent:188 - Modes not found for component STMicroelectronics:USB_DEVICE:1.0.0:STMicroelectronics:USB::USB Device:DFU HS::1.0:USB_DEVICE_1_0_RESTRICTED_HS
2026-07-02 23:16:08,826 [WARN] ModelIntegratedComponent:182 - Modes not found for component STMicroelectronics:USB_DEVICE:1.0.0:STMicroelectronics:USB::USB Device:HID HS::1.0:USB_DEVICE_1_0_RESTRICTED_HS
2026-07-02 23:16:08,826 [WARN] ModelIntegratedComponent:188 - Modes not found for component STMicroelectronics:USB_DEVICE:1.0.0:STMicroelectronics:USB::USB Device:HID HS::1.0:USB_DEVICE_1_0_RESTRICTED_HS
2026-07-02 23:16:08,826 [WARN] ModelIntegratedComponent:182 - Modes not found for component STMicroelectronics:USB_DEVICE:1.0.0:STMicroelectronics:USB::USB Device:Custom HID HS::1.0:USB_DEVICE_1_0_RESTRICTED_HS
2026-07-02 23:16:08,826 [WARN] ModelIntegratedComponent:188 - Modes not found for component STMicroelectronics:USB_DEVICE:1.0.0:STMicroelectronics:USB::USB Device:Custom HID HS::1.0:USB_DEVICE_1_0_RESTRICTED_HS
2026-07-02 23:16:08,826 [WARN] ModelIntegratedComponent:182 - Modes not found for component STMicroelectronics:USB_DEVICE:1.0.0:STMicroelectronics:USB::USB Device:MSC HS::1.0:USB_DEVICE_1_0_RESTRICTED_HS
2026-07-02 23:16:08,826 [WARN] ModelIntegratedComponent:188 - Modes not found for component STMicroelectronics:USB_DEVICE:1.0.0:STMicroelectronics:USB::USB Device:MSC HS::1.0:USB_DEVICE_1_0_RESTRICTED_HS
2026-07-02 23:16:08,848 [WARN] ModelIntegratedComponent:182 - Modes not found for component STMicroelectronics:USB_HOST:1.0.0:STMicroelectronics:USB::USB Host:Audio HS::1.0:USB_HOST_1_0_RESTRICTED_HS
2026-07-02 23:16:08,848 [WARN] ModelIntegratedComponent:188 - Modes not found for component STMicroelectronics:USB_HOST:1.0.0:STMicroelectronics:USB::USB Host:Audio HS::1.0:USB_HOST_1_0_RESTRICTED_HS
2026-07-02 23:16:08,848 [WARN] ModelIntegratedComponent:182 - Modes not found for component STMicroelectronics:USB_HOST:1.0.0:STMicroelectronics:USB::USB Host:CDC HS::1.0:USB_HOST_1_0_RESTRICTED_HS
2026-07-02 23:16:08,848 [WARN] ModelIntegratedComponent:188 - Modes not found for component STMicroelectronics:USB_HOST:1.0.0:STMicroelectronics:USB::USB Host:CDC HS::1.0:USB_HOST_1_0_RESTRICTED_HS
2026-07-02 23:16:08,848 [WARN] ModelIntegratedComponent:182 - Modes not found for component STMicroelectronics:USB_HOST:1.0.0:STMicroelectronics:USB::USB Host:MSC HS::1.0:USB_HOST_1_0_RESTRICTED_HS
2026-07-02 23:16:08,848 [WARN] ModelIntegratedComponent:188 - Modes not found for component STMicroelectronics:USB_HOST:1.0.0:STMicroelectronics:USB::USB Host:MSC HS::1.0:USB_HOST_1_0_RESTRICTED_HS
2026-07-02 23:16:08,848 [WARN] ModelIntegratedComponent:182 - Modes not found for component STMicroelectronics:USB_HOST:1.0.0:STMicroelectronics:USB::USB Host:HID HS::1.0:USB_HOST_1_0_RESTRICTED_HS
2026-07-02 23:16:08,848 [WARN] ModelIntegratedComponent:188 - Modes not found for component STMicroelectronics:USB_HOST:1.0.0:STMicroelectronics:USB::USB Host:HID HS::1.0:USB_HOST_1_0_RESTRICTED_HS
2026-07-02 23:16:08,848 [WARN] ModelIntegratedComponent:182 - Modes not found for component STMicroelectronics:USB_HOST:1.0.0:STMicroelectronics:USB::USB Host:MTP HS::1.0:USB_HOST_1_0_RESTRICTED_HS
2026-07-02 23:16:08,848 [WARN] ModelIntegratedComponent:188 - Modes not found for component STMicroelectronics:USB_HOST:1.0.0:STMicroelectronics:USB::USB Host:MTP HS::1.0:USB_HOST_1_0_RESTRICTED_HS
2026-07-02 23:16:08,852 [INFO] ThirdPartyModel:298 - Start build external matchings
2026-07-02 23:16:08,886 [INFO] ThirdPartyModel:316 - End build external matchings
2026-07-02 23:16:09,127 [INFO] UtilMem:75 - End LoadConfig() Used Memory: 743190640 Bytes (1073741824)
2026-07-02 23:16:09,379 [WARN] ThirdParty:833 - waiting for thirdparty lock release [change project]
2026-07-02 23:16:09,380 [INFO] ThirdParty:835 - entering critical section [change project]
2026-07-02 23:16:09,380 [INFO] ThirdParty:1030 - CMSIS Pack Vendor :STMicroelectronics X-CUBE-PM33A1 1.0.0
2026-07-02 23:16:09,380 [INFO] ThirdParty:1030 - CMSIS Pack Vendor :STMicroelectronics USBPD 4.1
2026-07-02 23:16:09,380 [INFO] ThirdParty:1030 - CMSIS Pack Vendor :STMicroelectronics X-CUBE-DISPLAY 3.0.0
2026-07-02 23:16:09,380 [INFO] ThirdParty:1030 - CMSIS Pack Vendor :STMicroelectronics X-CUBE-NFC9 1.0.0
2026-07-02 23:16:09,380 [INFO] ThirdParty:1030 - CMSIS Pack Vendor :STMicroelectronics X-CUBE-NFC7 2.0.0
2026-07-02 23:16:09,380 [INFO] ThirdParty:1030 - CMSIS Pack Vendor :STMicroelectronics X-CUBE-TCPP 4.2.0
2026-07-02 23:16:09,380 [INFO] ThirdParty:1030 - CMSIS Pack Vendor :STMicroelectronics USB_HOST 2.0.0
2026-07-02 23:16:09,380 [INFO] ThirdParty:1030 - CMSIS Pack Vendor :STMicroelectronics LIBJPEG 8.0.0
2026-07-02 23:16:09,380 [INFO] ThirdParty:1030 - CMSIS Pack Vendor :STMicroelectronics FP-ATR-ASTRA1 2.0.2
2026-07-02 23:16:09,380 [INFO] ThirdParty:1030 - CMSIS Pack Vendor :STMicroelectronics FP-ATR-SIGFOX1 3.2.0
2026-07-02 23:16:09,380 [INFO] ThirdParty:1030 - CMSIS Pack Vendor :STMicroelectronics X-CUBE-NFC10 1.0.0
2026-07-02 23:16:09,380 [INFO] ThirdParty:1030 - CMSIS Pack Vendor :STMicroelectronics X-CUBE-BLE1 7.1.0
2026-07-02 23:16:09,380 [INFO] ThirdParty:1030 - CMSIS Pack Vendor :STMicroelectronics USB_DEVICE 3.0.0
2026-07-02 23:16:09,380 [INFO] ThirdParty:1030 - CMSIS Pack Vendor :STMicroelectronics X-CUBE-ISPU 2.1.0
2026-07-02 23:16:09,380 [INFO] ThirdParty:1030 - CMSIS Pack Vendor :STMicroelectronics HAL Drivers 0.0.0
2026-07-02 23:16:09,380 [INFO] ThirdParty:1030 - CMSIS Pack Vendor :STMicroelectronics MBEDTLS 2.16.2
2026-07-02 23:16:09,380 [INFO] ThirdParty:1030 - CMSIS Pack Vendor :STMicroelectronics X-CUBE-ALS 1.0.2
2026-07-02 23:16:09,380 [INFO] ThirdParty:1030 - CMSIS Pack Vendor :STMicroelectronics MBEDTLS 2.14.1
2026-07-02 23:16:09,380 [INFO] ThirdParty:1030 - CMSIS Pack Vendor :STMicroelectronics USB_DEVICE 2.0.0
2026-07-02 23:16:09,380 [INFO] ThirdParty:1030 - CMSIS Pack Vendor :STMicroelectronics ThreadX 1.0.0
2026-07-02 23:16:09,381 [INFO] ThirdParty:1030 - CMSIS Pack Vendor :STMicroelectronics FP-SNS-SMARTAG2 1.2.0
2026-07-02 23:16:09,381 [INFO] ThirdParty:1030 - CMSIS Pack Vendor :STMicroelectronics FP-SNS-FLIGHT1 5.1.0
2026-07-02 23:16:09,381 [INFO] ThirdParty:1030 - CMSIS Pack Vendor :STMicroelectronics X-CUBE-DPower 1.3.0
2026-07-02 23:16:09,381 [INFO] ThirdParty:1030 - CMSIS Pack Vendor :STMicroelectronics FreeRTOS 0.0.1
2026-07-02 23:16:09,381 [INFO] ThirdParty:1030 - CMSIS Pack Vendor :STMicroelectronics USB_DEVICE 1.0.0
2026-07-02 23:16:09,381 [INFO] ThirdParty:1030 - CMSIS Pack Vendor :STMicroelectronics X-CUBE-NFC4 3.0.0
2026-07-02 23:16:09,381 [INFO] ThirdParty:1030 - CMSIS Pack Vendor :STMicroelectronics X-CUBE-SUBG2 5.0.0
2026-07-02 23:16:09,381 [INFO] ThirdParty:1030 - CMSIS Pack Vendor :STMicroelectronics STM32_WPAN 1.0.0
2026-07-02 23:16:09,381 [INFO] ThirdParty:1030 - CMSIS Pack Vendor :STMicroelectronics ThreadX 0.0.2
2026-07-02 23:16:09,381 [INFO] ThirdParty:1030 - CMSIS Pack Vendor :STMicroelectronics lwIP 2.0.3
2026-07-02 23:16:09,381 [INFO] ThirdParty:1030 - CMSIS Pack Vendor :STMicroelectronics lwIP 2.1.2
2026-07-02 23:16:09,381 [INFO] ThirdParty:1030 - CMSIS Pack Vendor :STMicroelectronics X-CUBE-SFXS2LP1 4.0.0
2026-07-02 23:16:09,381 [INFO] ThirdParty:1030 - CMSIS Pack Vendor :STMicroelectronics X-CUBE-BLE2 3.3.0
2026-07-02 23:16:09,381 [INFO] ThirdParty:1030 - CMSIS Pack Vendor :STMicroelectronics X-CUBE-TOF1 3.4.3
2026-07-02 23:16:09,381 [INFO] ThirdParty:1030 - CMSIS Pack Vendor :STMicroelectronics USB_HOST 1.0.0
2026-07-02 23:16:09,381 [INFO] ThirdParty:1030 - CMSIS Pack Vendor :STMicroelectronics PDM2PCM 3.1.0
2026-07-02 23:16:09,381 [INFO] ThirdParty:1030 - CMSIS Pack Vendor :STMicroelectronics PDM2PCM 3.2.0
2026-07-02 23:16:09,381 [INFO] ThirdParty:1030 - CMSIS Pack Vendor :STMicroelectronics PDM2PCM 3.3.0
2026-07-02 23:16:09,381 [INFO] ThirdParty:841 - exiting critical section [change project]
2026-07-02 23:16:09,596 [INFO] PinOutPanel:1589 - setPackage(No Configuration,No Configuration)
2026-07-02 23:16:09,597 [INFO] PinOutPanel:1589 - setPackage(STM32F401RCTx,LQFP64)
2026-07-02 23:16:09,898 [INFO] UtilMem:75 - Before build in PCC Used Memory: 867028880 Bytes (1073741824)
2026-07-02 23:16:10,156 [INFO] UtilMem:75 - After build in PCC Used Memory: 913592032 Bytes (1073741824)
2026-07-02 23:16:10,178 [INFO] IPUIPlugin:80 - create IPUIPlugin
2026-07-02 23:16:10,179 [INFO] IPUIPlugin:80 - create IPUIPlugin
2026-07-02 23:16:10,179 [INFO] IPUIPlugin:80 - create IPUIPlugin
2026-07-02 23:16:10,179 [INFO] IPUIPlugin:80 - create IPUIPlugin
2026-07-02 23:16:10,179 [INFO] IPUIPlugin:80 - create IPUIPlugin
2026-07-02 23:16:10,179 [INFO] IPUIPlugin:80 - create IPUIPlugin
2026-07-02 23:16:10,179 [INFO] IPUIPlugin:80 - create IPUIPlugin
2026-07-02 23:16:10,180 [INFO] IPUIPlugin:80 - create IPUIPlugin
2026-07-02 23:16:10,180 [INFO] IPUIPlugin:80 - create IPUIPlugin
2026-07-02 23:16:10,180 [INFO] IPUIPlugin:80 - create IPUIPlugin
2026-07-02 23:16:10,180 [INFO] IPUIPlugin:80 - create IPUIPlugin
2026-07-02 23:16:10,180 [INFO] IPUIPlugin:80 - create IPUIPlugin
2026-07-02 23:16:10,180 [INFO] IPUIPlugin:80 - create IPUIPlugin
2026-07-02 23:16:10,181 [INFO] IPUIPlugin:80 - create IPUIPlugin
2026-07-02 23:16:10,181 [INFO] IPUIPlugin:80 - create IPUIPlugin
2026-07-02 23:16:10,181 [INFO] IPUIPlugin:80 - create IPUIPlugin
2026-07-02 23:16:10,181 [INFO] IPUIPlugin:80 - create IPUIPlugin
2026-07-02 23:16:10,181 [INFO] IPUIPlugin:80 - create IPUIPlugin
2026-07-02 23:16:10,182 [INFO] IPUIPlugin:80 - create IPUIPlugin
2026-07-02 23:16:10,182 [INFO] IPUIPlugin:80 - create IPUIPlugin
2026-07-02 23:16:10,182 [INFO] IPUIPlugin:80 - create IPUIPlugin
2026-07-02 23:16:10,182 [INFO] IPUIPlugin:80 - create IPUIPlugin
2026-07-02 23:16:10,182 [INFO] IPUIPlugin:80 - create IPUIPlugin
2026-07-02 23:16:10,182 [INFO] IPUIPlugin:80 - create IPUIPlugin
2026-07-02 23:16:10,183 [INFO] IPUIPlugin:80 - create IPUIPlugin
2026-07-02 23:16:10,183 [INFO] IPUIPlugin:80 - create IPUIPlugin
2026-07-02 23:16:10,183 [INFO] IPUIPlugin:80 - create IPUIPlugin
2026-07-02 23:16:10,183 [INFO] IPUIPlugin:80 - create IPUIPlugin
2026-07-02 23:16:10,183 [INFO] IPUIPlugin:80 - create IPUIPlugin
2026-07-02 23:16:10,184 [INFO] IPUIPlugin:80 - create IPUIPlugin
2026-07-02 23:16:10,184 [INFO] IPUIPlugin:80 - create IPUIPlugin
2026-07-02 23:16:10,184 [INFO] IPUIPlugin:80 - create IPUIPlugin
2026-07-02 23:16:10,184 [INFO] IPUIPlugin:80 - create IPUIPlugin
2026-07-02 23:16:10,184 [INFO] IPUIPlugin:80 - create IPUIPlugin
2026-07-02 23:16:10,185 [INFO] IPUIPlugin:80 - create IPUIPlugin
2026-07-02 23:16:10,186 [INFO] IPUIPlugin:80 - create IPUIPlugin
2026-07-02 23:16:10,186 [INFO] IPUIPlugin:80 - create IPUIPlugin
2026-07-02 23:16:10,187 [INFO] IPUIPlugin:80 - create IPUIPlugin
2026-07-02 23:16:10,190 [INFO] ApiDbMcu:532 - Load IP Config File for PDM2PCM
2026-07-02 23:16:10,222 [INFO] CADModel:165 - CPN selected for project levelSTM32F401RCT6TR
2026-07-02 23:16:10,222 [INFO] CADModel:114 - Register for checkConnection events
2026-07-02 23:16:10,271 [INFO] OpenFileManager:386 - Restore cursor
2026-07-02 23:16:10,709 [INFO] UtilMem:75 - End SaveConfig() Used Memory: 984041888 Bytes (1073741824)
2026-07-02 23:16:10,804 [INFO] UtilMem:75 - End SaveConfig() Used Memory: 999770528 Bytes (1073741824)
2026-07-02 23:16:11,376 [INFO] BlockDiagram:2775 - set Specific Code input for plugin: NVIC
2026-07-02 23:16:11,376 [INFO] BlockDiagram:2775 - set Specific Code input for plugin: RCC
2026-07-02 23:16:11,378 [INFO] CodeGenerator:892 - code generatio: config db path: C:\ST\STM32CubeIDE_1.19.0\STM32CubeIDE\plugins\com.st.stm32cube.common.mx_6.15.0.202507011659\\db\
2026-07-02 23:16:11,613 [INFO] CodeEngine:265 - oldGeneratedFile, E:\Git\Personal_Projects\Test\MXTmpFiles\license.tmp_save
2026-07-02 23:16:12,070 [INFO] CodeEngine:289 - Generated code: E:\Git\Personal_Projects\Test\MXTmpFiles\license.tmp
2026-07-02 23:16:12,098 [INFO] CodeEngine:265 - oldGeneratedFile, E:\Git\Personal_Projects\Test\Core\Src\stm32f4xx_it.c_save
2026-07-02 23:16:12,241 [INFO] CodeEngine:289 - Generated code: E:\Git\Personal_Projects\Test\Core\Src\stm32f4xx_it.c
2026-07-02 23:16:12,246 [INFO] CodeEngine:265 - oldGeneratedFile, E:\Git\Personal_Projects\Test\Core\Inc\stm32f4xx_it.h_save
2026-07-02 23:16:12,339 [INFO] CodeEngine:289 - Generated code: E:\Git\Personal_Projects\Test\Core\Inc\stm32f4xx_it.h
2026-07-02 23:16:12,403 [INFO] CodeEngine:265 - oldGeneratedFile, E:\Git\Personal_Projects\Test\Core\Src\stm32f4xx_hal_msp.c_save
2026-07-02 23:16:12,525 [INFO] CodeEngine:289 - Generated code: E:\Git\Personal_Projects\Test\Core\Src\stm32f4xx_hal_msp.c
2026-07-02 23:16:12,530 [INFO] CodeEngine:265 - oldGeneratedFile, E:\Git\Personal_Projects\Test\MXTmpFiles\system.tmp_save
2026-07-02 23:16:12,605 [INFO] CodeEngine:289 - Generated code: E:\Git\Personal_Projects\Test\MXTmpFiles\system.tmp
2026-07-02 23:16:12,618 [INFO] CodeEngine:321 - oldGeneratedFile, E:\Git\Personal_Projects\Test\Core\Inc\stm32f4xx_hal_conf.h_save
2026-07-02 23:16:12,705 [INFO] CodeEngine:345 - Generated code: E:\Git\Personal_Projects\Test\Core\Inc\stm32f4xx_hal_conf.h
2026-07-02 23:16:12,745 [INFO] ApiDbMcu:532 - Load IP Config File for RCC
2026-07-02 23:16:12,756 [INFO] CodeEngine:265 - oldGeneratedFile, E:\Git\Personal_Projects\Test\Core\Inc\main.h_save
2026-07-02 23:16:12,855 [INFO] CodeEngine:289 - Generated code: E:\Git\Personal_Projects\Test\Core\Inc\main.h
2026-07-02 23:16:12,860 [INFO] CodeEngine:265 - oldGeneratedFile, E:\Git\Personal_Projects\Test\Core\Src\main.c_save
2026-07-02 23:16:12,985 [INFO] CodeEngine:289 - Generated code: E:\Git\Personal_Projects\Test\Core\Src\main.c
2026-07-02 23:16:13,447 [INFO] ProjectBuilder:3606 - Time for Copy HAL[1] : 230mS.
2026-07-02 23:16:13,453 [INFO] ProjectBuilder:5216 - Project Generator version: 4.7.0-B52
2026-07-02 23:16:13,546 [INFO] ConfigFileManager:1595 - The Die is : DIE423
2026-07-02 23:16:13,555 [INFO] ApiDbMcu:532 - Load IP Config File for FATFS
2026-07-02 23:16:13,561 [INFO] ApiDbMcu:532 - Load IP Config File for FREERTOS
2026-07-02 23:16:13,565 [INFO] ApiDbMcu:532 - Load IP Config File for LIBJPEG
2026-07-02 23:16:13,574 [INFO] ApiDbMcu:532 - Load IP Config File for MBEDTLS
2026-07-02 23:16:13,583 [INFO] ApiDbMcu:532 - Load IP Config File for USB_DEVICE
2026-07-02 23:16:13,589 [INFO] ApiDbMcu:532 - Load IP Config File for USB_HOST
2026-07-02 23:16:14,062 [INFO] LogOutputStream:77 - [STDOUT_REDIRECT] 
2026-07-02 23:16:16,048 [INFO] ProjectBuilder:5496 - Time for Generating toolchain IDE Files: 2595mS.
2026-07-02 23:16:16,049 [INFO] ProjectBuilder:3463 - Time for Copy CMSIS : 1mS.
2026-07-02 23:16:16,053 [INFO] ProjectBuilder:3463 - Time for Copy CMSIS : 0mS.
2026-07-02 23:16:17,691 [INFO] McuFinderGlobals:76 - Set McuFinderConnectedMode to true
2026-07-02 23:16:17,696 [INFO] ApiDb:448 - Save user favorites file C:\Users\nickw/.stm32cubeide/favorites.mcus.txt: 0 item(s)
2026-07-02 23:16:17,696 [INFO] ApiDb:452 - User favorites MCUs=[]
2026-07-02 23:16:33,225 [INFO] MainUpdater:2872 - connection check result : 10
2026-07-02 23:16:33,225 [INFO] MainUpdater:2872 - connection check result : 10
2026-07-02 23:16:33,251 [ERROR] IocParser:57 - IOException caught: E:\Git\Personal_Projects\Test\Test.ioc (The system cannot find the path specified)
2026-07-02 23:16:33,252 [ERROR] PeripheralListParser:95 - Something went wrong with ioc file reading: E:\Git\Personal_Projects\Test\Test.ioc (The system cannot find the path specified)
2026-07-02 23:16:33,253 [ERROR] RegexParser:59 - Issue caught when parsing regex: E:\Git\Personal_Projects\Test\Test.ioc (The system cannot find the path specified)
2026-07-02 23:16:33,575 [INFO] MicroXplorer:468 - Change Database Path : 
2026-07-02 23:16:33,575 [INFO] MicroXplorer:498 - Change Database Version : DB.6.0.150
2026-07-02 23:16:33,583 [ERROR] ProjectManagerView:395 - 
java.lang.NullPointerException: Cannot invoke "javax.swing.JTextField.getText()" because the return value of "java.util.List.get(int)" is null
	at com.st.microxplorer.plugins.projectmanager.gui.ProjectChoiceTab$9.caretUpdate(ProjectChoiceTab.java:2706) ~[filemanager.jar:?]
	at javax.swing.text.JTextComponent.fireCaretUpdate(JTextComponent.java:408) ~[?:?]
	at javax.swing.text.JTextComponent$MutableCaretEvent.fire(JTextComponent.java:4484) ~[?:?]
	at javax.swing.text.JTextComponent$MutableCaretEvent.stateChanged(JTextComponent.java:4506) ~[?:?]
	at javax.swing.text.DefaultCaret.fireStateChanged(DefaultCaret.java:857) ~[?:?]
	at javax.swing.text.DefaultCaret.changeCaretPosition(DefaultCaret.java:1343) ~[?:?]
	at javax.swing.text.DefaultCaret.handleSetDot(DefaultCaret.java:1242) ~[?:?]
	at javax.swing.text.DefaultCaret.setDot(DefaultCaret.java:1223) ~[?:?]
	at javax.swing.text.DefaultCaret$Handler.insertUpdate(DefaultCaret.java:1819) ~[?:?]
	at javax.swing.text.AbstractDocument.fireInsertUpdate(AbstractDocument.java:227) ~[?:?]
	at javax.swing.text.AbstractDocument.handleInsertString(AbstractDocument.java:781) ~[?:?]
	at javax.swing.text.AbstractDocument.insertString(AbstractDocument.java:740) ~[?:?]
	at javax.swing.text.PlainDocument.insertString(PlainDocument.java:131) ~[?:?]
	at javax.swing.text.AbstractDocument.replace(AbstractDocument.java:699) ~[?:?]
	at javax.swing.text.JTextComponent.setText(JTextComponent.java:1725) ~[?:?]
	at com.st.microxplorer.plugins.projectmanager.gui.ProjectChoiceTab.createHeapStackFields(ProjectChoiceTab.java:993) ~[filemanager.jar:?]
	at com.st.microxplorer.plugins.projectmanager.gui.ProjectChoiceTab.buildLinkSettingsPanel(ProjectChoiceTab.java:3813) ~[filemanager.jar:?]
	at com.st.microxplorer.plugins.projectmanager.gui.ProjectChoiceTab.defineWindowsFields(ProjectChoiceTab.java:1987) ~[filemanager.jar:?]
	at com.st.microxplorer.plugins.projectmanager.gui.ProjectChoiceTab.updateSettings(ProjectChoiceTab.java:558) ~[filemanager.jar:?]
	at com.st.microxplorer.plugins.projectmanager.gui.ProjectSettingsPanel.UpdateDialog(ProjectSettingsPanel.java:247) ~[filemanager.jar:?]
	at com.st.microxplorer.plugins.projectmanager.ProjectManagerView.propertyChange(ProjectManagerView.java:392) ~[filemanager.jar:?]
	at java.beans.PropertyChangeSupport.fire(PropertyChangeSupport.java:343) ~[?:?]
	at java.beans.PropertyChangeSupport.firePropertyChange(PropertyChangeSupport.java:335) ~[?:?]
	at java.beans.PropertyChangeSupport.firePropertyChange(PropertyChangeSupport.java:268) ~[?:?]
	at com.st.microxplorer.util.MXPropertyChangeSupport.firePropertyChange(MXPropertyChangeSupport.java:54) ~[STM32CubeMX.jar:?]
	at com.st.microxplorer.mxsystem.MxSystem.closeConfig(MxSystem.java:899) ~[STM32CubeMX.jar:?]
	at com.st.microxplorer.maingui.MainPanel.closeConfig(MainPanel.java:792) ~[STM32CubeMX.jar:?]
	at com.st.microxplorer.plugins.filemanager.engine.OpenFileManager.loadConfigurationFile(OpenFileManager.java:288) ~[filemanager.jar:?]
	at com.st.microxplorer.plugins.filemanager.engine.MainFileManager.userLoadConfig(MainFileManager.java:364) ~[filemanager.jar:?]
	at com.st.microxplorer.plugins.filemanager.engine.MainFileManager.userLoadConfig(MainFileManager.java:342) ~[filemanager.jar:?]
	at com.st.microxplorer.plugins.filemanager.FileManagerView.getSpecificTask(FileManagerView.java:264) ~[filemanager.jar:?]
	at com.st.stm32cube.common.mx.editor.CubeMxEditor.getMxTabbedPaneInstance(CubeMxEditor.java:1198) ~[com.st.stm32cube.common.mx_6.15.0.202507011659/:?]
	at com.st.stm32cube.common.mx.editor.CubeMxEditor$12$1.createSwingComponent(CubeMxEditor.java:1068) ~[com.st.stm32cube.common.mx_6.15.0.202507011659/:?]
	at com.st.stm32cube.common.mx.oss.core.awtswtbridge.EmbeddedSwingComposite.doComponentCreation(EmbeddedSwingComposite.java:492) ~[com.st.stm32cube.common.mx.oss_6.15.0.202507011659/:?]
	at com.st.stm32cube.common.mx.oss.core.awtswtbridge.EmbeddedSwingComposite$4.run(EmbeddedSwingComposite.java:291) ~[com.st.stm32cube.common.mx.oss_6.15.0.202507011659/:?]
	at com.st.stm32cube.common.mx.oss.core.awtswtbridge.AwtEnvironment$2.run(AwtEnvironment.java:166) ~[com.st.stm32cube.common.mx.oss_6.15.0.202507011659/:?]
	at java.awt.event.InvocationEvent.dispatch(InvocationEvent.java:318) ~[?:?]
	at java.awt.EventQueue.dispatchEventImpl(EventQueue.java:773) ~[?:?]
	at java.awt.EventQueue$4.run(EventQueue.java:720) ~[?:?]
	at java.awt.EventQueue$4.run(EventQueue.java:714) ~[?:?]
	at java.security.AccessController.doPrivileged(AccessController.java:400) ~[?:?]
	at java.security.ProtectionDomain$JavaSecurityAccessImpl.doIntersectionPrivilege(ProtectionDomain.java:87) ~[?:?]
	at java.awt.EventQueue.dispatchEvent(EventQueue.java:742) ~[?:?]
	at java.awt.EventDispatchThread.pumpOneEventForFilters(EventDispatchThread.java:203) ~[?:?]
	at java.awt.EventDispatchThread.pumpEventsForFilter(EventDispatchThread.java:124) ~[?:?]
	at java.awt.EventDispatchThread.pumpEventsForHierarchy(EventDispatchThread.java:113) ~[?:?]
	at java.awt.EventDispatchThread.pumpEvents(EventDispatchThread.java:109) ~[?:?]
	at java.awt.EventDispatchThread.pumpEvents(EventDispatchThread.java:101) ~[?:?]
	at java.awt.EventDispatchThread.run(EventDispatchThread.java:90) ~[?:?]
2026-07-02 23:16:33,583 [WARN] ThirdParty:871 - waiting for thirdparty lock release [close project]
2026-07-02 23:16:33,584 [INFO] ThirdParty:873 - entering critical section [close project]
2026-07-02 23:16:33,584 [INFO] ThirdParty:883 - exiting critical section [close project]
2026-07-02 23:16:33,584 [INFO] PinOutPanel:1589 - setPackage(No Configuration,No Configuration)
2026-07-02 23:16:33,589 [WARN] IpParametersView:155 - Warning: This peripheral hasn't parameters
2026-07-02 23:16:33,593 [WARN] MainPanel:289 - <html><b><center>Warning: This peripheral has no parameters to be configured<br></b></html>
2026-07-02 23:16:33,595 [INFO] UtilMem:75 - Begin LoadConfig() Used Memory: 859243456 Bytes (1073741824)
2026-07-02 23:16:33,596 [INFO] MicroXplorer:468 - Change Database Path : 
2026-07-02 23:16:33,596 [INFO] MicroXplorer:498 - Change Database Version : DB.6.0.150
2026-07-02 23:16:33,596 [INFO] OpenFileManager:355 - Change cursor
2026-07-02 23:16:33,607 [INFO] RulesReader:64 - Compatibility file has been processed (317 Rules)
2026-07-02 23:16:33,610 [INFO] Mcu:2029 - Initializing MCU STM32F401R(B-C)Tx STM32F401RCTx STM32F401RCT6TR
2026-07-02 23:16:34,514 [INFO] Context:786 - Trying to add GPIOservice into a context  which must be forbidden
2026-07-02 23:16:34,877 [INFO] ImportTextPane:234 - (OptionalMessage_ERROR) Pin18 (VP_RIF_VS_RIF1) cannot be retrieved for this MCU
2026-07-02 23:16:34,894 [WARN] ModelIntegratedComponent:63 - No mode defined for component null
2026-07-02 23:16:34,894 [WARN] ModelIntegratedComponent:63 - No mode defined for component null
2026-07-02 23:16:34,895 [WARN] ModelIntegratedComponent:63 - No mode defined for component null
2026-07-02 23:16:34,895 [WARN] ModelIntegratedComponent:63 - No mode defined for component null
2026-07-02 23:16:34,895 [WARN] ModelIntegratedComponent:63 - No mode defined for component null
2026-07-02 23:16:34,895 [WARN] ModelIntegratedComponent:63 - No mode defined for component null
2026-07-02 23:16:34,895 [WARN] ModelIntegratedComponent:63 - No mode defined for component null
2026-07-02 23:16:34,895 [WARN] ModelIntegratedComponent:63 - No mode defined for component null
2026-07-02 23:16:34,895 [WARN] ModelIntegratedComponent:63 - No mode defined for component null
2026-07-02 23:16:34,895 [WARN] ModelIntegratedComponent:63 - No mode defined for component null
2026-07-02 23:16:34,895 [WARN] ModelIntegratedComponent:63 - No mode defined for component null
2026-07-02 23:16:34,895 [WARN] ModelIntegratedComponent:63 - No mode defined for component null
2026-07-02 23:16:34,895 [WARN] ModelIntegratedComponent:63 - No mode defined for component null
2026-07-02 23:16:34,895 [WARN] ModelIntegratedComponent:63 - No mode defined for component null
2026-07-02 23:16:34,895 [WARN] ModelIntegratedComponent:63 - No mode defined for component null
2026-07-02 23:16:34,895 [WARN] ModelIntegratedComponent:63 - No mode defined for component null
2026-07-02 23:16:34,895 [WARN] ModelIntegratedComponent:63 - No mode defined for component null
2026-07-02 23:16:34,895 [WARN] ModelIntegratedComponent:63 - No mode defined for component null
2026-07-02 23:16:34,895 [WARN] ModelIntegratedComponent:63 - No mode defined for component null
2026-07-02 23:16:34,895 [WARN] ModelIntegratedComponent:63 - No mode defined for component null
2026-07-02 23:16:34,895 [WARN] ModelIntegratedComponent:63 - No mode defined for component null
2026-07-02 23:16:34,895 [WARN] ModelIntegratedComponent:63 - No mode defined for component null
2026-07-02 23:16:34,895 [WARN] ModelIntegratedComponent:63 - No mode defined for component null
2026-07-02 23:16:34,896 [WARN] ModelIntegratedComponent:63 - No mode defined for component null
2026-07-02 23:16:34,896 [WARN] ModelIntegratedComponent:63 - No mode defined for component null
2026-07-02 23:16:34,896 [WARN] ModelIntegratedComponent:63 - No mode defined for component null
2026-07-02 23:16:34,896 [WARN] ModelIntegratedComponent:63 - No mode defined for component null
2026-07-02 23:16:34,896 [WARN] ModelIntegratedComponent:63 - No mode defined for component null
2026-07-02 23:16:34,896 [WARN] ModelIntegratedComponent:63 - No mode defined for component null
2026-07-02 23:16:34,896 [WARN] ModelIntegratedComponent:63 - No mode defined for component null
2026-07-02 23:16:34,896 [WARN] ModelIntegratedComponent:63 - No mode defined for component null
2026-07-02 23:16:34,896 [WARN] ModelIntegratedComponent:63 - No mode defined for component null
2026-07-02 23:16:34,896 [WARN] ModelIntegratedComponent:63 - No mode defined for component null
2026-07-02 23:16:34,896 [WARN] ModelIntegratedComponent:63 - No mode defined for component null
2026-07-02 23:16:34,896 [WARN] ModelIntegratedComponent:63 - No mode defined for component null
2026-07-02 23:16:34,896 [WARN] ModelPack:524 - Component already loaded: STMicroelectronics:HAL Drivers:0.0.0:STMicroelectronics:Device:STMicro_Driver:XSPI:HAL::0.0.1:HAL_XSPI
2026-07-02 23:16:34,898 [INFO] RtosManager:558 - Registered RTOS mode: class=CMSIS, group=RTOS, mode=CMSIS_V1, owner=FREERTOS
2026-07-02 23:16:34,898 [INFO] RtosManager:558 - Registered RTOS mode: class=CMSIS, group=RTOS2, mode=CMSIS_V2, owner=FREERTOS
2026-07-02 23:16:34,898 [INFO] RtosManager:558 - Registered RTOS mode: class=RTOS, group=Core, mode=CMSIS_V1, owner=FREERTOS
2026-07-02 23:16:34,898 [INFO] RtosManager:558 - Registered RTOS mode: class=RTOS, group=Core, mode=CMSIS_V2, owner=FREERTOS
2026-07-02 23:16:34,898 [WARN] ModelIntegratedComponent:184 - Missing modes for component STMicroelectronics:FreeRTOS:0.0.1:STMicroelectronics:RTOS:FreeRTOS:Core:::10.2.0:
2026-07-02 23:16:34,898 [WARN] ModelIntegratedComponent:182 - Modes not found for component STMicroelectronics:USB_DEVICE:1.0.0:STMicroelectronics:USB::USB Device:Audio HS::1.0:USB_DEVICE_1_0_RESTRICTED_HS
2026-07-02 23:16:34,898 [WARN] ModelIntegratedComponent:188 - Modes not found for component STMicroelectronics:USB_DEVICE:1.0.0:STMicroelectronics:USB::USB Device:Audio HS::1.0:USB_DEVICE_1_0_RESTRICTED_HS
2026-07-02 23:16:34,898 [WARN] ModelIntegratedComponent:182 - Modes not found for component STMicroelectronics:USB_DEVICE:1.0.0:STMicroelectronics:USB::USB Device:CDC HS::1.0:USB_DEVICE_1_0_RESTRICTED_HS
2026-07-02 23:16:34,899 [WARN] ModelIntegratedComponent:188 - Modes not found for component STMicroelectronics:USB_DEVICE:1.0.0:STMicroelectronics:USB::USB Device:CDC HS::1.0:USB_DEVICE_1_0_RESTRICTED_HS
2026-07-02 23:16:34,899 [WARN] ModelIntegratedComponent:182 - Modes not found for component STMicroelectronics:USB_DEVICE:1.0.0:STMicroelectronics:USB::USB Device:DFU HS::1.0:USB_DEVICE_1_0_RESTRICTED_HS
2026-07-02 23:16:34,899 [WARN] ModelIntegratedComponent:188 - Modes not found for component STMicroelectronics:USB_DEVICE:1.0.0:STMicroelectronics:USB::USB Device:DFU HS::1.0:USB_DEVICE_1_0_RESTRICTED_HS
2026-07-02 23:16:34,899 [WARN] ModelIntegratedComponent:182 - Modes not found for component STMicroelectronics:USB_DEVICE:1.0.0:STMicroelectronics:USB::USB Device:HID HS::1.0:USB_DEVICE_1_0_RESTRICTED_HS
2026-07-02 23:16:34,899 [WARN] ModelIntegratedComponent:188 - Modes not found for component STMicroelectronics:USB_DEVICE:1.0.0:STMicroelectronics:USB::USB Device:HID HS::1.0:USB_DEVICE_1_0_RESTRICTED_HS
2026-07-02 23:16:34,899 [WARN] ModelIntegratedComponent:182 - Modes not found for component STMicroelectronics:USB_DEVICE:1.0.0:STMicroelectronics:USB::USB Device:Custom HID HS::1.0:USB_DEVICE_1_0_RESTRICTED_HS
2026-07-02 23:16:34,899 [WARN] ModelIntegratedComponent:188 - Modes not found for component STMicroelectronics:USB_DEVICE:1.0.0:STMicroelectronics:USB::USB Device:Custom HID HS::1.0:USB_DEVICE_1_0_RESTRICTED_HS
2026-07-02 23:16:34,899 [WARN] ModelIntegratedComponent:182 - Modes not found for component STMicroelectronics:USB_DEVICE:1.0.0:STMicroelectronics:USB::USB Device:MSC HS::1.0:USB_DEVICE_1_0_RESTRICTED_HS
2026-07-02 23:16:34,899 [WARN] ModelIntegratedComponent:188 - Modes not found for component STMicroelectronics:USB_DEVICE:1.0.0:STMicroelectronics:USB::USB Device:MSC HS::1.0:USB_DEVICE_1_0_RESTRICTED_HS
2026-07-02 23:16:34,905 [WARN] ModelIntegratedComponent:182 - Modes not found for component STMicroelectronics:USB_HOST:1.0.0:STMicroelectronics:USB::USB Host:Audio HS::1.0:USB_HOST_1_0_RESTRICTED_HS
2026-07-02 23:16:34,906 [WARN] ModelIntegratedComponent:188 - Modes not found for component STMicroelectronics:USB_HOST:1.0.0:STMicroelectronics:USB::USB Host:Audio HS::1.0:USB_HOST_1_0_RESTRICTED_HS
2026-07-02 23:16:34,906 [WARN] ModelIntegratedComponent:182 - Modes not found for component STMicroelectronics:USB_HOST:1.0.0:STMicroelectronics:USB::USB Host:CDC HS::1.0:USB_HOST_1_0_RESTRICTED_HS
2026-07-02 23:16:34,906 [WARN] ModelIntegratedComponent:188 - Modes not found for component STMicroelectronics:USB_HOST:1.0.0:STMicroelectronics:USB::USB Host:CDC HS::1.0:USB_HOST_1_0_RESTRICTED_HS
2026-07-02 23:16:34,906 [WARN] ModelIntegratedComponent:182 - Modes not found for component STMicroelectronics:USB_HOST:1.0.0:STMicroelectronics:USB::USB Host:MSC HS::1.0:USB_HOST_1_0_RESTRICTED_HS
2026-07-02 23:16:34,906 [WARN] ModelIntegratedComponent:188 - Modes not found for component STMicroelectronics:USB_HOST:1.0.0:STMicroelectronics:USB::USB Host:MSC HS::1.0:USB_HOST_1_0_RESTRICTED_HS
2026-07-02 23:16:34,906 [WARN] ModelIntegratedComponent:182 - Modes not found for component STMicroelectronics:USB_HOST:1.0.0:STMicroelectronics:USB::USB Host:HID HS::1.0:USB_HOST_1_0_RESTRICTED_HS
2026-07-02 23:16:34,906 [WARN] ModelIntegratedComponent:188 - Modes not found for component STMicroelectronics:USB_HOST:1.0.0:STMicroelectronics:USB::USB Host:HID HS::1.0:USB_HOST_1_0_RESTRICTED_HS
2026-07-02 23:16:34,906 [WARN] ModelIntegratedComponent:182 - Modes not found for component STMicroelectronics:USB_HOST:1.0.0:STMicroelectronics:USB::USB Host:MTP HS::1.0:USB_HOST_1_0_RESTRICTED_HS
2026-07-02 23:16:34,906 [WARN] ModelIntegratedComponent:188 - Modes not found for component STMicroelectronics:USB_HOST:1.0.0:STMicroelectronics:USB::USB Host:MTP HS::1.0:USB_HOST_1_0_RESTRICTED_HS
2026-07-02 23:16:34,908 [INFO] ThirdPartyModel:298 - Start build external matchings
2026-07-02 23:16:34,929 [INFO] ThirdPartyModel:316 - End build external matchings
2026-07-02 23:16:34,933 [INFO] ImportTextPane:234 - (OptionalMessage_ERROR) IP (RCC) : Parameter (RTCHSEDivFreq_Value) has invalid value (12500000)
2026-07-02 23:16:35,195 [INFO] UtilMem:75 - End LoadConfig() Used Memory: 771087168 Bytes (1073741824)
2026-07-02 23:16:35,300 [WARN] ThirdParty:833 - waiting for thirdparty lock release [change project]
2026-07-02 23:16:35,301 [INFO] ThirdParty:835 - entering critical section [change project]
2026-07-02 23:16:35,301 [INFO] ThirdParty:1030 - CMSIS Pack Vendor :STMicroelectronics X-CUBE-PM33A1 1.0.0
2026-07-02 23:16:35,301 [INFO] ThirdParty:1030 - CMSIS Pack Vendor :STMicroelectronics USBPD 4.1
2026-07-02 23:16:35,301 [INFO] ThirdParty:1030 - CMSIS Pack Vendor :STMicroelectronics X-CUBE-DISPLAY 3.0.0
2026-07-02 23:16:35,301 [INFO] ThirdParty:1030 - CMSIS Pack Vendor :STMicroelectronics X-CUBE-NFC9 1.0.0
2026-07-02 23:16:35,301 [INFO] ThirdParty:1030 - CMSIS Pack Vendor :STMicroelectronics X-CUBE-NFC7 2.0.0
2026-07-02 23:16:35,301 [INFO] ThirdParty:1030 - CMSIS Pack Vendor :STMicroelectronics X-CUBE-TCPP 4.2.0
2026-07-02 23:16:35,301 [INFO] ThirdParty:1030 - CMSIS Pack Vendor :STMicroelectronics USB_HOST 2.0.0
2026-07-02 23:16:35,301 [INFO] ThirdParty:1030 - CMSIS Pack Vendor :STMicroelectronics LIBJPEG 8.0.0
2026-07-02 23:16:35,302 [INFO] ThirdParty:1030 - CMSIS Pack Vendor :STMicroelectronics FP-ATR-ASTRA1 2.0.2
2026-07-02 23:16:35,302 [INFO] ThirdParty:1030 - CMSIS Pack Vendor :STMicroelectronics FP-ATR-SIGFOX1 3.2.0
2026-07-02 23:16:35,302 [INFO] ThirdParty:1030 - CMSIS Pack Vendor :STMicroelectronics X-CUBE-NFC10 1.0.0
2026-07-02 23:16:35,302 [INFO] ThirdParty:1030 - CMSIS Pack Vendor :STMicroelectronics X-CUBE-BLE1 7.1.0
2026-07-02 23:16:35,302 [INFO] ThirdParty:1030 - CMSIS Pack Vendor :STMicroelectronics USB_DEVICE 3.0.0
2026-07-02 23:16:35,302 [INFO] ThirdParty:1030 - CMSIS Pack Vendor :STMicroelectronics X-CUBE-ISPU 2.1.0
2026-07-02 23:16:35,302 [INFO] ThirdParty:1030 - CMSIS Pack Vendor :STMicroelectronics HAL Drivers 0.0.0
2026-07-02 23:16:35,302 [INFO] ThirdParty:1030 - CMSIS Pack Vendor :STMicroelectronics MBEDTLS 2.16.2
2026-07-02 23:16:35,302 [INFO] ThirdParty:1030 - CMSIS Pack Vendor :STMicroelectronics X-CUBE-ALS 1.0.2
2026-07-02 23:16:35,302 [INFO] ThirdParty:1030 - CMSIS Pack Vendor :STMicroelectronics MBEDTLS 2.14.1
2026-07-02 23:16:35,302 [INFO] ThirdParty:1030 - CMSIS Pack Vendor :STMicroelectronics USB_DEVICE 2.0.0
2026-07-02 23:16:35,302 [INFO] ThirdParty:1030 - CMSIS Pack Vendor :STMicroelectronics ThreadX 1.0.0
2026-07-02 23:16:35,302 [INFO] ThirdParty:1030 - CMSIS Pack Vendor :STMicroelectronics FP-SNS-SMARTAG2 1.2.0
2026-07-02 23:16:35,302 [INFO] ThirdParty:1030 - CMSIS Pack Vendor :STMicroelectronics FP-SNS-FLIGHT1 5.1.0
2026-07-02 23:16:35,302 [INFO] ThirdParty:1030 - CMSIS Pack Vendor :STMicroelectronics X-CUBE-DPower 1.3.0
2026-07-02 23:16:35,302 [INFO] ThirdParty:1030 - CMSIS Pack Vendor :STMicroelectronics FreeRTOS 0.0.1
2026-07-02 23:16:35,303 [INFO] ThirdParty:1030 - CMSIS Pack Vendor :STMicroelectronics USB_DEVICE 1.0.0
2026-07-02 23:16:35,303 [INFO] ThirdParty:1030 - CMSIS Pack Vendor :STMicroelectronics X-CUBE-NFC4 3.0.0
2026-07-02 23:16:35,303 [INFO] ThirdParty:1030 - CMSIS Pack Vendor :STMicroelectronics X-CUBE-SUBG2 5.0.0
2026-07-02 23:16:35,303 [INFO] ThirdParty:1030 - CMSIS Pack Vendor :STMicroelectronics STM32_WPAN 1.0.0
2026-07-02 23:16:35,303 [INFO] ThirdParty:1030 - CMSIS Pack Vendor :STMicroelectronics ThreadX 0.0.2
2026-07-02 23:16:35,303 [INFO] ThirdParty:1030 - CMSIS Pack Vendor :STMicroelectronics lwIP 2.0.3
2026-07-02 23:16:35,303 [INFO] ThirdParty:1030 - CMSIS Pack Vendor :STMicroelectronics lwIP 2.1.2
2026-07-02 23:16:35,303 [INFO] ThirdParty:1030 - CMSIS Pack Vendor :STMicroelectronics X-CUBE-SFXS2LP1 4.0.0
2026-07-02 23:16:35,303 [INFO] ThirdParty:1030 - CMSIS Pack Vendor :STMicroelectronics X-CUBE-BLE2 3.3.0
2026-07-02 23:16:35,303 [INFO] ThirdParty:1030 - CMSIS Pack Vendor :STMicroelectronics X-CUBE-TOF1 3.4.3
2026-07-02 23:16:35,303 [INFO] ThirdParty:1030 - CMSIS Pack Vendor :STMicroelectronics USB_HOST 1.0.0
2026-07-02 23:16:35,303 [INFO] ThirdParty:1030 - CMSIS Pack Vendor :STMicroelectronics PDM2PCM 3.1.0
2026-07-02 23:16:35,303 [INFO] ThirdParty:1030 - CMSIS Pack Vendor :STMicroelectronics PDM2PCM 3.2.0
2026-07-02 23:16:35,303 [INFO] ThirdParty:1030 - CMSIS Pack Vendor :STMicroelectronics PDM2PCM 3.3.0
2026-07-02 23:16:35,304 [INFO] ThirdParty:841 - exiting critical section [change project]
2026-07-02 23:16:35,546 [INFO] PinOutPanel:1589 - setPackage(No Configuration,No Configuration)
2026-07-02 23:16:35,547 [INFO] PinOutPanel:1589 - setPackage(STM32F401RCTx,LQFP64)
2026-07-02 23:16:35,748 [INFO] UtilMem:75 - Before build in PCC Used Memory: 887074440 Bytes (1073741824)
2026-07-02 23:16:35,932 [INFO] UtilMem:75 - After build in PCC Used Memory: 931516536 Bytes (1073741824)
2026-07-02 23:16:35,954 [INFO] IPUIPlugin:80 - create IPUIPlugin
2026-07-02 23:16:35,954 [INFO] IPUIPlugin:80 - create IPUIPlugin
2026-07-02 23:16:35,954 [INFO] IPUIPlugin:80 - create IPUIPlugin
2026-07-02 23:16:35,954 [INFO] IPUIPlugin:80 - create IPUIPlugin
2026-07-02 23:16:35,954 [INFO] IPUIPlugin:80 - create IPUIPlugin
2026-07-02 23:16:35,954 [INFO] IPUIPlugin:80 - create IPUIPlugin
2026-07-02 23:16:35,955 [INFO] IPUIPlugin:80 - create IPUIPlugin
2026-07-02 23:16:35,955 [INFO] IPUIPlugin:80 - create IPUIPlugin
2026-07-02 23:16:35,955 [INFO] IPUIPlugin:80 - create IPUIPlugin
2026-07-02 23:16:35,955 [INFO] IPUIPlugin:80 - create IPUIPlugin
2026-07-02 23:16:35,955 [INFO] IPUIPlugin:80 - create IPUIPlugin
2026-07-02 23:16:35,955 [INFO] IPUIPlugin:80 - create IPUIPlugin
2026-07-02 23:16:35,955 [INFO] IPUIPlugin:80 - create IPUIPlugin
2026-07-02 23:16:35,955 [INFO] IPUIPlugin:80 - create IPUIPlugin
2026-07-02 23:16:35,955 [INFO] IPUIPlugin:80 - create IPUIPlugin
2026-07-02 23:16:35,956 [INFO] IPUIPlugin:80 - create IPUIPlugin
2026-07-02 23:16:35,956 [INFO] IPUIPlugin:80 - create IPUIPlugin
2026-07-02 23:16:35,956 [INFO] IPUIPlugin:80 - create IPUIPlugin
2026-07-02 23:16:35,956 [INFO] IPUIPlugin:80 - create IPUIPlugin
2026-07-02 23:16:35,957 [INFO] IPUIPlugin:80 - create IPUIPlugin
2026-07-02 23:16:35,957 [INFO] IPUIPlugin:80 - create IPUIPlugin
2026-07-02 23:16:35,957 [INFO] IPUIPlugin:80 - create IPUIPlugin
2026-07-02 23:16:35,957 [INFO] IPUIPlugin:80 - create IPUIPlugin
2026-07-02 23:16:35,957 [INFO] IPUIPlugin:80 - create IPUIPlugin
2026-07-02 23:16:35,958 [INFO] IPUIPlugin:80 - create IPUIPlugin
2026-07-02 23:16:35,958 [INFO] IPUIPlugin:80 - create IPUIPlugin
2026-07-02 23:16:35,958 [INFO] IPUIPlugin:80 - create IPUIPlugin
2026-07-02 23:16:35,958 [INFO] IPUIPlugin:80 - create IPUIPlugin
2026-07-02 23:16:35,958 [INFO] IPUIPlugin:80 - create IPUIPlugin
2026-07-02 23:16:35,959 [INFO] IPUIPlugin:80 - create IPUIPlugin
2026-07-02 23:16:35,959 [INFO] IPUIPlugin:80 - create IPUIPlugin
2026-07-02 23:16:35,959 [INFO] IPUIPlugin:80 - create IPUIPlugin
2026-07-02 23:16:35,959 [INFO] IPUIPlugin:80 - create IPUIPlugin
2026-07-02 23:16:35,960 [INFO] IPUIPlugin:80 - create IPUIPlugin
2026-07-02 23:16:35,960 [INFO] IPUIPlugin:80 - create IPUIPlugin
2026-07-02 23:16:35,960 [INFO] IPUIPlugin:80 - create IPUIPlugin
2026-07-02 23:16:35,961 [INFO] IPUIPlugin:80 - create IPUIPlugin
2026-07-02 23:16:35,961 [INFO] IPUIPlugin:80 - create IPUIPlugin
2026-07-02 23:16:35,965 [INFO] ApiDbMcu:532 - Load IP Config File for PDM2PCM
2026-07-02 23:16:35,966 [WARN] IP:2250 - I2C_Coeff_DF not found: check if there is a RefParameter without a condition.
2026-07-02 23:16:35,967 [WARN] IP:2250 - Analog_Filter not found: check if there is a RefParameter without a condition.
2026-07-02 23:16:36,015 [INFO] CADModel:165 - CPN selected for project levelSTM32F401RCT6TR
2026-07-02 23:16:36,015 [INFO] CADModel:114 - Register for checkConnection events
2026-07-02 23:16:36,095 [INFO] OpenFileManager:386 - Restore cursor
2026-07-02 23:16:36,400 [WARN] IP:2250 - I2C_Coeff_DF not found: check if there is a RefParameter without a condition.
2026-07-02 23:16:36,400 [WARN] IP:2250 - Analog_Filter not found: check if there is a RefParameter without a condition.
2026-07-02 23:16:36,401 [WARN] IP:2250 - I2C_Coeff_DF not found: check if there is a RefParameter without a condition.
2026-07-02 23:16:36,401 [WARN] IP:2250 - Analog_Filter not found: check if there is a RefParameter without a condition.
2026-07-02 23:17:18,108 [WARN] IP:2250 - I2C_Coeff_DF not found: check if there is a RefParameter without a condition.
2026-07-02 23:17:18,108 [WARN] IP:2250 - Analog_Filter not found: check if there is a RefParameter without a condition.
2026-07-02 23:17:18,108 [WARN] IP:2250 - I2C_Coeff_DF not found: check if there is a RefParameter without a condition.
2026-07-02 23:17:18,108 [WARN] IP:2250 - Analog_Filter not found: check if there is a RefParameter without a condition.
2026-07-02 23:17:18,130 [WARN] IP:2250 - I2C_Coeff_DF not found: check if there is a RefParameter without a condition.
2026-07-02 23:17:18,131 [WARN] IP:2250 - Analog_Filter not found: check if there is a RefParameter without a condition.
2026-07-02 23:17:18,154 [WARN] IP:2250 - I2C_Coeff_DF not found: check if there is a RefParameter without a condition.
2026-07-02 23:17:18,154 [WARN] IP:2250 - Analog_Filter not found: check if there is a RefParameter without a condition.
2026-07-02 23:18:16,046 [INFO] NvicIntPanel:101 - NVIC parent = com.st.microxplorer.plugins.ip.nvic.MultiNvicIntPanel[,0,0,0x0,invalid,layout=javax.swing.BoxLayout,alignmentX=0.0,alignmentY=0.0,border=,flags=9,maximumSize=,minimumSize=,preferredSize=]
2026-07-02 23:18:19,684 [INFO] NvicIntPanel:101 - NVIC parent = com.st.microxplorer.plugins.ip.nvic.MultiNvicIntPanel[,0,0,0x0,invalid,layout=javax.swing.BoxLayout,alignmentX=0.0,alignmentY=0.0,border=,flags=9,maximumSize=,minimumSize=,preferredSize=]
2026-07-02 23:18:19,783 [INFO] NvicIntPanel:101 - NVIC parent = com.st.microxplorer.plugins.ip.nvic.MultiNvicIntPanel[,0,0,0x0,invalid,layout=javax.swing.BoxLayout,alignmentX=0.0,alignmentY=0.0,border=,flags=9,maximumSize=,minimumSize=,preferredSize=]
2026-07-02 23:19:00,328 [INFO] NvicIntPanel:101 - NVIC parent = com.st.microxplorer.plugins.ip.nvic.MultiNvicIntPanel[,0,0,630x434,layout=javax.swing.BoxLayout,alignmentX=0.0,alignmentY=0.0,border=,flags=9,maximumSize=,minimumSize=,preferredSize=]
2026-07-02 23:19:14,895 [ERROR] LogOutputStream:75 - [STDERR_REDIRECT] java.lang.Error: no ComponentUI class for: com.st.microxplorer.plugins.ip.nvic.CheckBoxHeader[,0,0,0x0,invalid,alignmentX=0.0,alignmentY=0.0,border=,flags=0,maximumSize=,minimumSize=,preferredSize=,defaultIcon=,disabledIcon=,disabledSelectedIcon=,margin=null,paintBorder=true,paintFocus=true,pressedIcon=,rolloverEnabled=false,rolloverIcon=,rolloverSelectedIcon=,selectedIcon=,text=]
2026-07-02 23:19:14,897 [ERROR] LogOutputStream:75 - [STDERR_REDIRECT] 	at java.desktop/javax.swing.UIDefaults.getUIError(UIDefaults.java:763)
2026-07-02 23:19:14,898 [ERROR] LogOutputStream:75 - [STDERR_REDIRECT] 	at java.desktop/javax.swing.MultiUIDefaults.getUIError(MultiUIDefaults.java:144)
2026-07-02 23:19:14,899 [ERROR] LogOutputStream:75 - [STDERR_REDIRECT] 	at java.desktop/javax.swing.UIDefaults.getUI(UIDefaults.java:793)
2026-07-02 23:19:14,900 [ERROR] LogOutputStream:75 - [STDERR_REDIRECT] 	at java.desktop/javax.swing.UIManager.getUI(UIManager.java:1070)
2026-07-02 23:19:14,901 [ERROR] LogOutputStream:75 - [STDERR_REDIRECT] 	at java.desktop/javax.swing.JCheckBox.updateUI(JCheckBox.java:228)
2026-07-02 23:19:14,903 [ERROR] LogOutputStream:75 - [STDERR_REDIRECT] 	at java.desktop/javax.swing.AbstractButton.init(AbstractButton.java:2141)
2026-07-02 23:19:14,905 [ERROR] LogOutputStream:75 - [STDERR_REDIRECT] 	at java.desktop/javax.swing.JToggleButton.<init>(JToggleButton.java:187)
2026-07-02 23:19:14,906 [ERROR] LogOutputStream:75 - [STDERR_REDIRECT] 	at java.desktop/javax.swing.JCheckBox.<init>(JCheckBox.java:176)
2026-07-02 23:19:14,907 [ERROR] LogOutputStream:75 - [STDERR_REDIRECT] 	at java.desktop/javax.swing.JCheckBox.<init>(JCheckBox.java:97)
2026-07-02 23:19:14,908 [ERROR] LogOutputStream:75 - [STDERR_REDIRECT] 	at com.st.microxplorer.plugins.ip.nvic.CheckBoxHeader.<init>(CheckBoxHeader.java:55)
2026-07-02 23:19:14,910 [ERROR] LogOutputStream:75 - [STDERR_REDIRECT] 	at com.st.microxplorer.plugins.ip.nvic.NvicCodeSelectionTable.<init>(NvicCodeSelectionTable.java:75)
2026-07-02 23:19:14,912 [ERROR] LogOutputStream:75 - [STDERR_REDIRECT] 	at com.st.microxplorer.plugins.ip.nvic.NvicCodePanel.initComponents(NvicCodePanel.java:102)
2026-07-02 23:19:14,914 [ERROR] LogOutputStream:75 - [STDERR_REDIRECT] 	at com.st.microxplorer.plugins.ip.nvic.NvicCodePanel.<init>(NvicCodePanel.java:78)
2026-07-02 23:19:14,916 [ERROR] LogOutputStream:75 - [STDERR_REDIRECT] 	at com.st.microxplorer.plugins.ip.nvic.NvicTabbedPanel.<init>(NvicTabbedPanel.java:57)
2026-07-02 23:19:14,918 [ERROR] LogOutputStream:75 - [STDERR_REDIRECT] 	at com.st.microxplorer.plugins.ip.nvic.Nvic.getUI(Nvic.java:73)
2026-07-02 23:19:14,920 [ERROR] LogOutputStream:75 - [STDERR_REDIRECT] 	at com.st.microxplorer.plugins.ipmanager.gui.BlockDiagram.createIpPanel(BlockDiagram.java:402)
2026-07-02 23:19:14,922 [ERROR] LogOutputStream:75 - [STDERR_REDIRECT] 	at com.st.microxplorer.plugins.ipmanager.gui.BlockDiagram.getIPConfigPanel(BlockDiagram.java:552)
2026-07-02 23:19:14,923 [ERROR] LogOutputStream:75 - [STDERR_REDIRECT] 	at com.st.microxplorer.plugins.ipmanager.gui.BlockDiagram.getIPConfigPanel(BlockDiagram.java:458)
2026-07-02 23:19:14,925 [ERROR] LogOutputStream:75 - [STDERR_REDIRECT] 	at com.st.microxplorer.plugins.ipmanager.gui.BlockDiagram.propertyChange(BlockDiagram.java:1389)
2026-07-02 23:19:14,926 [ERROR] LogOutputStream:75 - [STDERR_REDIRECT] 	at java.desktop/java.beans.PropertyChangeSupport.fire(PropertyChangeSupport.java:343)
2026-07-02 23:19:14,928 [ERROR] LogOutputStream:75 - [STDERR_REDIRECT] 	at java.desktop/java.beans.PropertyChangeSupport.firePropertyChange(PropertyChangeSupport.java:335)
2026-07-02 23:19:14,929 [ERROR] LogOutputStream:75 - [STDERR_REDIRECT] 	at java.desktop/java.beans.PropertyChangeSupport.firePropertyChange(PropertyChangeSupport.java:268)
2026-07-02 23:19:14,931 [ERROR] LogOutputStream:75 - [STDERR_REDIRECT] 	at com.st.microxplorer.util.MXPropertyChangeSupport.firePropertyChange(MXPropertyChangeSupport.java:54)
2026-07-02 23:19:14,932 [ERROR] LogOutputStream:75 - [STDERR_REDIRECT] 	at com.st.microxplorer.mxsystem.MxSystem.firePropertyChange(MxSystem.java:357)
2026-07-02 23:19:14,934 [ERROR] LogOutputStream:75 - [STDERR_REDIRECT] 	at com.st.microxplorer.plugins.pinoutconfig.guiV5.PeripheralsSelectionPanel.selectIP(PeripheralsSelectionPanel.java:409)
2026-07-02 23:19:14,936 [ERROR] LogOutputStream:75 - [STDERR_REDIRECT] 	at com.st.microxplorer.plugins.pinoutconfig.guiV5.PeripheralsListListener.mouseClicked(PeripheralsListListener.java:103)
2026-07-02 23:19:14,938 [ERROR] LogOutputStream:75 - [STDERR_REDIRECT] 	at java.desktop/java.awt.AWTEventMulticaster.mouseClicked(AWTEventMulticaster.java:278)
2026-07-02 23:19:14,939 [ERROR] LogOutputStream:75 - [STDERR_REDIRECT] 	at java.desktop/java.awt.Component.processMouseEvent(Component.java:6624)
2026-07-02 23:19:14,941 [ERROR] LogOutputStream:75 - [STDERR_REDIRECT] 	at java.desktop/javax.swing.JComponent.processMouseEvent(JComponent.java:3398)
2026-07-02 23:19:14,942 [ERROR] LogOutputStream:75 - [STDERR_REDIRECT] 	at java.desktop/java.awt.Component.processEvent(Component.java:6386)
2026-07-02 23:19:14,943 [ERROR] LogOutputStream:75 - [STDERR_REDIRECT] 	at java.desktop/java.awt.Container.processEvent(Container.java:2266)
2026-07-02 23:19:14,944 [ERROR] LogOutputStream:75 - [STDERR_REDIRECT] 	at java.desktop/java.awt.Component.dispatchEventImpl(Component.java:4996)
2026-07-02 23:19:14,945 [ERROR] LogOutputStream:75 - [STDERR_REDIRECT] 	at java.desktop/java.awt.Container.dispatchEventImpl(Container.java:2324)
2026-07-02 23:19:14,946 [ERROR] LogOutputStream:75 - [STDERR_REDIRECT] 	at java.desktop/java.awt.Component.dispatchEvent(Component.java:4828)
2026-07-02 23:19:14,948 [ERROR] LogOutputStream:75 - [STDERR_REDIRECT] 	at java.desktop/java.awt.LightweightDispatcher.retargetMouseEvent(Container.java:4948)
2026-07-02 23:19:14,949 [ERROR] LogOutputStream:75 - [STDERR_REDIRECT] 	at java.desktop/java.awt.LightweightDispatcher.processMouseEvent(Container.java:4584)
2026-07-02 23:19:14,951 [ERROR] LogOutputStream:75 - [STDERR_REDIRECT] 	at java.desktop/java.awt.LightweightDispatcher.dispatchEvent(Container.java:4516)
2026-07-02 23:19:14,952 [ERROR] LogOutputStream:75 - [STDERR_REDIRECT] 	at java.desktop/java.awt.Container.dispatchEventImpl(Container.java:2310)
2026-07-02 23:19:14,954 [ERROR] LogOutputStream:75 - [STDERR_REDIRECT] 	at java.desktop/java.awt.Component.dispatchEvent(Component.java:4828)
2026-07-02 23:19:14,955 [ERROR] LogOutputStream:75 - [STDERR_REDIRECT] 	at java.desktop/java.awt.EventQueue.dispatchEventImpl(EventQueue.java:775)
2026-07-02 23:19:14,957 [ERROR] LogOutputStream:75 - [STDERR_REDIRECT] 	at java.desktop/java.awt.EventQueue$4.run(EventQueue.java:720)
2026-07-02 23:19:14,958 [ERROR] LogOutputStream:75 - [STDERR_REDIRECT] 	at java.desktop/java.awt.EventQueue$4.run(EventQueue.java:714)
2026-07-02 23:19:14,959 [ERROR] LogOutputStream:75 - [STDERR_REDIRECT] 	at java.base/java.security.AccessController.doPrivileged(AccessController.java:400)
2026-07-02 23:19:14,961 [ERROR] LogOutputStream:75 - [STDERR_REDIRECT] 	at java.base/java.security.ProtectionDomain$JavaSecurityAccessImpl.doIntersectionPrivilege(ProtectionDomain.java:87)
2026-07-02 23:19:14,963 [ERROR] LogOutputStream:75 - [STDERR_REDIRECT] 	at java.base/java.security.ProtectionDomain$JavaSecurityAccessImpl.doIntersectionPrivilege(ProtectionDomain.java:98)
2026-07-02 23:19:14,965 [ERROR] LogOutputStream:75 - [STDERR_REDIRECT] 	at java.desktop/java.awt.EventQueue$5.run(EventQueue.java:747)
2026-07-02 23:19:14,966 [ERROR] LogOutputStream:75 - [STDERR_REDIRECT] 	at java.desktop/java.awt.EventQueue$5.run(EventQueue.java:745)
2026-07-02 23:19:14,967 [ERROR] LogOutputStream:75 - [STDERR_REDIRECT] 	at java.base/java.security.AccessController.doPrivileged(AccessController.java:400)
2026-07-02 23:19:14,969 [ERROR] LogOutputStream:75 - [STDERR_REDIRECT] 	at java.base/java.security.ProtectionDomain$JavaSecurityAccessImpl.doIntersectionPrivilege(ProtectionDomain.java:87)
2026-07-02 23:19:14,971 [ERROR] LogOutputStream:75 - [STDERR_REDIRECT] 	at java.desktop/java.awt.EventQueue.dispatchEvent(EventQueue.java:744)
2026-07-02 23:19:14,973 [ERROR] LogOutputStream:75 - [STDERR_REDIRECT] 	at java.desktop/java.awt.EventDispatchThread.pumpOneEventForFilters(EventDispatchThread.java:203)
2026-07-02 23:19:14,974 [ERROR] LogOutputStream:75 - [STDERR_REDIRECT] 	at java.desktop/java.awt.EventDispatchThread.pumpEventsForFilter(EventDispatchThread.java:124)
2026-07-02 23:19:14,976 [ERROR] LogOutputStream:75 - [STDERR_REDIRECT] 	at java.desktop/java.awt.EventDispatchThread.pumpEventsForHierarchy(EventDispatchThread.java:113)
2026-07-02 23:19:14,977 [ERROR] LogOutputStream:75 - [STDERR_REDIRECT] 	at java.desktop/java.awt.EventDispatchThread.pumpEvents(EventDispatchThread.java:109)
2026-07-02 23:19:14,979 [ERROR] LogOutputStream:75 - [STDERR_REDIRECT] 	at java.desktop/java.awt.EventDispatchThread.pumpEvents(EventDispatchThread.java:101)
2026-07-02 23:19:14,980 [ERROR] LogOutputStream:75 - [STDERR_REDIRECT] 	at java.desktop/java.awt.EventDispatchThread.run(EventDispatchThread.java:90)
2026-07-02 23:19:14,986 [ERROR] LogOutputStream:75 - [STDERR_REDIRECT] java.lang.Error: no ComponentUI class for: com.st.microxplorer.plugins.ip.nvic.CheckBoxHeader[,0,0,0x0,invalid,alignmentX=0.0,alignmentY=0.0,border=,flags=0,maximumSize=,minimumSize=,preferredSize=,defaultIcon=,disabledIcon=,disabledSelectedIcon=,margin=null,paintBorder=true,paintFocus=true,pressedIcon=,rolloverEnabled=false,rolloverIcon=,rolloverSelectedIcon=,selectedIcon=,text=]
2026-07-02 23:19:14,988 [ERROR] LogOutputStream:75 - [STDERR_REDIRECT] 	at java.desktop/javax.swing.UIDefaults.getUIError(UIDefaults.java:763)
2026-07-02 23:19:14,989 [ERROR] LogOutputStream:75 - [STDERR_REDIRECT] 	at java.desktop/javax.swing.MultiUIDefaults.getUIError(MultiUIDefaults.java:144)
2026-07-02 23:19:14,991 [ERROR] LogOutputStream:75 - [STDERR_REDIRECT] 	at java.desktop/javax.swing.UIDefaults.getUI(UIDefaults.java:793)
2026-07-02 23:19:14,993 [ERROR] LogOutputStream:75 - [STDERR_REDIRECT] 	at java.desktop/javax.swing.UIManager.getUI(UIManager.java:1070)
2026-07-02 23:19:14,994 [ERROR] LogOutputStream:75 - [STDERR_REDIRECT] 	at java.desktop/javax.swing.JCheckBox.updateUI(JCheckBox.java:228)
2026-07-02 23:19:14,996 [ERROR] LogOutputStream:75 - [STDERR_REDIRECT] 	at java.desktop/javax.swing.AbstractButton.init(AbstractButton.java:2141)
2026-07-02 23:19:14,997 [ERROR] LogOutputStream:75 - [STDERR_REDIRECT] 	at java.desktop/javax.swing.JToggleButton.<init>(JToggleButton.java:187)
2026-07-02 23:19:14,998 [ERROR] LogOutputStream:75 - [STDERR_REDIRECT] 	at java.desktop/javax.swing.JCheckBox.<init>(JCheckBox.java:176)
2026-07-02 23:19:14,999 [ERROR] LogOutputStream:75 - [STDERR_REDIRECT] 	at java.desktop/javax.swing.JCheckBox.<init>(JCheckBox.java:97)
2026-07-02 23:19:15,001 [ERROR] LogOutputStream:75 - [STDERR_REDIRECT] 	at com.st.microxplorer.plugins.ip.nvic.CheckBoxHeader.<init>(CheckBoxHeader.java:55)
2026-07-02 23:19:15,003 [ERROR] LogOutputStream:75 - [STDERR_REDIRECT] 	at com.st.microxplorer.plugins.ip.nvic.NvicCodeSelectionTable.<init>(NvicCodeSelectionTable.java:78)
2026-07-02 23:19:15,005 [ERROR] LogOutputStream:75 - [STDERR_REDIRECT] 	at com.st.microxplorer.plugins.ip.nvic.NvicCodePanel.initComponents(NvicCodePanel.java:102)
2026-07-02 23:19:15,006 [ERROR] LogOutputStream:75 - [STDERR_REDIRECT] 	at com.st.microxplorer.plugins.ip.nvic.NvicCodePanel.<init>(NvicCodePanel.java:78)
2026-07-02 23:19:15,008 [ERROR] LogOutputStream:75 - [STDERR_REDIRECT] 	at com.st.microxplorer.plugins.ip.nvic.NvicTabbedPanel.<init>(NvicTabbedPanel.java:57)
2026-07-02 23:19:15,009 [ERROR] LogOutputStream:75 - [STDERR_REDIRECT] 	at com.st.microxplorer.plugins.ip.nvic.Nvic.getUI(Nvic.java:73)
2026-07-02 23:19:15,010 [ERROR] LogOutputStream:75 - [STDERR_REDIRECT] 	at com.st.microxplorer.plugins.ipmanager.gui.BlockDiagram.createIpPanel(BlockDiagram.java:402)
2026-07-02 23:19:15,012 [ERROR] LogOutputStream:75 - [STDERR_REDIRECT] 	at com.st.microxplorer.plugins.ipmanager.gui.BlockDiagram.getIPConfigPanel(BlockDiagram.java:552)
2026-07-02 23:19:15,013 [ERROR] LogOutputStream:75 - [STDERR_REDIRECT] 	at com.st.microxplorer.plugins.ipmanager.gui.BlockDiagram.getIPConfigPanel(BlockDiagram.java:458)
2026-07-02 23:19:15,015 [ERROR] LogOutputStream:75 - [STDERR_REDIRECT] 	at com.st.microxplorer.plugins.ipmanager.gui.BlockDiagram.propertyChange(BlockDiagram.java:1389)
2026-07-02 23:19:15,016 [ERROR] LogOutputStream:75 - [STDERR_REDIRECT] 	at java.desktop/java.beans.PropertyChangeSupport.fire(PropertyChangeSupport.java:343)
2026-07-02 23:19:15,017 [ERROR] LogOutputStream:75 - [STDERR_REDIRECT] 	at java.desktop/java.beans.PropertyChangeSupport.firePropertyChange(PropertyChangeSupport.java:335)
2026-07-02 23:19:15,019 [ERROR] LogOutputStream:75 - [STDERR_REDIRECT] 	at java.desktop/java.beans.PropertyChangeSupport.firePropertyChange(PropertyChangeSupport.java:268)
2026-07-02 23:19:15,021 [ERROR] LogOutputStream:75 - [STDERR_REDIRECT] 	at com.st.microxplorer.util.MXPropertyChangeSupport.firePropertyChange(MXPropertyChangeSupport.java:54)
2026-07-02 23:19:15,022 [ERROR] LogOutputStream:75 - [STDERR_REDIRECT] 	at com.st.microxplorer.mxsystem.MxSystem.firePropertyChange(MxSystem.java:357)
2026-07-02 23:19:15,024 [ERROR] LogOutputStream:75 - [STDERR_REDIRECT] 	at com.st.microxplorer.plugins.pinoutconfig.guiV5.PeripheralsSelectionPanel.selectIP(PeripheralsSelectionPanel.java:409)
2026-07-02 23:19:15,025 [ERROR] LogOutputStream:75 - [STDERR_REDIRECT] 	at com.st.microxplorer.plugins.pinoutconfig.guiV5.PeripheralsListListener.mouseClicked(PeripheralsListListener.java:103)
2026-07-02 23:19:15,026 [ERROR] LogOutputStream:75 - [STDERR_REDIRECT] 	at java.desktop/java.awt.AWTEventMulticaster.mouseClicked(AWTEventMulticaster.java:278)
2026-07-02 23:19:15,028 [ERROR] LogOutputStream:75 - [STDERR_REDIRECT] 	at java.desktop/java.awt.Component.processMouseEvent(Component.java:6624)
2026-07-02 23:19:15,029 [ERROR] LogOutputStream:75 - [STDERR_REDIRECT] 	at java.desktop/javax.swing.JComponent.processMouseEvent(JComponent.java:3398)
2026-07-02 23:19:15,030 [ERROR] LogOutputStream:75 - [STDERR_REDIRECT] 	at java.desktop/java.awt.Component.processEvent(Component.java:6386)
2026-07-02 23:19:15,031 [ERROR] LogOutputStream:75 - [STDERR_REDIRECT] 	at java.desktop/java.awt.Container.processEvent(Container.java:2266)
2026-07-02 23:19:15,032 [ERROR] LogOutputStream:75 - [STDERR_REDIRECT] 	at java.desktop/java.awt.Component.dispatchEventImpl(Component.java:4996)
2026-07-02 23:19:15,033 [ERROR] LogOutputStream:75 - [STDERR_REDIRECT] 	at java.desktop/java.awt.Container.dispatchEventImpl(Container.java:2324)
2026-07-02 23:19:15,034 [ERROR] LogOutputStream:75 - [STDERR_REDIRECT] 	at java.desktop/java.awt.Component.dispatchEvent(Component.java:4828)
2026-07-02 23:19:15,035 [ERROR] LogOutputStream:75 - [STDERR_REDIRECT] 	at java.desktop/java.awt.LightweightDispatcher.retargetMouseEvent(Container.java:4948)
2026-07-02 23:19:15,037 [ERROR] LogOutputStream:75 - [STDERR_REDIRECT] 	at java.desktop/java.awt.LightweightDispatcher.processMouseEvent(Container.java:4584)
2026-07-02 23:19:15,039 [ERROR] LogOutputStream:75 - [STDERR_REDIRECT] 	at java.desktop/java.awt.LightweightDispatcher.dispatchEvent(Container.java:4516)
2026-07-02 23:19:15,041 [ERROR] LogOutputStream:75 - [STDERR_REDIRECT] 	at java.desktop/java.awt.Container.dispatchEventImpl(Container.java:2310)
2026-07-02 23:19:15,042 [ERROR] LogOutputStream:75 - [STDERR_REDIRECT] 	at java.desktop/java.awt.Component.dispatchEvent(Component.java:4828)
2026-07-02 23:19:15,044 [ERROR] LogOutputStream:75 - [STDERR_REDIRECT] 	at java.desktop/java.awt.EventQueue.dispatchEventImpl(EventQueue.java:775)
2026-07-02 23:19:15,045 [ERROR] LogOutputStream:75 - [STDERR_REDIRECT] 	at java.desktop/java.awt.EventQueue$4.run(EventQueue.java:720)
2026-07-02 23:19:15,046 [ERROR] LogOutputStream:75 - [STDERR_REDIRECT] 	at java.desktop/java.awt.EventQueue$4.run(EventQueue.java:714)
2026-07-02 23:19:15,048 [ERROR] LogOutputStream:75 - [STDERR_REDIRECT] 	at java.base/java.security.AccessController.doPrivileged(AccessController.java:400)
2026-07-02 23:19:15,050 [ERROR] LogOutputStream:75 - [STDERR_REDIRECT] 	at java.base/java.security.ProtectionDomain$JavaSecurityAccessImpl.doIntersectionPrivilege(ProtectionDomain.java:87)
2026-07-02 23:19:15,051 [ERROR] LogOutputStream:75 - [STDERR_REDIRECT] 	at java.base/java.security.ProtectionDomain$JavaSecurityAccessImpl.doIntersectionPrivilege(ProtectionDomain.java:98)
2026-07-02 23:19:15,053 [ERROR] LogOutputStream:75 - [STDERR_REDIRECT] 	at java.desktop/java.awt.EventQueue$5.run(EventQueue.java:747)
2026-07-02 23:19:15,054 [ERROR] LogOutputStream:75 - [STDERR_REDIRECT] 	at java.desktop/java.awt.EventQueue$5.run(EventQueue.java:745)
2026-07-02 23:19:15,055 [ERROR] LogOutputStream:75 - [STDERR_REDIRECT] 	at java.base/java.security.AccessController.doPrivileged(AccessController.java:400)
2026-07-02 23:19:15,057 [ERROR] LogOutputStream:75 - [STDERR_REDIRECT] 	at java.base/java.security.ProtectionDomain$JavaSecurityAccessImpl.doIntersectionPrivilege(ProtectionDomain.java:87)
2026-07-02 23:19:15,058 [ERROR] LogOutputStream:75 - [STDERR_REDIRECT] 	at java.desktop/java.awt.EventQueue.dispatchEvent(EventQueue.java:744)
2026-07-02 23:19:15,059 [ERROR] LogOutputStream:75 - [STDERR_REDIRECT] 	at java.desktop/java.awt.EventDispatchThread.pumpOneEventForFilters(EventDispatchThread.java:203)
2026-07-02 23:19:15,061 [ERROR] LogOutputStream:75 - [STDERR_REDIRECT] 	at java.desktop/java.awt.EventDispatchThread.pumpEventsForFilter(EventDispatchThread.java:124)
2026-07-02 23:19:15,063 [ERROR] LogOutputStream:75 - [STDERR_REDIRECT] 	at java.desktop/java.awt.EventDispatchThread.pumpEventsForHierarchy(EventDispatchThread.java:113)
2026-07-02 23:19:15,064 [ERROR] LogOutputStream:75 - [STDERR_REDIRECT] 	at java.desktop/java.awt.EventDispatchThread.pumpEvents(EventDispatchThread.java:109)
2026-07-02 23:19:15,065 [ERROR] LogOutputStream:75 - [STDERR_REDIRECT] 	at java.desktop/java.awt.EventDispatchThread.pumpEvents(EventDispatchThread.java:101)
2026-07-02 23:19:15,066 [ERROR] LogOutputStream:75 - [STDERR_REDIRECT] 	at java.desktop/java.awt.EventDispatchThread.run(EventDispatchThread.java:90)
2026-07-02 23:20:12,978 [WARN] IP:2250 - I2C_Coeff_DF not found: check if there is a RefParameter without a condition.
2026-07-02 23:20:12,978 [WARN] IP:2250 - Analog_Filter not found: check if there is a RefParameter without a condition.
2026-07-02 23:20:12,978 [WARN] IP:2250 - I2C_Coeff_DF not found: check if there is a RefParameter without a condition.
2026-07-02 23:20:12,978 [WARN] IP:2250 - Analog_Filter not found: check if there is a RefParameter without a condition.
2026-07-02 23:20:13,065 [ERROR] LogOutputStream:75 - [STDERR_REDIRECT] java.lang.Error: no ComponentUI class for: com.st.microxplorer.plugins.ip.nvic.CheckBoxHeader[,0,0,0x0,invalid,alignmentX=0.0,alignmentY=0.0,border=,flags=0,maximumSize=,minimumSize=,preferredSize=,defaultIcon=,disabledIcon=,disabledSelectedIcon=,margin=null,paintBorder=true,paintFocus=true,pressedIcon=,rolloverEnabled=false,rolloverIcon=,rolloverSelectedIcon=,selectedIcon=,text=]
2026-07-02 23:20:13,066 [ERROR] LogOutputStream:75 - [STDERR_REDIRECT] 	at java.desktop/javax.swing.UIDefaults.getUIError(UIDefaults.java:763)
2026-07-02 23:20:13,067 [ERROR] LogOutputStream:75 - [STDERR_REDIRECT] 	at java.desktop/javax.swing.MultiUIDefaults.getUIError(MultiUIDefaults.java:144)
2026-07-02 23:20:13,068 [ERROR] LogOutputStream:75 - [STDERR_REDIRECT] 	at java.desktop/javax.swing.UIDefaults.getUI(UIDefaults.java:793)
2026-07-02 23:20:13,069 [ERROR] LogOutputStream:75 - [STDERR_REDIRECT] 	at java.desktop/javax.swing.UIManager.getUI(UIManager.java:1070)
2026-07-02 23:20:13,071 [ERROR] LogOutputStream:75 - [STDERR_REDIRECT] 	at java.desktop/javax.swing.JCheckBox.updateUI(JCheckBox.java:228)
2026-07-02 23:20:13,072 [ERROR] LogOutputStream:75 - [STDERR_REDIRECT] 	at java.desktop/javax.swing.AbstractButton.init(AbstractButton.java:2141)
2026-07-02 23:20:13,073 [ERROR] LogOutputStream:75 - [STDERR_REDIRECT] 	at java.desktop/javax.swing.JToggleButton.<init>(JToggleButton.java:187)
2026-07-02 23:20:13,074 [ERROR] LogOutputStream:75 - [STDERR_REDIRECT] 	at java.desktop/javax.swing.JCheckBox.<init>(JCheckBox.java:176)
2026-07-02 23:20:13,075 [ERROR] LogOutputStream:75 - [STDERR_REDIRECT] 	at java.desktop/javax.swing.JCheckBox.<init>(JCheckBox.java:97)
2026-07-02 23:20:13,076 [ERROR] LogOutputStream:75 - [STDERR_REDIRECT] 	at com.st.microxplorer.plugins.ip.nvic.CheckBoxHeader.<init>(CheckBoxHeader.java:55)
2026-07-02 23:20:13,077 [ERROR] LogOutputStream:75 - [STDERR_REDIRECT] 	at com.st.microxplorer.plugins.ip.nvic.NvicCodeSelectionTable.<init>(NvicCodeSelectionTable.java:75)
2026-07-02 23:20:13,078 [ERROR] LogOutputStream:75 - [STDERR_REDIRECT] 	at com.st.microxplorer.plugins.ip.nvic.NvicCodePanel.initComponents(NvicCodePanel.java:102)
2026-07-02 23:20:13,079 [ERROR] LogOutputStream:75 - [STDERR_REDIRECT] 	at com.st.microxplorer.plugins.ip.nvic.NvicCodePanel.<init>(NvicCodePanel.java:78)
2026-07-02 23:20:13,081 [ERROR] LogOutputStream:75 - [STDERR_REDIRECT] 	at com.st.microxplorer.plugins.ip.nvic.NvicTabbedPanel.<init>(NvicTabbedPanel.java:57)
2026-07-02 23:20:13,081 [ERROR] LogOutputStream:75 - [STDERR_REDIRECT] 	at com.st.microxplorer.plugins.ip.nvic.Nvic.getUI(Nvic.java:73)
2026-07-02 23:20:13,083 [ERROR] LogOutputStream:75 - [STDERR_REDIRECT] 	at com.st.microxplorer.plugins.ipmanager.gui.BlockDiagram.createIpPanel(BlockDiagram.java:402)
2026-07-02 23:20:13,084 [ERROR] LogOutputStream:75 - [STDERR_REDIRECT] 	at com.st.microxplorer.plugins.ipmanager.gui.BlockDiagram.getIPConfigPanel(BlockDiagram.java:552)
2026-07-02 23:20:13,085 [ERROR] LogOutputStream:75 - [STDERR_REDIRECT] 	at com.st.microxplorer.plugins.ipmanager.gui.BlockDiagram.getIPConfigPanel(BlockDiagram.java:458)
2026-07-02 23:20:13,087 [ERROR] LogOutputStream:75 - [STDERR_REDIRECT] 	at com.st.microxplorer.plugins.ipmanager.gui.BlockDiagram.propertyChange(BlockDiagram.java:1402)
2026-07-02 23:20:13,088 [ERROR] LogOutputStream:75 - [STDERR_REDIRECT] 	at java.desktop/java.beans.PropertyChangeSupport.fire(PropertyChangeSupport.java:343)
2026-07-02 23:20:13,089 [ERROR] LogOutputStream:75 - [STDERR_REDIRECT] 	at java.desktop/java.beans.PropertyChangeSupport.firePropertyChange(PropertyChangeSupport.java:335)
2026-07-02 23:20:13,090 [ERROR] LogOutputStream:75 - [STDERR_REDIRECT] 	at java.desktop/java.beans.PropertyChangeSupport.firePropertyChange(PropertyChangeSupport.java:268)
2026-07-02 23:20:13,092 [ERROR] LogOutputStream:75 - [STDERR_REDIRECT] 	at com.st.microxplorer.util.MXPropertyChangeSupport.firePropertyChange(MXPropertyChangeSupport.java:54)
2026-07-02 23:20:13,093 [ERROR] LogOutputStream:75 - [STDERR_REDIRECT] 	at com.st.microxplorer.mxsystem.MxSystem.MxFirePropertyChange(MxSystem.java:219)
2026-07-02 23:20:13,094 [ERROR] LogOutputStream:75 - [STDERR_REDIRECT] 	at com.st.microxplorer.plugins.clock.gui.MultiplexerUI$2.done(MultiplexerUI.java:508)
2026-07-02 23:20:13,095 [ERROR] LogOutputStream:75 - [STDERR_REDIRECT] 	at java.desktop/javax.swing.SwingWorker$4.run(SwingWorker.java:749)
2026-07-02 23:20:13,096 [ERROR] LogOutputStream:75 - [STDERR_REDIRECT] 	at java.desktop/javax.swing.SwingWorker$DoSubmitAccumulativeRunnable.run(SwingWorker.java:847)
2026-07-02 23:20:13,097 [ERROR] LogOutputStream:75 - [STDERR_REDIRECT] 	at java.desktop/sun.swing.AccumulativeRunnable.run(AccumulativeRunnable.java:112)
2026-07-02 23:20:13,098 [ERROR] LogOutputStream:75 - [STDERR_REDIRECT] 	at java.desktop/javax.swing.SwingWorker$DoSubmitAccumulativeRunnable.actionPerformed(SwingWorker.java:857)
2026-07-02 23:20:13,099 [ERROR] LogOutputStream:75 - [STDERR_REDIRECT] 	at java.desktop/javax.swing.Timer.fireActionPerformed(Timer.java:311)
2026-07-02 23:20:13,100 [ERROR] LogOutputStream:75 - [STDERR_REDIRECT] 	at java.desktop/javax.swing.Timer$DoPostEvent.run(Timer.java:243)
2026-07-02 23:20:13,101 [ERROR] LogOutputStream:75 - [STDERR_REDIRECT] 	at java.desktop/java.awt.event.InvocationEvent.dispatch(InvocationEvent.java:318)
2026-07-02 23:20:13,103 [ERROR] LogOutputStream:75 - [STDERR_REDIRECT] 	at java.desktop/java.awt.EventQueue.dispatchEventImpl(EventQueue.java:773)
2026-07-02 23:20:13,104 [ERROR] LogOutputStream:75 - [STDERR_REDIRECT] 	at java.desktop/java.awt.EventQueue$4.run(EventQueue.java:720)
2026-07-02 23:20:13,104 [ERROR] LogOutputStream:75 - [STDERR_REDIRECT] 	at java.desktop/java.awt.EventQueue$4.run(EventQueue.java:714)
2026-07-02 23:20:13,106 [ERROR] LogOutputStream:75 - [STDERR_REDIRECT] 	at java.base/java.security.AccessController.doPrivileged(AccessController.java:400)
2026-07-02 23:20:13,107 [ERROR] LogOutputStream:75 - [STDERR_REDIRECT] 	at java.base/java.security.ProtectionDomain$JavaSecurityAccessImpl.doIntersectionPrivilege(ProtectionDomain.java:87)
2026-07-02 23:20:13,108 [ERROR] LogOutputStream:75 - [STDERR_REDIRECT] 	at java.desktop/java.awt.EventQueue.dispatchEvent(EventQueue.java:742)
2026-07-02 23:20:13,109 [ERROR] LogOutputStream:75 - [STDERR_REDIRECT] 	at java.desktop/java.awt.EventDispatchThread.pumpOneEventForFilters(EventDispatchThread.java:203)
2026-07-02 23:20:13,110 [ERROR] LogOutputStream:75 - [STDERR_REDIRECT] 	at java.desktop/java.awt.EventDispatchThread.pumpEventsForFilter(EventDispatchThread.java:124)
2026-07-02 23:20:13,112 [ERROR] LogOutputStream:75 - [STDERR_REDIRECT] 	at java.desktop/java.awt.EventDispatchThread.pumpEventsForHierarchy(EventDispatchThread.java:113)
2026-07-02 23:20:13,113 [ERROR] LogOutputStream:75 - [STDERR_REDIRECT] 	at java.desktop/java.awt.EventDispatchThread.pumpEvents(EventDispatchThread.java:109)
2026-07-02 23:20:13,114 [ERROR] LogOutputStream:75 - [STDERR_REDIRECT] 	at java.desktop/java.awt.EventDispatchThread.pumpEvents(EventDispatchThread.java:101)
2026-07-02 23:20:13,115 [ERROR] LogOutputStream:75 - [STDERR_REDIRECT] 	at java.desktop/java.awt.EventDispatchThread.run(EventDispatchThread.java:90)
2026-07-02 23:20:13,120 [ERROR] LogOutputStream:75 - [STDERR_REDIRECT] java.lang.Error: no ComponentUI class for: com.st.microxplorer.plugins.ip.nvic.CheckBoxHeader[,0,0,0x0,invalid,alignmentX=0.0,alignmentY=0.0,border=,flags=0,maximumSize=,minimumSize=,preferredSize=,defaultIcon=,disabledIcon=,disabledSelectedIcon=,margin=null,paintBorder=true,paintFocus=true,pressedIcon=,rolloverEnabled=false,rolloverIcon=,rolloverSelectedIcon=,selectedIcon=,text=]
2026-07-02 23:20:13,121 [ERROR] LogOutputStream:75 - [STDERR_REDIRECT] 	at java.desktop/javax.swing.UIDefaults.getUIError(UIDefaults.java:763)
2026-07-02 23:20:13,122 [ERROR] LogOutputStream:75 - [STDERR_REDIRECT] 	at java.desktop/javax.swing.MultiUIDefaults.getUIError(MultiUIDefaults.java:144)
2026-07-02 23:20:13,123 [ERROR] LogOutputStream:75 - [STDERR_REDIRECT] 	at java.desktop/javax.swing.UIDefaults.getUI(UIDefaults.java:793)
2026-07-02 23:20:13,124 [ERROR] LogOutputStream:75 - [STDERR_REDIRECT] 	at java.desktop/javax.swing.UIManager.getUI(UIManager.java:1070)
2026-07-02 23:20:13,125 [ERROR] LogOutputStream:75 - [STDERR_REDIRECT] 	at java.desktop/javax.swing.JCheckBox.updateUI(JCheckBox.java:228)
2026-07-02 23:20:13,126 [ERROR] LogOutputStream:75 - [STDERR_REDIRECT] 	at java.desktop/javax.swing.AbstractButton.init(AbstractButton.java:2141)
2026-07-02 23:20:13,127 [ERROR] LogOutputStream:75 - [STDERR_REDIRECT] 	at java.desktop/javax.swing.JToggleButton.<init>(JToggleButton.java:187)
2026-07-02 23:20:13,128 [ERROR] LogOutputStream:75 - [STDERR_REDIRECT] 	at java.desktop/javax.swing.JCheckBox.<init>(JCheckBox.java:176)
2026-07-02 23:20:13,129 [ERROR] LogOutputStream:75 - [STDERR_REDIRECT] 	at java.desktop/javax.swing.JCheckBox.<init>(JCheckBox.java:97)
2026-07-02 23:20:13,130 [ERROR] LogOutputStream:75 - [STDERR_REDIRECT] 	at com.st.microxplorer.plugins.ip.nvic.CheckBoxHeader.<init>(CheckBoxHeader.java:55)
2026-07-02 23:20:13,131 [ERROR] LogOutputStream:75 - [STDERR_REDIRECT] 	at com.st.microxplorer.plugins.ip.nvic.NvicCodeSelectionTable.<init>(NvicCodeSelectionTable.java:78)
2026-07-02 23:20:13,132 [ERROR] LogOutputStream:75 - [STDERR_REDIRECT] 	at com.st.microxplorer.plugins.ip.nvic.NvicCodePanel.initComponents(NvicCodePanel.java:102)
2026-07-02 23:20:13,133 [ERROR] LogOutputStream:75 - [STDERR_REDIRECT] 	at com.st.microxplorer.plugins.ip.nvic.NvicCodePanel.<init>(NvicCodePanel.java:78)
2026-07-02 23:20:13,134 [ERROR] LogOutputStream:75 - [STDERR_REDIRECT] 	at com.st.microxplorer.plugins.ip.nvic.NvicTabbedPanel.<init>(NvicTabbedPanel.java:57)
2026-07-02 23:20:13,136 [ERROR] LogOutputStream:75 - [STDERR_REDIRECT] 	at com.st.microxplorer.plugins.ip.nvic.Nvic.getUI(Nvic.java:73)
2026-07-02 23:20:13,137 [ERROR] LogOutputStream:75 - [STDERR_REDIRECT] 	at com.st.microxplorer.plugins.ipmanager.gui.BlockDiagram.createIpPanel(BlockDiagram.java:402)
2026-07-02 23:20:13,138 [ERROR] LogOutputStream:75 - [STDERR_REDIRECT] 	at com.st.microxplorer.plugins.ipmanager.gui.BlockDiagram.getIPConfigPanel(BlockDiagram.java:552)
2026-07-02 23:20:13,140 [ERROR] LogOutputStream:75 - [STDERR_REDIRECT] 	at com.st.microxplorer.plugins.ipmanager.gui.BlockDiagram.getIPConfigPanel(BlockDiagram.java:458)
2026-07-02 23:20:13,141 [ERROR] LogOutputStream:75 - [STDERR_REDIRECT] 	at com.st.microxplorer.plugins.ipmanager.gui.BlockDiagram.propertyChange(BlockDiagram.java:1402)
2026-07-02 23:20:13,142 [ERROR] LogOutputStream:75 - [STDERR_REDIRECT] 	at java.desktop/java.beans.PropertyChangeSupport.fire(PropertyChangeSupport.java:343)
2026-07-02 23:20:13,143 [ERROR] LogOutputStream:75 - [STDERR_REDIRECT] 	at java.desktop/java.beans.PropertyChangeSupport.firePropertyChange(PropertyChangeSupport.java:335)
2026-07-02 23:20:13,146 [ERROR] LogOutputStream:75 - [STDERR_REDIRECT] 	at java.desktop/java.beans.PropertyChangeSupport.firePropertyChange(PropertyChangeSupport.java:268)
2026-07-02 23:20:13,147 [ERROR] LogOutputStream:75 - [STDERR_REDIRECT] 	at com.st.microxplorer.util.MXPropertyChangeSupport.firePropertyChange(MXPropertyChangeSupport.java:54)
2026-07-02 23:20:13,148 [ERROR] LogOutputStream:75 - [STDERR_REDIRECT] 	at com.st.microxplorer.mxsystem.MxSystem.MxFirePropertyChange(MxSystem.java:219)
2026-07-02 23:20:13,149 [ERROR] LogOutputStream:75 - [STDERR_REDIRECT] 	at com.st.microxplorer.plugins.clock.gui.MultiplexerUI$2.done(MultiplexerUI.java:508)
2026-07-02 23:20:13,150 [ERROR] LogOutputStream:75 - [STDERR_REDIRECT] 	at java.desktop/javax.swing.SwingWorker$4.run(SwingWorker.java:749)
2026-07-02 23:20:13,152 [ERROR] LogOutputStream:75 - [STDERR_REDIRECT] 	at java.desktop/javax.swing.SwingWorker$DoSubmitAccumulativeRunnable.run(SwingWorker.java:847)
2026-07-02 23:20:13,153 [ERROR] LogOutputStream:75 - [STDERR_REDIRECT] 	at java.desktop/sun.swing.AccumulativeRunnable.run(AccumulativeRunnable.java:112)
2026-07-02 23:20:13,154 [ERROR] LogOutputStream:75 - [STDERR_REDIRECT] 	at java.desktop/javax.swing.SwingWorker$DoSubmitAccumulativeRunnable.actionPerformed(SwingWorker.java:857)
2026-07-02 23:20:13,155 [ERROR] LogOutputStream:75 - [STDERR_REDIRECT] 	at java.desktop/javax.swing.Timer.fireActionPerformed(Timer.java:311)
2026-07-02 23:20:13,156 [ERROR] LogOutputStream:75 - [STDERR_REDIRECT] 	at java.desktop/javax.swing.Timer$DoPostEvent.run(Timer.java:243)
2026-07-02 23:20:13,157 [ERROR] LogOutputStream:75 - [STDERR_REDIRECT] 	at java.desktop/java.awt.event.InvocationEvent.dispatch(InvocationEvent.java:318)
2026-07-02 23:20:13,158 [ERROR] LogOutputStream:75 - [STDERR_REDIRECT] 	at java.desktop/java.awt.EventQueue.dispatchEventImpl(EventQueue.java:773)
2026-07-02 23:20:13,159 [ERROR] LogOutputStream:75 - [STDERR_REDIRECT] 	at java.desktop/java.awt.EventQueue$4.run(EventQueue.java:720)
2026-07-02 23:20:13,160 [ERROR] LogOutputStream:75 - [STDERR_REDIRECT] 	at java.desktop/java.awt.EventQueue$4.run(EventQueue.java:714)
2026-07-02 23:20:13,161 [ERROR] LogOutputStream:75 - [STDERR_REDIRECT] 	at java.base/java.security.AccessController.doPrivileged(AccessController.java:400)
2026-07-02 23:20:13,162 [ERROR] LogOutputStream:75 - [STDERR_REDIRECT] 	at java.base/java.security.ProtectionDomain$JavaSecurityAccessImpl.doIntersectionPrivilege(ProtectionDomain.java:87)
2026-07-02 23:20:13,163 [ERROR] LogOutputStream:75 - [STDERR_REDIRECT] 	at java.desktop/java.awt.EventQueue.dispatchEvent(EventQueue.java:742)
2026-07-02 23:20:13,165 [ERROR] LogOutputStream:75 - [STDERR_REDIRECT] 	at java.desktop/java.awt.EventDispatchThread.pumpOneEventForFilters(EventDispatchThread.java:203)
2026-07-02 23:20:13,166 [ERROR] LogOutputStream:75 - [STDERR_REDIRECT] 	at java.desktop/java.awt.EventDispatchThread.pumpEventsForFilter(EventDispatchThread.java:124)
2026-07-02 23:20:13,167 [ERROR] LogOutputStream:75 - [STDERR_REDIRECT] 	at java.desktop/java.awt.EventDispatchThread.pumpEventsForHierarchy(EventDispatchThread.java:113)
2026-07-02 23:20:13,168 [ERROR] LogOutputStream:75 - [STDERR_REDIRECT] 	at java.desktop/java.awt.EventDispatchThread.pumpEvents(EventDispatchThread.java:109)
2026-07-02 23:20:13,169 [ERROR] LogOutputStream:75 - [STDERR_REDIRECT] 	at java.desktop/java.awt.EventDispatchThread.pumpEvents(EventDispatchThread.java:101)
2026-07-02 23:20:13,170 [ERROR] LogOutputStream:75 - [STDERR_REDIRECT] 	at java.desktop/java.awt.EventDispatchThread.run(EventDispatchThread.java:90)
2026-07-02 23:20:31,391 [WARN] IP:2250 - I2C_Coeff_DF not found: check if there is a RefParameter without a condition.
2026-07-02 23:20:31,391 [WARN] IP:2250 - Analog_Filter not found: check if there is a RefParameter without a condition.
2026-07-02 23:20:31,392 [WARN] IP:2250 - I2C_Coeff_DF not found: check if there is a RefParameter without a condition.
2026-07-02 23:20:31,392 [WARN] IP:2250 - Analog_Filter not found: check if there is a RefParameter without a condition.
2026-07-02 23:20:31,489 [ERROR] LogOutputStream:75 - [STDERR_REDIRECT] java.lang.Error: no ComponentUI class for: com.st.microxplorer.plugins.ip.nvic.CheckBoxHeader[,0,0,0x0,invalid,alignmentX=0.0,alignmentY=0.0,border=,flags=0,maximumSize=,minimumSize=,preferredSize=,defaultIcon=,disabledIcon=,disabledSelectedIcon=,margin=null,paintBorder=true,paintFocus=true,pressedIcon=,rolloverEnabled=false,rolloverIcon=,rolloverSelectedIcon=,selectedIcon=,text=]
2026-07-02 23:20:31,490 [ERROR] LogOutputStream:75 - [STDERR_REDIRECT] 	at java.desktop/javax.swing.UIDefaults.getUIError(UIDefaults.java:763)
2026-07-02 23:20:31,491 [ERROR] LogOutputStream:75 - [STDERR_REDIRECT] 	at java.desktop/javax.swing.MultiUIDefaults.getUIError(MultiUIDefaults.java:144)
2026-07-02 23:20:31,492 [ERROR] LogOutputStream:75 - [STDERR_REDIRECT] 	at java.desktop/javax.swing.UIDefaults.getUI(UIDefaults.java:793)
2026-07-02 23:20:31,493 [ERROR] LogOutputStream:75 - [STDERR_REDIRECT] 	at java.desktop/javax.swing.UIManager.getUI(UIManager.java:1070)
2026-07-02 23:20:31,494 [ERROR] LogOutputStream:75 - [STDERR_REDIRECT] 	at java.desktop/javax.swing.JCheckBox.updateUI(JCheckBox.java:228)
2026-07-02 23:20:31,495 [ERROR] LogOutputStream:75 - [STDERR_REDIRECT] 	at java.desktop/javax.swing.AbstractButton.init(AbstractButton.java:2141)
2026-07-02 23:20:31,496 [ERROR] LogOutputStream:75 - [STDERR_REDIRECT] 	at java.desktop/javax.swing.JToggleButton.<init>(JToggleButton.java:187)
2026-07-02 23:20:31,496 [ERROR] LogOutputStream:75 - [STDERR_REDIRECT] 	at java.desktop/javax.swing.JCheckBox.<init>(JCheckBox.java:176)
2026-07-02 23:20:31,497 [ERROR] LogOutputStream:75 - [STDERR_REDIRECT] 	at java.desktop/javax.swing.JCheckBox.<init>(JCheckBox.java:97)
2026-07-02 23:20:31,498 [ERROR] LogOutputStream:75 - [STDERR_REDIRECT] 	at com.st.microxplorer.plugins.ip.nvic.CheckBoxHeader.<init>(CheckBoxHeader.java:55)
2026-07-02 23:20:31,500 [ERROR] LogOutputStream:75 - [STDERR_REDIRECT] 	at com.st.microxplorer.plugins.ip.nvic.NvicCodeSelectionTable.<init>(NvicCodeSelectionTable.java:75)
2026-07-02 23:20:31,501 [ERROR] LogOutputStream:75 - [STDERR_REDIRECT] 	at com.st.microxplorer.plugins.ip.nvic.NvicCodePanel.initComponents(NvicCodePanel.java:102)
2026-07-02 23:20:31,502 [ERROR] LogOutputStream:75 - [STDERR_REDIRECT] 	at com.st.microxplorer.plugins.ip.nvic.NvicCodePanel.<init>(NvicCodePanel.java:78)
2026-07-02 23:20:31,504 [ERROR] LogOutputStream:75 - [STDERR_REDIRECT] 	at com.st.microxplorer.plugins.ip.nvic.NvicTabbedPanel.<init>(NvicTabbedPanel.java:57)
2026-07-02 23:20:31,505 [ERROR] LogOutputStream:75 - [STDERR_REDIRECT] 	at com.st.microxplorer.plugins.ip.nvic.Nvic.getUI(Nvic.java:73)
2026-07-02 23:20:31,506 [ERROR] LogOutputStream:75 - [STDERR_REDIRECT] 	at com.st.microxplorer.plugins.ipmanager.gui.BlockDiagram.createIpPanel(BlockDiagram.java:402)
2026-07-02 23:20:31,507 [ERROR] LogOutputStream:75 - [STDERR_REDIRECT] 	at com.st.microxplorer.plugins.ipmanager.gui.BlockDiagram.getIPConfigPanel(BlockDiagram.java:552)
2026-07-02 23:20:31,508 [ERROR] LogOutputStream:75 - [STDERR_REDIRECT] 	at com.st.microxplorer.plugins.ipmanager.gui.BlockDiagram.getIPConfigPanel(BlockDiagram.java:458)
2026-07-02 23:20:31,509 [ERROR] LogOutputStream:75 - [STDERR_REDIRECT] 	at com.st.microxplorer.plugins.ipmanager.gui.BlockDiagram.propertyChange(BlockDiagram.java:1402)
2026-07-02 23:20:31,510 [ERROR] LogOutputStream:75 - [STDERR_REDIRECT] 	at java.desktop/java.beans.PropertyChangeSupport.fire(PropertyChangeSupport.java:343)
2026-07-02 23:20:31,512 [ERROR] LogOutputStream:75 - [STDERR_REDIRECT] 	at java.desktop/java.beans.PropertyChangeSupport.firePropertyChange(PropertyChangeSupport.java:335)
2026-07-02 23:20:31,513 [ERROR] LogOutputStream:75 - [STDERR_REDIRECT] 	at java.desktop/java.beans.PropertyChangeSupport.firePropertyChange(PropertyChangeSupport.java:268)
2026-07-02 23:20:31,514 [ERROR] LogOutputStream:75 - [STDERR_REDIRECT] 	at com.st.microxplorer.util.MXPropertyChangeSupport.firePropertyChange(MXPropertyChangeSupport.java:54)
2026-07-02 23:20:31,515 [ERROR] LogOutputStream:75 - [STDERR_REDIRECT] 	at com.st.microxplorer.mxsystem.MxSystem.MxFirePropertyChange(MxSystem.java:219)
2026-07-02 23:20:31,516 [ERROR] LogOutputStream:75 - [STDERR_REDIRECT] 	at com.st.microxplorer.plugins.clock.gui.MultiplexerUI$2.done(MultiplexerUI.java:508)
2026-07-02 23:20:31,517 [ERROR] LogOutputStream:75 - [STDERR_REDIRECT] 	at java.desktop/javax.swing.SwingWorker$4.run(SwingWorker.java:749)
2026-07-02 23:20:31,519 [ERROR] LogOutputStream:75 - [STDERR_REDIRECT] 	at java.desktop/javax.swing.SwingWorker$DoSubmitAccumulativeRunnable.run(SwingWorker.java:847)
2026-07-02 23:20:31,521 [ERROR] LogOutputStream:75 - [STDERR_REDIRECT] 	at java.desktop/sun.swing.AccumulativeRunnable.run(AccumulativeRunnable.java:112)
2026-07-02 23:20:31,523 [ERROR] LogOutputStream:75 - [STDERR_REDIRECT] 	at java.desktop/javax.swing.SwingWorker$DoSubmitAccumulativeRunnable.actionPerformed(SwingWorker.java:857)
2026-07-02 23:20:31,524 [ERROR] LogOutputStream:75 - [STDERR_REDIRECT] 	at java.desktop/javax.swing.Timer.fireActionPerformed(Timer.java:311)
2026-07-02 23:20:31,526 [ERROR] LogOutputStream:75 - [STDERR_REDIRECT] 	at java.desktop/javax.swing.Timer$DoPostEvent.run(Timer.java:243)
2026-07-02 23:20:31,527 [ERROR] LogOutputStream:75 - [STDERR_REDIRECT] 	at java.desktop/java.awt.event.InvocationEvent.dispatch(InvocationEvent.java:318)
2026-07-02 23:20:31,529 [ERROR] LogOutputStream:75 - [STDERR_REDIRECT] 	at java.desktop/java.awt.EventQueue.dispatchEventImpl(EventQueue.java:773)
2026-07-02 23:20:31,530 [ERROR] LogOutputStream:75 - [STDERR_REDIRECT] 	at java.desktop/java.awt.EventQueue$4.run(EventQueue.java:720)
2026-07-02 23:20:31,532 [ERROR] LogOutputStream:75 - [STDERR_REDIRECT] 	at java.desktop/java.awt.EventQueue$4.run(EventQueue.java:714)
2026-07-02 23:20:31,533 [ERROR] LogOutputStream:75 - [STDERR_REDIRECT] 	at java.base/java.security.AccessController.doPrivileged(AccessController.java:400)
2026-07-02 23:20:31,536 [ERROR] LogOutputStream:75 - [STDERR_REDIRECT] 	at java.base/java.security.ProtectionDomain$JavaSecurityAccessImpl.doIntersectionPrivilege(ProtectionDomain.java:87)
2026-07-02 23:20:31,537 [ERROR] LogOutputStream:75 - [STDERR_REDIRECT] 	at java.desktop/java.awt.EventQueue.dispatchEvent(EventQueue.java:742)
2026-07-02 23:20:31,540 [ERROR] LogOutputStream:75 - [STDERR_REDIRECT] 	at java.desktop/java.awt.EventDispatchThread.pumpOneEventForFilters(EventDispatchThread.java:203)
2026-07-02 23:20:31,542 [ERROR] LogOutputStream:75 - [STDERR_REDIRECT] 	at java.desktop/java.awt.EventDispatchThread.pumpEventsForFilter(EventDispatchThread.java:124)
2026-07-02 23:20:31,543 [ERROR] LogOutputStream:75 - [STDERR_REDIRECT] 	at java.desktop/java.awt.EventDispatchThread.pumpEventsForHierarchy(EventDispatchThread.java:113)
2026-07-02 23:20:31,545 [ERROR] LogOutputStream:75 - [STDERR_REDIRECT] 	at java.desktop/java.awt.EventDispatchThread.pumpEvents(EventDispatchThread.java:109)
2026-07-02 23:20:31,547 [ERROR] LogOutputStream:75 - [STDERR_REDIRECT] 	at java.desktop/java.awt.EventDispatchThread.pumpEvents(EventDispatchThread.java:101)
2026-07-02 23:20:31,549 [ERROR] LogOutputStream:75 - [STDERR_REDIRECT] 	at java.desktop/java.awt.EventDispatchThread.run(EventDispatchThread.java:90)
2026-07-02 23:20:31,555 [ERROR] LogOutputStream:75 - [STDERR_REDIRECT] java.lang.Error: no ComponentUI class for: com.st.microxplorer.plugins.ip.nvic.CheckBoxHeader[,0,0,0x0,invalid,alignmentX=0.0,alignmentY=0.0,border=,flags=0,maximumSize=,minimumSize=,preferredSize=,defaultIcon=,disabledIcon=,disabledSelectedIcon=,margin=null,paintBorder=true,paintFocus=true,pressedIcon=,rolloverEnabled=false,rolloverIcon=,rolloverSelectedIcon=,selectedIcon=,text=]
2026-07-02 23:20:31,556 [ERROR] LogOutputStream:75 - [STDERR_REDIRECT] 	at java.desktop/javax.swing.UIDefaults.getUIError(UIDefaults.java:763)
2026-07-02 23:20:31,557 [ERROR] LogOutputStream:75 - [STDERR_REDIRECT] 	at java.desktop/javax.swing.MultiUIDefaults.getUIError(MultiUIDefaults.java:144)
2026-07-02 23:20:31,558 [ERROR] LogOutputStream:75 - [STDERR_REDIRECT] 	at java.desktop/javax.swing.UIDefaults.getUI(UIDefaults.java:793)
2026-07-02 23:20:31,559 [ERROR] LogOutputStream:75 - [STDERR_REDIRECT] 	at java.desktop/javax.swing.UIManager.getUI(UIManager.java:1070)
2026-07-02 23:20:31,560 [ERROR] LogOutputStream:75 - [STDERR_REDIRECT] 	at java.desktop/javax.swing.JCheckBox.updateUI(JCheckBox.java:228)
2026-07-02 23:20:31,561 [ERROR] LogOutputStream:75 - [STDERR_REDIRECT] 	at java.desktop/javax.swing.AbstractButton.init(AbstractButton.java:2141)
2026-07-02 23:20:31,562 [ERROR] LogOutputStream:75 - [STDERR_REDIRECT] 	at java.desktop/javax.swing.JToggleButton.<init>(JToggleButton.java:187)
2026-07-02 23:20:31,563 [ERROR] LogOutputStream:75 - [STDERR_REDIRECT] 	at java.desktop/javax.swing.JCheckBox.<init>(JCheckBox.java:176)
2026-07-02 23:20:31,564 [ERROR] LogOutputStream:75 - [STDERR_REDIRECT] 	at java.desktop/javax.swing.JCheckBox.<init>(JCheckBox.java:97)
2026-07-02 23:20:31,565 [ERROR] LogOutputStream:75 - [STDERR_REDIRECT] 	at com.st.microxplorer.plugins.ip.nvic.CheckBoxHeader.<init>(CheckBoxHeader.java:55)
2026-07-02 23:20:31,566 [ERROR] LogOutputStream:75 - [STDERR_REDIRECT] 	at com.st.microxplorer.plugins.ip.nvic.NvicCodeSelectionTable.<init>(NvicCodeSelectionTable.java:78)
2026-07-02 23:20:31,567 [ERROR] LogOutputStream:75 - [STDERR_REDIRECT] 	at com.st.microxplorer.plugins.ip.nvic.NvicCodePanel.initComponents(NvicCodePanel.java:102)
2026-07-02 23:20:31,569 [ERROR] LogOutputStream:75 - [STDERR_REDIRECT] 	at com.st.microxplorer.plugins.ip.nvic.NvicCodePanel.<init>(NvicCodePanel.java:78)
2026-07-02 23:20:31,571 [ERROR] LogOutputStream:75 - [STDERR_REDIRECT] 	at com.st.microxplorer.plugins.ip.nvic.NvicTabbedPanel.<init>(NvicTabbedPanel.java:57)
2026-07-02 23:20:31,572 [ERROR] LogOutputStream:75 - [STDERR_REDIRECT] 	at com.st.microxplorer.plugins.ip.nvic.Nvic.getUI(Nvic.java:73)
2026-07-02 23:20:31,573 [ERROR] LogOutputStream:75 - [STDERR_REDIRECT] 	at com.st.microxplorer.plugins.ipmanager.gui.BlockDiagram.createIpPanel(BlockDiagram.java:402)
2026-07-02 23:20:31,574 [ERROR] LogOutputStream:75 - [STDERR_REDIRECT] 	at com.st.microxplorer.plugins.ipmanager.gui.BlockDiagram.getIPConfigPanel(BlockDiagram.java:552)
2026-07-02 23:20:31,575 [ERROR] LogOutputStream:75 - [STDERR_REDIRECT] 	at com.st.microxplorer.plugins.ipmanager.gui.BlockDiagram.getIPConfigPanel(BlockDiagram.java:458)
2026-07-02 23:20:31,577 [ERROR] LogOutputStream:75 - [STDERR_REDIRECT] 	at com.st.microxplorer.plugins.ipmanager.gui.BlockDiagram.propertyChange(BlockDiagram.java:1402)
2026-07-02 23:20:31,578 [ERROR] LogOutputStream:75 - [STDERR_REDIRECT] 	at java.desktop/java.beans.PropertyChangeSupport.fire(PropertyChangeSupport.java:343)
2026-07-02 23:20:31,579 [ERROR] LogOutputStream:75 - [STDERR_REDIRECT] 	at java.desktop/java.beans.PropertyChangeSupport.firePropertyChange(PropertyChangeSupport.java:335)
2026-07-02 23:20:31,580 [ERROR] LogOutputStream:75 - [STDERR_REDIRECT] 	at java.desktop/java.beans.PropertyChangeSupport.firePropertyChange(PropertyChangeSupport.java:268)
2026-07-02 23:20:31,582 [ERROR] LogOutputStream:75 - [STDERR_REDIRECT] 	at com.st.microxplorer.util.MXPropertyChangeSupport.firePropertyChange(MXPropertyChangeSupport.java:54)
2026-07-02 23:20:31,583 [ERROR] LogOutputStream:75 - [STDERR_REDIRECT] 	at com.st.microxplorer.mxsystem.MxSystem.MxFirePropertyChange(MxSystem.java:219)
2026-07-02 23:20:31,584 [ERROR] LogOutputStream:75 - [STDERR_REDIRECT] 	at com.st.microxplorer.plugins.clock.gui.MultiplexerUI$2.done(MultiplexerUI.java:508)
2026-07-02 23:20:31,585 [ERROR] LogOutputStream:75 - [STDERR_REDIRECT] 	at java.desktop/javax.swing.SwingWorker$4.run(SwingWorker.java:749)
2026-07-02 23:20:31,586 [ERROR] LogOutputStream:75 - [STDERR_REDIRECT] 	at java.desktop/javax.swing.SwingWorker$DoSubmitAccumulativeRunnable.run(SwingWorker.java:847)
2026-07-02 23:20:31,587 [ERROR] LogOutputStream:75 - [STDERR_REDIRECT] 	at java.desktop/sun.swing.AccumulativeRunnable.run(AccumulativeRunnable.java:112)
2026-07-02 23:20:31,588 [ERROR] LogOutputStream:75 - [STDERR_REDIRECT] 	at java.desktop/javax.swing.SwingWorker$DoSubmitAccumulativeRunnable.actionPerformed(SwingWorker.java:857)
2026-07-02 23:20:31,589 [ERROR] LogOutputStream:75 - [STDERR_REDIRECT] 	at java.desktop/javax.swing.Timer.fireActionPerformed(Timer.java:311)
2026-07-02 23:20:31,590 [ERROR] LogOutputStream:75 - [STDERR_REDIRECT] 	at java.desktop/javax.swing.Timer$DoPostEvent.run(Timer.java:243)
2026-07-02 23:20:31,591 [ERROR] LogOutputStream:75 - [STDERR_REDIRECT] 	at java.desktop/java.awt.event.InvocationEvent.dispatch(InvocationEvent.java:318)
2026-07-02 23:20:31,592 [ERROR] LogOutputStream:75 - [STDERR_REDIRECT] 	at java.desktop/java.awt.EventQueue.dispatchEventImpl(EventQueue.java:773)
2026-07-02 23:20:31,593 [ERROR] LogOutputStream:75 - [STDERR_REDIRECT] 	at java.desktop/java.awt.EventQueue$4.run(EventQueue.java:720)
2026-07-02 23:20:31,594 [ERROR] LogOutputStream:75 - [STDERR_REDIRECT] 	at java.desktop/java.awt.EventQueue$4.run(EventQueue.java:714)
2026-07-02 23:20:31,595 [ERROR] LogOutputStream:75 - [STDERR_REDIRECT] 	at java.base/java.security.AccessController.doPrivileged(AccessController.java:400)
2026-07-02 23:20:31,596 [ERROR] LogOutputStream:75 - [STDERR_REDIRECT] 	at java.base/java.security.ProtectionDomain$JavaSecurityAccessImpl.doIntersectionPrivilege(ProtectionDomain.java:87)
2026-07-02 23:20:31,597 [ERROR] LogOutputStream:75 - [STDERR_REDIRECT] 	at java.desktop/java.awt.EventQueue.dispatchEvent(EventQueue.java:742)
2026-07-02 23:20:31,598 [ERROR] LogOutputStream:75 - [STDERR_REDIRECT] 	at java.desktop/java.awt.EventDispatchThread.pumpOneEventForFilters(EventDispatchThread.java:203)
2026-07-02 23:20:31,600 [ERROR] LogOutputStream:75 - [STDERR_REDIRECT] 	at java.desktop/java.awt.EventDispatchThread.pumpEventsForFilter(EventDispatchThread.java:124)
2026-07-02 23:20:31,601 [ERROR] LogOutputStream:75 - [STDERR_REDIRECT] 	at java.desktop/java.awt.EventDispatchThread.pumpEventsForHierarchy(EventDispatchThread.java:113)
2026-07-02 23:20:31,602 [ERROR] LogOutputStream:75 - [STDERR_REDIRECT] 	at java.desktop/java.awt.EventDispatchThread.pumpEvents(EventDispatchThread.java:109)
2026-07-02 23:20:31,603 [ERROR] LogOutputStream:75 - [STDERR_REDIRECT] 	at java.desktop/java.awt.EventDispatchThread.pumpEvents(EventDispatchThread.java:101)
2026-07-02 23:20:31,604 [ERROR] LogOutputStream:75 - [STDERR_REDIRECT] 	at java.desktop/java.awt.EventDispatchThread.run(EventDispatchThread.java:90)
2026-07-02 23:20:50,400 [WARN] IP:2250 - I2C_Coeff_DF not found: check if there is a RefParameter without a condition.
2026-07-02 23:20:50,401 [WARN] IP:2250 - Analog_Filter not found: check if there is a RefParameter without a condition.
2026-07-02 23:20:50,401 [WARN] IP:2250 - I2C_Coeff_DF not found: check if there is a RefParameter without a condition.
2026-07-02 23:20:50,401 [WARN] IP:2250 - Analog_Filter not found: check if there is a RefParameter without a condition.
2026-07-02 23:20:50,499 [ERROR] LogOutputStream:75 - [STDERR_REDIRECT] java.lang.Error: no ComponentUI class for: com.st.microxplorer.plugins.ip.nvic.CheckBoxHeader[,0,0,0x0,invalid,alignmentX=0.0,alignmentY=0.0,border=,flags=0,maximumSize=,minimumSize=,preferredSize=,defaultIcon=,disabledIcon=,disabledSelectedIcon=,margin=null,paintBorder=true,paintFocus=true,pressedIcon=,rolloverEnabled=false,rolloverIcon=,rolloverSelectedIcon=,selectedIcon=,text=]
2026-07-02 23:20:50,501 [ERROR] LogOutputStream:75 - [STDERR_REDIRECT] 	at java.desktop/javax.swing.UIDefaults.getUIError(UIDefaults.java:763)
2026-07-02 23:20:50,502 [ERROR] LogOutputStream:75 - [STDERR_REDIRECT] 	at java.desktop/javax.swing.MultiUIDefaults.getUIError(MultiUIDefaults.java:144)
2026-07-02 23:20:50,504 [ERROR] LogOutputStream:75 - [STDERR_REDIRECT] 	at java.desktop/javax.swing.UIDefaults.getUI(UIDefaults.java:793)
2026-07-02 23:20:50,505 [ERROR] LogOutputStream:75 - [STDERR_REDIRECT] 	at java.desktop/javax.swing.UIManager.getUI(UIManager.java:1070)
2026-07-02 23:20:50,507 [ERROR] LogOutputStream:75 - [STDERR_REDIRECT] 	at java.desktop/javax.swing.JCheckBox.updateUI(JCheckBox.java:228)
2026-07-02 23:20:50,508 [ERROR] LogOutputStream:75 - [STDERR_REDIRECT] 	at java.desktop/javax.swing.AbstractButton.init(AbstractButton.java:2141)
2026-07-02 23:20:50,509 [ERROR] LogOutputStream:75 - [STDERR_REDIRECT] 	at java.desktop/javax.swing.JToggleButton.<init>(JToggleButton.java:187)
2026-07-02 23:20:50,510 [ERROR] LogOutputStream:75 - [STDERR_REDIRECT] 	at java.desktop/javax.swing.JCheckBox.<init>(JCheckBox.java:176)
2026-07-02 23:20:50,511 [ERROR] LogOutputStream:75 - [STDERR_REDIRECT] 	at java.desktop/javax.swing.JCheckBox.<init>(JCheckBox.java:97)
2026-07-02 23:20:50,512 [ERROR] LogOutputStream:75 - [STDERR_REDIRECT] 	at com.st.microxplorer.plugins.ip.nvic.CheckBoxHeader.<init>(CheckBoxHeader.java:55)
2026-07-02 23:20:50,514 [ERROR] LogOutputStream:75 - [STDERR_REDIRECT] 	at com.st.microxplorer.plugins.ip.nvic.NvicCodeSelectionTable.<init>(NvicCodeSelectionTable.java:75)
2026-07-02 23:20:50,515 [ERROR] LogOutputStream:75 - [STDERR_REDIRECT] 	at com.st.microxplorer.plugins.ip.nvic.NvicCodePanel.initComponents(NvicCodePanel.java:102)
2026-07-02 23:20:50,516 [ERROR] LogOutputStream:75 - [STDERR_REDIRECT] 	at com.st.microxplorer.plugins.ip.nvic.NvicCodePanel.<init>(NvicCodePanel.java:78)
2026-07-02 23:20:50,518 [ERROR] LogOutputStream:75 - [STDERR_REDIRECT] 	at com.st.microxplorer.plugins.ip.nvic.NvicTabbedPanel.<init>(NvicTabbedPanel.java:57)
2026-07-02 23:20:50,519 [ERROR] LogOutputStream:75 - [STDERR_REDIRECT] 	at com.st.microxplorer.plugins.ip.nvic.Nvic.getUI(Nvic.java:73)
2026-07-02 23:20:50,521 [ERROR] LogOutputStream:75 - [STDERR_REDIRECT] 	at com.st.microxplorer.plugins.ipmanager.gui.BlockDiagram.createIpPanel(BlockDiagram.java:402)
2026-07-02 23:20:50,522 [ERROR] LogOutputStream:75 - [STDERR_REDIRECT] 	at com.st.microxplorer.plugins.ipmanager.gui.BlockDiagram.getIPConfigPanel(BlockDiagram.java:552)
2026-07-02 23:20:50,524 [ERROR] LogOutputStream:75 - [STDERR_REDIRECT] 	at com.st.microxplorer.plugins.ipmanager.gui.BlockDiagram.getIPConfigPanel(BlockDiagram.java:458)
2026-07-02 23:20:50,525 [ERROR] LogOutputStream:75 - [STDERR_REDIRECT] 	at com.st.microxplorer.plugins.ipmanager.gui.BlockDiagram.propertyChange(BlockDiagram.java:1402)
2026-07-02 23:20:50,526 [ERROR] LogOutputStream:75 - [STDERR_REDIRECT] 	at java.desktop/java.beans.PropertyChangeSupport.fire(PropertyChangeSupport.java:343)
2026-07-02 23:20:50,528 [ERROR] LogOutputStream:75 - [STDERR_REDIRECT] 	at java.desktop/java.beans.PropertyChangeSupport.firePropertyChange(PropertyChangeSupport.java:335)
2026-07-02 23:20:50,529 [ERROR] LogOutputStream:75 - [STDERR_REDIRECT] 	at java.desktop/java.beans.PropertyChangeSupport.firePropertyChange(PropertyChangeSupport.java:268)
2026-07-02 23:20:50,531 [ERROR] LogOutputStream:75 - [STDERR_REDIRECT] 	at com.st.microxplorer.util.MXPropertyChangeSupport.firePropertyChange(MXPropertyChangeSupport.java:54)
2026-07-02 23:20:50,532 [ERROR] LogOutputStream:75 - [STDERR_REDIRECT] 	at com.st.microxplorer.mxsystem.MxSystem.MxFirePropertyChange(MxSystem.java:219)
2026-07-02 23:20:50,533 [ERROR] LogOutputStream:75 - [STDERR_REDIRECT] 	at com.st.microxplorer.plugins.clock.gui.MultiplexerUI$2.done(MultiplexerUI.java:508)
2026-07-02 23:20:50,534 [ERROR] LogOutputStream:75 - [STDERR_REDIRECT] 	at java.desktop/javax.swing.SwingWorker$4.run(SwingWorker.java:749)
2026-07-02 23:20:50,536 [ERROR] LogOutputStream:75 - [STDERR_REDIRECT] 	at java.desktop/javax.swing.SwingWorker$DoSubmitAccumulativeRunnable.run(SwingWorker.java:847)
2026-07-02 23:20:50,539 [ERROR] LogOutputStream:75 - [STDERR_REDIRECT] 	at java.desktop/sun.swing.AccumulativeRunnable.run(AccumulativeRunnable.java:112)
2026-07-02 23:20:50,540 [ERROR] LogOutputStream:75 - [STDERR_REDIRECT] 	at java.desktop/javax.swing.SwingWorker$DoSubmitAccumulativeRunnable.actionPerformed(SwingWorker.java:857)
2026-07-02 23:20:50,541 [ERROR] LogOutputStream:75 - [STDERR_REDIRECT] 	at java.desktop/javax.swing.Timer.fireActionPerformed(Timer.java:311)
2026-07-02 23:20:50,542 [ERROR] LogOutputStream:75 - [STDERR_REDIRECT] 	at java.desktop/javax.swing.Timer$DoPostEvent.run(Timer.java:243)
2026-07-02 23:20:50,544 [ERROR] LogOutputStream:75 - [STDERR_REDIRECT] 	at java.desktop/java.awt.event.InvocationEvent.dispatch(InvocationEvent.java:318)
2026-07-02 23:20:50,545 [ERROR] LogOutputStream:75 - [STDERR_REDIRECT] 	at java.desktop/java.awt.EventQueue.dispatchEventImpl(EventQueue.java:773)
2026-07-02 23:20:50,546 [ERROR] LogOutputStream:75 - [STDERR_REDIRECT] 	at java.desktop/java.awt.EventQueue$4.run(EventQueue.java:720)
2026-07-02 23:20:50,547 [ERROR] LogOutputStream:75 - [STDERR_REDIRECT] 	at java.desktop/java.awt.EventQueue$4.run(EventQueue.java:714)
2026-07-02 23:20:50,548 [ERROR] LogOutputStream:75 - [STDERR_REDIRECT] 	at java.base/java.security.AccessController.doPrivileged(AccessController.java:400)
2026-07-02 23:20:50,550 [ERROR] LogOutputStream:75 - [STDERR_REDIRECT] 	at java.base/java.security.ProtectionDomain$JavaSecurityAccessImpl.doIntersectionPrivilege(ProtectionDomain.java:87)
2026-07-02 23:20:50,551 [ERROR] LogOutputStream:75 - [STDERR_REDIRECT] 	at java.desktop/java.awt.EventQueue.dispatchEvent(EventQueue.java:742)
2026-07-02 23:20:50,552 [ERROR] LogOutputStream:75 - [STDERR_REDIRECT] 	at java.desktop/java.awt.EventDispatchThread.pumpOneEventForFilters(EventDispatchThread.java:203)
2026-07-02 23:20:50,554 [ERROR] LogOutputStream:75 - [STDERR_REDIRECT] 	at java.desktop/java.awt.EventDispatchThread.pumpEventsForFilter(EventDispatchThread.java:124)
2026-07-02 23:20:50,555 [ERROR] LogOutputStream:75 - [STDERR_REDIRECT] 	at java.desktop/java.awt.EventDispatchThread.pumpEventsForHierarchy(EventDispatchThread.java:113)
2026-07-02 23:20:50,557 [ERROR] LogOutputStream:75 - [STDERR_REDIRECT] 	at java.desktop/java.awt.EventDispatchThread.pumpEvents(EventDispatchThread.java:109)
2026-07-02 23:20:50,558 [ERROR] LogOutputStream:75 - [STDERR_REDIRECT] 	at java.desktop/java.awt.EventDispatchThread.pumpEvents(EventDispatchThread.java:101)
2026-07-02 23:20:50,559 [ERROR] LogOutputStream:75 - [STDERR_REDIRECT] 	at java.desktop/java.awt.EventDispatchThread.run(EventDispatchThread.java:90)
2026-07-02 23:20:50,565 [ERROR] LogOutputStream:75 - [STDERR_REDIRECT] java.lang.Error: no ComponentUI class for: com.st.microxplorer.plugins.ip.nvic.CheckBoxHeader[,0,0,0x0,invalid,alignmentX=0.0,alignmentY=0.0,border=,flags=0,maximumSize=,minimumSize=,preferredSize=,defaultIcon=,disabledIcon=,disabledSelectedIcon=,margin=null,paintBorder=true,paintFocus=true,pressedIcon=,rolloverEnabled=false,rolloverIcon=,rolloverSelectedIcon=,selectedIcon=,text=]
2026-07-02 23:20:50,566 [ERROR] LogOutputStream:75 - [STDERR_REDIRECT] 	at java.desktop/javax.swing.UIDefaults.getUIError(UIDefaults.java:763)
2026-07-02 23:20:50,567 [ERROR] LogOutputStream:75 - [STDERR_REDIRECT] 	at java.desktop/javax.swing.MultiUIDefaults.getUIError(MultiUIDefaults.java:144)
2026-07-02 23:20:50,568 [ERROR] LogOutputStream:75 - [STDERR_REDIRECT] 	at java.desktop/javax.swing.UIDefaults.getUI(UIDefaults.java:793)
2026-07-02 23:20:50,569 [ERROR] LogOutputStream:75 - [STDERR_REDIRECT] 	at java.desktop/javax.swing.UIManager.getUI(UIManager.java:1070)
2026-07-02 23:20:50,571 [ERROR] LogOutputStream:75 - [STDERR_REDIRECT] 	at java.desktop/javax.swing.JCheckBox.updateUI(JCheckBox.java:228)
2026-07-02 23:20:50,572 [ERROR] LogOutputStream:75 - [STDERR_REDIRECT] 	at java.desktop/javax.swing.AbstractButton.init(AbstractButton.java:2141)
2026-07-02 23:20:50,573 [ERROR] LogOutputStream:75 - [STDERR_REDIRECT] 	at java.desktop/javax.swing.JToggleButton.<init>(JToggleButton.java:187)
2026-07-02 23:20:50,574 [ERROR] LogOutputStream:75 - [STDERR_REDIRECT] 	at java.desktop/javax.swing.JCheckBox.<init>(JCheckBox.java:176)
2026-07-02 23:20:50,575 [ERROR] LogOutputStream:75 - [STDERR_REDIRECT] 	at java.desktop/javax.swing.JCheckBox.<init>(JCheckBox.java:97)
2026-07-02 23:20:50,576 [ERROR] LogOutputStream:75 - [STDERR_REDIRECT] 	at com.st.microxplorer.plugins.ip.nvic.CheckBoxHeader.<init>(CheckBoxHeader.java:55)
2026-07-02 23:20:50,578 [ERROR] LogOutputStream:75 - [STDERR_REDIRECT] 	at com.st.microxplorer.plugins.ip.nvic.NvicCodeSelectionTable.<init>(NvicCodeSelectionTable.java:78)
2026-07-02 23:20:50,579 [ERROR] LogOutputStream:75 - [STDERR_REDIRECT] 	at com.st.microxplorer.plugins.ip.nvic.NvicCodePanel.initComponents(NvicCodePanel.java:102)
2026-07-02 23:20:50,580 [ERROR] LogOutputStream:75 - [STDERR_REDIRECT] 	at com.st.microxplorer.plugins.ip.nvic.NvicCodePanel.<init>(NvicCodePanel.java:78)
2026-07-02 23:20:50,581 [ERROR] LogOutputStream:75 - [STDERR_REDIRECT] 	at com.st.microxplorer.plugins.ip.nvic.NvicTabbedPanel.<init>(NvicTabbedPanel.java:57)
2026-07-02 23:20:50,582 [ERROR] LogOutputStream:75 - [STDERR_REDIRECT] 	at com.st.microxplorer.plugins.ip.nvic.Nvic.getUI(Nvic.java:73)
2026-07-02 23:20:50,584 [ERROR] LogOutputStream:75 - [STDERR_REDIRECT] 	at com.st.microxplorer.plugins.ipmanager.gui.BlockDiagram.createIpPanel(BlockDiagram.java:402)
2026-07-02 23:20:50,585 [ERROR] LogOutputStream:75 - [STDERR_REDIRECT] 	at com.st.microxplorer.plugins.ipmanager.gui.BlockDiagram.getIPConfigPanel(BlockDiagram.java:552)
2026-07-02 23:20:50,587 [ERROR] LogOutputStream:75 - [STDERR_REDIRECT] 	at com.st.microxplorer.plugins.ipmanager.gui.BlockDiagram.getIPConfigPanel(BlockDiagram.java:458)
2026-07-02 23:20:50,588 [ERROR] LogOutputStream:75 - [STDERR_REDIRECT] 	at com.st.microxplorer.plugins.ipmanager.gui.BlockDiagram.propertyChange(BlockDiagram.java:1402)
2026-07-02 23:20:50,589 [ERROR] LogOutputStream:75 - [STDERR_REDIRECT] 	at java.desktop/java.beans.PropertyChangeSupport.fire(PropertyChangeSupport.java:343)
2026-07-02 23:20:50,590 [ERROR] LogOutputStream:75 - [STDERR_REDIRECT] 	at java.desktop/java.beans.PropertyChangeSupport.firePropertyChange(PropertyChangeSupport.java:335)
2026-07-02 23:20:50,592 [ERROR] LogOutputStream:75 - [STDERR_REDIRECT] 	at java.desktop/java.beans.PropertyChangeSupport.firePropertyChange(PropertyChangeSupport.java:268)
2026-07-02 23:20:50,593 [ERROR] LogOutputStream:75 - [STDERR_REDIRECT] 	at com.st.microxplorer.util.MXPropertyChangeSupport.firePropertyChange(MXPropertyChangeSupport.java:54)
2026-07-02 23:20:50,594 [ERROR] LogOutputStream:75 - [STDERR_REDIRECT] 	at com.st.microxplorer.mxsystem.MxSystem.MxFirePropertyChange(MxSystem.java:219)
2026-07-02 23:20:50,595 [ERROR] LogOutputStream:75 - [STDERR_REDIRECT] 	at com.st.microxplorer.plugins.clock.gui.MultiplexerUI$2.done(MultiplexerUI.java:508)
2026-07-02 23:20:50,596 [ERROR] LogOutputStream:75 - [STDERR_REDIRECT] 	at java.desktop/javax.swing.SwingWorker$4.run(SwingWorker.java:749)
2026-07-02 23:20:50,597 [ERROR] LogOutputStream:75 - [STDERR_REDIRECT] 	at java.desktop/javax.swing.SwingWorker$DoSubmitAccumulativeRunnable.run(SwingWorker.java:847)
2026-07-02 23:20:50,598 [ERROR] LogOutputStream:75 - [STDERR_REDIRECT] 	at java.desktop/sun.swing.AccumulativeRunnable.run(AccumulativeRunnable.java:112)
2026-07-02 23:20:50,600 [ERROR] LogOutputStream:75 - [STDERR_REDIRECT] 	at java.desktop/javax.swing.SwingWorker$DoSubmitAccumulativeRunnable.actionPerformed(SwingWorker.java:857)
2026-07-02 23:20:50,601 [ERROR] LogOutputStream:75 - [STDERR_REDIRECT] 	at java.desktop/javax.swing.Timer.fireActionPerformed(Timer.java:311)
2026-07-02 23:20:50,602 [ERROR] LogOutputStream:75 - [STDERR_REDIRECT] 	at java.desktop/javax.swing.Timer$DoPostEvent.run(Timer.java:243)
2026-07-02 23:20:50,603 [ERROR] LogOutputStream:75 - [STDERR_REDIRECT] 	at java.desktop/java.awt.event.InvocationEvent.dispatch(InvocationEvent.java:318)
2026-07-02 23:20:50,604 [ERROR] LogOutputStream:75 - [STDERR_REDIRECT] 	at java.desktop/java.awt.EventQueue.dispatchEventImpl(EventQueue.java:773)
2026-07-02 23:20:50,605 [ERROR] LogOutputStream:75 - [STDERR_REDIRECT] 	at java.desktop/java.awt.EventQueue$4.run(EventQueue.java:720)
2026-07-02 23:20:50,606 [ERROR] LogOutputStream:75 - [STDERR_REDIRECT] 	at java.desktop/java.awt.EventQueue$4.run(EventQueue.java:714)
2026-07-02 23:20:50,608 [ERROR] LogOutputStream:75 - [STDERR_REDIRECT] 	at java.base/java.security.AccessController.doPrivileged(AccessController.java:400)
2026-07-02 23:20:50,609 [ERROR] LogOutputStream:75 - [STDERR_REDIRECT] 	at java.base/java.security.ProtectionDomain$JavaSecurityAccessImpl.doIntersectionPrivilege(ProtectionDomain.java:87)
2026-07-02 23:20:50,610 [ERROR] LogOutputStream:75 - [STDERR_REDIRECT] 	at java.desktop/java.awt.EventQueue.dispatchEvent(EventQueue.java:742)
2026-07-02 23:20:50,611 [ERROR] LogOutputStream:75 - [STDERR_REDIRECT] 	at java.desktop/java.awt.EventDispatchThread.pumpOneEventForFilters(EventDispatchThread.java:203)
2026-07-02 23:20:50,613 [ERROR] LogOutputStream:75 - [STDERR_REDIRECT] 	at java.desktop/java.awt.EventDispatchThread.pumpEventsForFilter(EventDispatchThread.java:124)
2026-07-02 23:20:50,614 [ERROR] LogOutputStream:75 - [STDERR_REDIRECT] 	at java.desktop/java.awt.EventDispatchThread.pumpEventsForHierarchy(EventDispatchThread.java:113)
2026-07-02 23:20:50,615 [ERROR] LogOutputStream:75 - [STDERR_REDIRECT] 	at java.desktop/java.awt.EventDispatchThread.pumpEvents(EventDispatchThread.java:109)
2026-07-02 23:20:50,616 [ERROR] LogOutputStream:75 - [STDERR_REDIRECT] 	at java.desktop/java.awt.EventDispatchThread.pumpEvents(EventDispatchThread.java:101)
2026-07-02 23:20:50,617 [ERROR] LogOutputStream:75 - [STDERR_REDIRECT] 	at java.desktop/java.awt.EventDispatchThread.run(EventDispatchThread.java:90)
2026-07-02 23:20:58,518 [WARN] IP:2250 - I2C_Coeff_DF not found: check if there is a RefParameter without a condition.
2026-07-02 23:20:58,518 [WARN] IP:2250 - Analog_Filter not found: check if there is a RefParameter without a condition.
2026-07-02 23:20:58,519 [WARN] IP:2250 - I2C_Coeff_DF not found: check if there is a RefParameter without a condition.
2026-07-02 23:20:58,519 [WARN] IP:2250 - Analog_Filter not found: check if there is a RefParameter without a condition.
2026-07-02 23:20:58,588 [ERROR] LogOutputStream:75 - [STDERR_REDIRECT] java.lang.Error: no ComponentUI class for: com.st.microxplorer.plugins.ip.nvic.CheckBoxHeader[,0,0,0x0,invalid,alignmentX=0.0,alignmentY=0.0,border=,flags=0,maximumSize=,minimumSize=,preferredSize=,defaultIcon=,disabledIcon=,disabledSelectedIcon=,margin=null,paintBorder=true,paintFocus=true,pressedIcon=,rolloverEnabled=false,rolloverIcon=,rolloverSelectedIcon=,selectedIcon=,text=]
2026-07-02 23:20:58,589 [ERROR] LogOutputStream:75 - [STDERR_REDIRECT] 	at java.desktop/javax.swing.UIDefaults.getUIError(UIDefaults.java:763)
2026-07-02 23:20:58,590 [ERROR] LogOutputStream:75 - [STDERR_REDIRECT] 	at java.desktop/javax.swing.MultiUIDefaults.getUIError(MultiUIDefaults.java:144)
2026-07-02 23:20:58,591 [ERROR] LogOutputStream:75 - [STDERR_REDIRECT] 	at java.desktop/javax.swing.UIDefaults.getUI(UIDefaults.java:793)
2026-07-02 23:20:58,592 [ERROR] LogOutputStream:75 - [STDERR_REDIRECT] 	at java.desktop/javax.swing.UIManager.getUI(UIManager.java:1070)
2026-07-02 23:20:58,593 [ERROR] LogOutputStream:75 - [STDERR_REDIRECT] 	at java.desktop/javax.swing.JCheckBox.updateUI(JCheckBox.java:228)
2026-07-02 23:20:58,594 [ERROR] LogOutputStream:75 - [STDERR_REDIRECT] 	at java.desktop/javax.swing.AbstractButton.init(AbstractButton.java:2141)
2026-07-02 23:20:58,595 [ERROR] LogOutputStream:75 - [STDERR_REDIRECT] 	at java.desktop/javax.swing.JToggleButton.<init>(JToggleButton.java:187)
2026-07-02 23:20:58,596 [ERROR] LogOutputStream:75 - [STDERR_REDIRECT] 	at java.desktop/javax.swing.JCheckBox.<init>(JCheckBox.java:176)
2026-07-02 23:20:58,596 [ERROR] LogOutputStream:75 - [STDERR_REDIRECT] 	at java.desktop/javax.swing.JCheckBox.<init>(JCheckBox.java:97)
2026-07-02 23:20:58,597 [ERROR] LogOutputStream:75 - [STDERR_REDIRECT] 	at com.st.microxplorer.plugins.ip.nvic.CheckBoxHeader.<init>(CheckBoxHeader.java:55)
2026-07-02 23:20:58,599 [ERROR] LogOutputStream:75 - [STDERR_REDIRECT] 	at com.st.microxplorer.plugins.ip.nvic.NvicCodeSelectionTable.<init>(NvicCodeSelectionTable.java:75)
2026-07-02 23:20:58,600 [ERROR] LogOutputStream:75 - [STDERR_REDIRECT] 	at com.st.microxplorer.plugins.ip.nvic.NvicCodePanel.initComponents(NvicCodePanel.java:102)
2026-07-02 23:20:58,601 [ERROR] LogOutputStream:75 - [STDERR_REDIRECT] 	at com.st.microxplorer.plugins.ip.nvic.NvicCodePanel.<init>(NvicCodePanel.java:78)
2026-07-02 23:20:58,602 [ERROR] LogOutputStream:75 - [STDERR_REDIRECT] 	at com.st.microxplorer.plugins.ip.nvic.NvicTabbedPanel.<init>(NvicTabbedPanel.java:57)
2026-07-02 23:20:58,603 [ERROR] LogOutputStream:75 - [STDERR_REDIRECT] 	at com.st.microxplorer.plugins.ip.nvic.Nvic.getUI(Nvic.java:73)
2026-07-02 23:20:58,604 [ERROR] LogOutputStream:75 - [STDERR_REDIRECT] 	at com.st.microxplorer.plugins.ipmanager.gui.BlockDiagram.createIpPanel(BlockDiagram.java:402)
2026-07-02 23:20:58,605 [ERROR] LogOutputStream:75 - [STDERR_REDIRECT] 	at com.st.microxplorer.plugins.ipmanager.gui.BlockDiagram.getIPConfigPanel(BlockDiagram.java:552)
2026-07-02 23:20:58,606 [ERROR] LogOutputStream:75 - [STDERR_REDIRECT] 	at com.st.microxplorer.plugins.ipmanager.gui.BlockDiagram.getIPConfigPanel(BlockDiagram.java:458)
2026-07-02 23:20:58,608 [ERROR] LogOutputStream:75 - [STDERR_REDIRECT] 	at com.st.microxplorer.plugins.ipmanager.gui.BlockDiagram.propertyChange(BlockDiagram.java:1402)
2026-07-02 23:20:58,609 [ERROR] LogOutputStream:75 - [STDERR_REDIRECT] 	at java.desktop/java.beans.PropertyChangeSupport.fire(PropertyChangeSupport.java:343)
2026-07-02 23:20:58,610 [ERROR] LogOutputStream:75 - [STDERR_REDIRECT] 	at java.desktop/java.beans.PropertyChangeSupport.firePropertyChange(PropertyChangeSupport.java:335)
2026-07-02 23:20:58,611 [ERROR] LogOutputStream:75 - [STDERR_REDIRECT] 	at java.desktop/java.beans.PropertyChangeSupport.firePropertyChange(PropertyChangeSupport.java:268)
2026-07-02 23:20:58,612 [ERROR] LogOutputStream:75 - [STDERR_REDIRECT] 	at com.st.microxplorer.util.MXPropertyChangeSupport.firePropertyChange(MXPropertyChangeSupport.java:54)
2026-07-02 23:20:58,613 [ERROR] LogOutputStream:75 - [STDERR_REDIRECT] 	at com.st.microxplorer.mxsystem.MxSystem.MxFirePropertyChange(MxSystem.java:219)
2026-07-02 23:20:58,615 [ERROR] LogOutputStream:75 - [STDERR_REDIRECT] 	at com.st.microxplorer.plugins.clock.gui.ArithmeticOperatorUI$2.done(ArithmeticOperatorUI.java:425)
2026-07-02 23:20:58,616 [ERROR] LogOutputStream:75 - [STDERR_REDIRECT] 	at java.desktop/javax.swing.SwingWorker$4.run(SwingWorker.java:749)
2026-07-02 23:20:58,617 [ERROR] LogOutputStream:75 - [STDERR_REDIRECT] 	at java.desktop/javax.swing.SwingWorker$DoSubmitAccumulativeRunnable.run(SwingWorker.java:847)
2026-07-02 23:20:58,618 [ERROR] LogOutputStream:75 - [STDERR_REDIRECT] 	at java.desktop/sun.swing.AccumulativeRunnable.run(AccumulativeRunnable.java:112)
2026-07-02 23:20:58,619 [ERROR] LogOutputStream:75 - [STDERR_REDIRECT] 	at java.desktop/javax.swing.SwingWorker$DoSubmitAccumulativeRunnable.actionPerformed(SwingWorker.java:857)
2026-07-02 23:20:58,620 [ERROR] LogOutputStream:75 - [STDERR_REDIRECT] 	at java.desktop/javax.swing.Timer.fireActionPerformed(Timer.java:311)
2026-07-02 23:20:58,621 [ERROR] LogOutputStream:75 - [STDERR_REDIRECT] 	at java.desktop/javax.swing.Timer$DoPostEvent.run(Timer.java:243)
2026-07-02 23:20:58,622 [ERROR] LogOutputStream:75 - [STDERR_REDIRECT] 	at java.desktop/java.awt.event.InvocationEvent.dispatch(InvocationEvent.java:318)
2026-07-02 23:20:58,623 [ERROR] LogOutputStream:75 - [STDERR_REDIRECT] 	at java.desktop/java.awt.EventQueue.dispatchEventImpl(EventQueue.java:773)
2026-07-02 23:20:58,624 [ERROR] LogOutputStream:75 - [STDERR_REDIRECT] 	at java.desktop/java.awt.EventQueue$4.run(EventQueue.java:720)
2026-07-02 23:20:58,624 [ERROR] LogOutputStream:75 - [STDERR_REDIRECT] 	at java.desktop/java.awt.EventQueue$4.run(EventQueue.java:714)
2026-07-02 23:20:58,625 [ERROR] LogOutputStream:75 - [STDERR_REDIRECT] 	at java.base/java.security.AccessController.doPrivileged(AccessController.java:400)
2026-07-02 23:20:58,627 [ERROR] LogOutputStream:75 - [STDERR_REDIRECT] 	at java.base/java.security.ProtectionDomain$JavaSecurityAccessImpl.doIntersectionPrivilege(ProtectionDomain.java:87)
2026-07-02 23:20:58,628 [ERROR] LogOutputStream:75 - [STDERR_REDIRECT] 	at java.desktop/java.awt.EventQueue.dispatchEvent(EventQueue.java:742)
2026-07-02 23:20:58,629 [ERROR] LogOutputStream:75 - [STDERR_REDIRECT] 	at java.desktop/java.awt.EventDispatchThread.pumpOneEventForFilters(EventDispatchThread.java:203)
2026-07-02 23:20:58,630 [ERROR] LogOutputStream:75 - [STDERR_REDIRECT] 	at java.desktop/java.awt.EventDispatchThread.pumpEventsForFilter(EventDispatchThread.java:124)
2026-07-02 23:20:58,631 [ERROR] LogOutputStream:75 - [STDERR_REDIRECT] 	at java.desktop/java.awt.EventDispatchThread.pumpEventsForHierarchy(EventDispatchThread.java:113)
2026-07-02 23:20:58,632 [ERROR] LogOutputStream:75 - [STDERR_REDIRECT] 	at java.desktop/java.awt.EventDispatchThread.pumpEvents(EventDispatchThread.java:109)
2026-07-02 23:20:58,634 [ERROR] LogOutputStream:75 - [STDERR_REDIRECT] 	at java.desktop/java.awt.EventDispatchThread.pumpEvents(EventDispatchThread.java:101)
2026-07-02 23:20:58,634 [ERROR] LogOutputStream:75 - [STDERR_REDIRECT] 	at java.desktop/java.awt.EventDispatchThread.run(EventDispatchThread.java:90)
2026-07-02 23:20:58,639 [ERROR] LogOutputStream:75 - [STDERR_REDIRECT] java.lang.Error: no ComponentUI class for: com.st.microxplorer.plugins.ip.nvic.CheckBoxHeader[,0,0,0x0,invalid,alignmentX=0.0,alignmentY=0.0,border=,flags=0,maximumSize=,minimumSize=,preferredSize=,defaultIcon=,disabledIcon=,disabledSelectedIcon=,margin=null,paintBorder=true,paintFocus=true,pressedIcon=,rolloverEnabled=false,rolloverIcon=,rolloverSelectedIcon=,selectedIcon=,text=]
2026-07-02 23:20:58,640 [ERROR] LogOutputStream:75 - [STDERR_REDIRECT] 	at java.desktop/javax.swing.UIDefaults.getUIError(UIDefaults.java:763)
2026-07-02 23:20:58,641 [ERROR] LogOutputStream:75 - [STDERR_REDIRECT] 	at java.desktop/javax.swing.MultiUIDefaults.getUIError(MultiUIDefaults.java:144)
2026-07-02 23:20:58,642 [ERROR] LogOutputStream:75 - [STDERR_REDIRECT] 	at java.desktop/javax.swing.UIDefaults.getUI(UIDefaults.java:793)
2026-07-02 23:20:58,643 [ERROR] LogOutputStream:75 - [STDERR_REDIRECT] 	at java.desktop/javax.swing.UIManager.getUI(UIManager.java:1070)
2026-07-02 23:20:58,644 [ERROR] LogOutputStream:75 - [STDERR_REDIRECT] 	at java.desktop/javax.swing.JCheckBox.updateUI(JCheckBox.java:228)
2026-07-02 23:20:58,644 [ERROR] LogOutputStream:75 - [STDERR_REDIRECT] 	at java.desktop/javax.swing.AbstractButton.init(AbstractButton.java:2141)
2026-07-02 23:20:58,645 [ERROR] LogOutputStream:75 - [STDERR_REDIRECT] 	at java.desktop/javax.swing.JToggleButton.<init>(JToggleButton.java:187)
2026-07-02 23:20:58,646 [ERROR] LogOutputStream:75 - [STDERR_REDIRECT] 	at java.desktop/javax.swing.JCheckBox.<init>(JCheckBox.java:176)
2026-07-02 23:20:58,647 [ERROR] LogOutputStream:75 - [STDERR_REDIRECT] 	at java.desktop/javax.swing.JCheckBox.<init>(JCheckBox.java:97)
2026-07-02 23:20:58,648 [ERROR] LogOutputStream:75 - [STDERR_REDIRECT] 	at com.st.microxplorer.plugins.ip.nvic.CheckBoxHeader.<init>(CheckBoxHeader.java:55)
2026-07-02 23:20:58,649 [ERROR] LogOutputStream:75 - [STDERR_REDIRECT] 	at com.st.microxplorer.plugins.ip.nvic.NvicCodeSelectionTable.<init>(NvicCodeSelectionTable.java:78)
2026-07-02 23:20:58,650 [ERROR] LogOutputStream:75 - [STDERR_REDIRECT] 	at com.st.microxplorer.plugins.ip.nvic.NvicCodePanel.initComponents(NvicCodePanel.java:102)
2026-07-02 23:20:58,651 [ERROR] LogOutputStream:75 - [STDERR_REDIRECT] 	at com.st.microxplorer.plugins.ip.nvic.NvicCodePanel.<init>(NvicCodePanel.java:78)
2026-07-02 23:20:58,653 [ERROR] LogOutputStream:75 - [STDERR_REDIRECT] 	at com.st.microxplorer.plugins.ip.nvic.NvicTabbedPanel.<init>(NvicTabbedPanel.java:57)
2026-07-02 23:20:58,654 [ERROR] LogOutputStream:75 - [STDERR_REDIRECT] 	at com.st.microxplorer.plugins.ip.nvic.Nvic.getUI(Nvic.java:73)
2026-07-02 23:20:58,655 [ERROR] LogOutputStream:75 - [STDERR_REDIRECT] 	at com.st.microxplorer.plugins.ipmanager.gui.BlockDiagram.createIpPanel(BlockDiagram.java:402)
2026-07-02 23:20:58,656 [ERROR] LogOutputStream:75 - [STDERR_REDIRECT] 	at com.st.microxplorer.plugins.ipmanager.gui.BlockDiagram.getIPConfigPanel(BlockDiagram.java:552)
2026-07-02 23:20:58,657 [ERROR] LogOutputStream:75 - [STDERR_REDIRECT] 	at com.st.microxplorer.plugins.ipmanager.gui.BlockDiagram.getIPConfigPanel(BlockDiagram.java:458)
2026-07-02 23:20:58,659 [ERROR] LogOutputStream:75 - [STDERR_REDIRECT] 	at com.st.microxplorer.plugins.ipmanager.gui.BlockDiagram.propertyChange(BlockDiagram.java:1402)
2026-07-02 23:20:58,660 [ERROR] LogOutputStream:75 - [STDERR_REDIRECT] 	at java.desktop/java.beans.PropertyChangeSupport.fire(PropertyChangeSupport.java:343)
2026-07-02 23:20:58,661 [ERROR] LogOutputStream:75 - [STDERR_REDIRECT] 	at java.desktop/java.beans.PropertyChangeSupport.firePropertyChange(PropertyChangeSupport.java:335)
2026-07-02 23:20:58,662 [ERROR] LogOutputStream:75 - [STDERR_REDIRECT] 	at java.desktop/java.beans.PropertyChangeSupport.firePropertyChange(PropertyChangeSupport.java:268)
2026-07-02 23:20:58,663 [ERROR] LogOutputStream:75 - [STDERR_REDIRECT] 	at com.st.microxplorer.util.MXPropertyChangeSupport.firePropertyChange(MXPropertyChangeSupport.java:54)
2026-07-02 23:20:58,664 [ERROR] LogOutputStream:75 - [STDERR_REDIRECT] 	at com.st.microxplorer.mxsystem.MxSystem.MxFirePropertyChange(MxSystem.java:219)
2026-07-02 23:20:58,665 [ERROR] LogOutputStream:75 - [STDERR_REDIRECT] 	at com.st.microxplorer.plugins.clock.gui.ArithmeticOperatorUI$2.done(ArithmeticOperatorUI.java:425)
2026-07-02 23:20:58,666 [ERROR] LogOutputStream:75 - [STDERR_REDIRECT] 	at java.desktop/javax.swing.SwingWorker$4.run(SwingWorker.java:749)
2026-07-02 23:20:58,667 [ERROR] LogOutputStream:75 - [STDERR_REDIRECT] 	at java.desktop/javax.swing.SwingWorker$DoSubmitAccumulativeRunnable.run(SwingWorker.java:847)
2026-07-02 23:20:58,668 [ERROR] LogOutputStream:75 - [STDERR_REDIRECT] 	at java.desktop/sun.swing.AccumulativeRunnable.run(AccumulativeRunnable.java:112)
2026-07-02 23:20:58,670 [ERROR] LogOutputStream:75 - [STDERR_REDIRECT] 	at java.desktop/javax.swing.SwingWorker$DoSubmitAccumulativeRunnable.actionPerformed(SwingWorker.java:857)
2026-07-02 23:20:58,671 [ERROR] LogOutputStream:75 - [STDERR_REDIRECT] 	at java.desktop/javax.swing.Timer.fireActionPerformed(Timer.java:311)
2026-07-02 23:20:58,672 [ERROR] LogOutputStream:75 - [STDERR_REDIRECT] 	at java.desktop/javax.swing.Timer$DoPostEvent.run(Timer.java:243)
2026-07-02 23:20:58,673 [ERROR] LogOutputStream:75 - [STDERR_REDIRECT] 	at java.desktop/java.awt.event.InvocationEvent.dispatch(InvocationEvent.java:318)
2026-07-02 23:20:58,674 [ERROR] LogOutputStream:75 - [STDERR_REDIRECT] 	at java.desktop/java.awt.EventQueue.dispatchEventImpl(EventQueue.java:773)
2026-07-02 23:20:58,675 [ERROR] LogOutputStream:75 - [STDERR_REDIRECT] 	at java.desktop/java.awt.EventQueue$4.run(EventQueue.java:720)
2026-07-02 23:20:58,675 [ERROR] LogOutputStream:75 - [STDERR_REDIRECT] 	at java.desktop/java.awt.EventQueue$4.run(EventQueue.java:714)
2026-07-02 23:20:58,676 [ERROR] LogOutputStream:75 - [STDERR_REDIRECT] 	at java.base/java.security.AccessController.doPrivileged(AccessController.java:400)
2026-07-02 23:20:58,678 [ERROR] LogOutputStream:75 - [STDERR_REDIRECT] 	at java.base/java.security.ProtectionDomain$JavaSecurityAccessImpl.doIntersectionPrivilege(ProtectionDomain.java:87)
2026-07-02 23:20:58,679 [ERROR] LogOutputStream:75 - [STDERR_REDIRECT] 	at java.desktop/java.awt.EventQueue.dispatchEvent(EventQueue.java:742)
2026-07-02 23:20:58,680 [ERROR] LogOutputStream:75 - [STDERR_REDIRECT] 	at java.desktop/java.awt.EventDispatchThread.pumpOneEventForFilters(EventDispatchThread.java:203)
2026-07-02 23:20:58,681 [ERROR] LogOutputStream:75 - [STDERR_REDIRECT] 	at java.desktop/java.awt.EventDispatchThread.pumpEventsForFilter(EventDispatchThread.java:124)
2026-07-02 23:20:58,682 [ERROR] LogOutputStream:75 - [STDERR_REDIRECT] 	at java.desktop/java.awt.EventDispatchThread.pumpEventsForHierarchy(EventDispatchThread.java:113)
2026-07-02 23:20:58,683 [ERROR] LogOutputStream:75 - [STDERR_REDIRECT] 	at java.desktop/java.awt.EventDispatchThread.pumpEvents(EventDispatchThread.java:109)
2026-07-02 23:20:58,684 [ERROR] LogOutputStream:75 - [STDERR_REDIRECT] 	at java.desktop/java.awt.EventDispatchThread.pumpEvents(EventDispatchThread.java:101)
2026-07-02 23:20:58,686 [ERROR] LogOutputStream:75 - [STDERR_REDIRECT] 	at java.desktop/java.awt.EventDispatchThread.run(EventDispatchThread.java:90)
2026-07-02 23:21:13,505 [WARN] IP:2250 - I2C_Coeff_DF not found: check if there is a RefParameter without a condition.
2026-07-02 23:21:13,505 [WARN] IP:2250 - Analog_Filter not found: check if there is a RefParameter without a condition.
2026-07-02 23:21:13,505 [WARN] IP:2250 - I2C_Coeff_DF not found: check if there is a RefParameter without a condition.
2026-07-02 23:21:13,505 [WARN] IP:2250 - Analog_Filter not found: check if there is a RefParameter without a condition.
2026-07-02 23:21:13,566 [ERROR] LogOutputStream:75 - [STDERR_REDIRECT] java.lang.Error: no ComponentUI class for: com.st.microxplorer.plugins.ip.nvic.CheckBoxHeader[,0,0,0x0,invalid,alignmentX=0.0,alignmentY=0.0,border=,flags=0,maximumSize=,minimumSize=,preferredSize=,defaultIcon=,disabledIcon=,disabledSelectedIcon=,margin=null,paintBorder=true,paintFocus=true,pressedIcon=,rolloverEnabled=false,rolloverIcon=,rolloverSelectedIcon=,selectedIcon=,text=]
2026-07-02 23:21:13,567 [ERROR] LogOutputStream:75 - [STDERR_REDIRECT] 	at java.desktop/javax.swing.UIDefaults.getUIError(UIDefaults.java:763)
2026-07-02 23:21:13,568 [ERROR] LogOutputStream:75 - [STDERR_REDIRECT] 	at java.desktop/javax.swing.MultiUIDefaults.getUIError(MultiUIDefaults.java:144)
2026-07-02 23:21:13,569 [ERROR] LogOutputStream:75 - [STDERR_REDIRECT] 	at java.desktop/javax.swing.UIDefaults.getUI(UIDefaults.java:793)
2026-07-02 23:21:13,570 [ERROR] LogOutputStream:75 - [STDERR_REDIRECT] 	at java.desktop/javax.swing.UIManager.getUI(UIManager.java:1070)
2026-07-02 23:21:13,571 [ERROR] LogOutputStream:75 - [STDERR_REDIRECT] 	at java.desktop/javax.swing.JCheckBox.updateUI(JCheckBox.java:228)
2026-07-02 23:21:13,572 [ERROR] LogOutputStream:75 - [STDERR_REDIRECT] 	at java.desktop/javax.swing.AbstractButton.init(AbstractButton.java:2141)
2026-07-02 23:21:13,573 [ERROR] LogOutputStream:75 - [STDERR_REDIRECT] 	at java.desktop/javax.swing.JToggleButton.<init>(JToggleButton.java:187)
2026-07-02 23:21:13,574 [ERROR] LogOutputStream:75 - [STDERR_REDIRECT] 	at java.desktop/javax.swing.JCheckBox.<init>(JCheckBox.java:176)
2026-07-02 23:21:13,574 [ERROR] LogOutputStream:75 - [STDERR_REDIRECT] 	at java.desktop/javax.swing.JCheckBox.<init>(JCheckBox.java:97)
2026-07-02 23:21:13,575 [ERROR] LogOutputStream:75 - [STDERR_REDIRECT] 	at com.st.microxplorer.plugins.ip.nvic.CheckBoxHeader.<init>(CheckBoxHeader.java:55)
2026-07-02 23:21:13,577 [ERROR] LogOutputStream:75 - [STDERR_REDIRECT] 	at com.st.microxplorer.plugins.ip.nvic.NvicCodeSelectionTable.<init>(NvicCodeSelectionTable.java:75)
2026-07-02 23:21:13,578 [ERROR] LogOutputStream:75 - [STDERR_REDIRECT] 	at com.st.microxplorer.plugins.ip.nvic.NvicCodePanel.initComponents(NvicCodePanel.java:102)
2026-07-02 23:21:13,579 [ERROR] LogOutputStream:75 - [STDERR_REDIRECT] 	at com.st.microxplorer.plugins.ip.nvic.NvicCodePanel.<init>(NvicCodePanel.java:78)
2026-07-02 23:21:13,580 [ERROR] LogOutputStream:75 - [STDERR_REDIRECT] 	at com.st.microxplorer.plugins.ip.nvic.NvicTabbedPanel.<init>(NvicTabbedPanel.java:57)
2026-07-02 23:21:13,581 [ERROR] LogOutputStream:75 - [STDERR_REDIRECT] 	at com.st.microxplorer.plugins.ip.nvic.Nvic.getUI(Nvic.java:73)
2026-07-02 23:21:13,582 [ERROR] LogOutputStream:75 - [STDERR_REDIRECT] 	at com.st.microxplorer.plugins.ipmanager.gui.BlockDiagram.createIpPanel(BlockDiagram.java:402)
2026-07-02 23:21:13,583 [ERROR] LogOutputStream:75 - [STDERR_REDIRECT] 	at com.st.microxplorer.plugins.ipmanager.gui.BlockDiagram.getIPConfigPanel(BlockDiagram.java:552)
2026-07-02 23:21:13,584 [ERROR] LogOutputStream:75 - [STDERR_REDIRECT] 	at com.st.microxplorer.plugins.ipmanager.gui.BlockDiagram.getIPConfigPanel(BlockDiagram.java:458)
2026-07-02 23:21:13,586 [ERROR] LogOutputStream:75 - [STDERR_REDIRECT] 	at com.st.microxplorer.plugins.ipmanager.gui.BlockDiagram.propertyChange(BlockDiagram.java:1402)
2026-07-02 23:21:13,587 [ERROR] LogOutputStream:75 - [STDERR_REDIRECT] 	at java.desktop/java.beans.PropertyChangeSupport.fire(PropertyChangeSupport.java:343)
2026-07-02 23:21:13,588 [ERROR] LogOutputStream:75 - [STDERR_REDIRECT] 	at java.desktop/java.beans.PropertyChangeSupport.firePropertyChange(PropertyChangeSupport.java:335)
2026-07-02 23:21:13,589 [ERROR] LogOutputStream:75 - [STDERR_REDIRECT] 	at java.desktop/java.beans.PropertyChangeSupport.firePropertyChange(PropertyChangeSupport.java:268)
2026-07-02 23:21:13,590 [ERROR] LogOutputStream:75 - [STDERR_REDIRECT] 	at com.st.microxplorer.util.MXPropertyChangeSupport.firePropertyChange(MXPropertyChangeSupport.java:54)
2026-07-02 23:21:13,591 [ERROR] LogOutputStream:75 - [STDERR_REDIRECT] 	at com.st.microxplorer.mxsystem.MxSystem.MxFirePropertyChange(MxSystem.java:219)
2026-07-02 23:21:13,593 [ERROR] LogOutputStream:75 - [STDERR_REDIRECT] 	at com.st.microxplorer.plugins.clock.gui.ArithmeticOperatorUI$2.done(ArithmeticOperatorUI.java:425)
2026-07-02 23:21:13,594 [ERROR] LogOutputStream:75 - [STDERR_REDIRECT] 	at java.desktop/javax.swing.SwingWorker$4.run(SwingWorker.java:749)
2026-07-02 23:21:13,595 [ERROR] LogOutputStream:75 - [STDERR_REDIRECT] 	at java.desktop/javax.swing.SwingWorker$DoSubmitAccumulativeRunnable.run(SwingWorker.java:847)
2026-07-02 23:21:13,596 [ERROR] LogOutputStream:75 - [STDERR_REDIRECT] 	at java.desktop/sun.swing.AccumulativeRunnable.run(AccumulativeRunnable.java:112)
2026-07-02 23:21:13,597 [ERROR] LogOutputStream:75 - [STDERR_REDIRECT] 	at java.desktop/javax.swing.SwingWorker$DoSubmitAccumulativeRunnable.actionPerformed(SwingWorker.java:857)
2026-07-02 23:21:13,598 [ERROR] LogOutputStream:75 - [STDERR_REDIRECT] 	at java.desktop/javax.swing.Timer.fireActionPerformed(Timer.java:311)
2026-07-02 23:21:13,600 [ERROR] LogOutputStream:75 - [STDERR_REDIRECT] 	at java.desktop/javax.swing.Timer$DoPostEvent.run(Timer.java:243)
2026-07-02 23:21:13,601 [ERROR] LogOutputStream:75 - [STDERR_REDIRECT] 	at java.desktop/java.awt.event.InvocationEvent.dispatch(InvocationEvent.java:318)
2026-07-02 23:21:13,602 [ERROR] LogOutputStream:75 - [STDERR_REDIRECT] 	at java.desktop/java.awt.EventQueue.dispatchEventImpl(EventQueue.java:773)
2026-07-02 23:21:13,603 [ERROR] LogOutputStream:75 - [STDERR_REDIRECT] 	at java.desktop/java.awt.EventQueue$4.run(EventQueue.java:720)
2026-07-02 23:21:13,604 [ERROR] LogOutputStream:75 - [STDERR_REDIRECT] 	at java.desktop/java.awt.EventQueue$4.run(EventQueue.java:714)
2026-07-02 23:21:13,605 [ERROR] LogOutputStream:75 - [STDERR_REDIRECT] 	at java.base/java.security.AccessController.doPrivileged(AccessController.java:400)
2026-07-02 23:21:13,606 [ERROR] LogOutputStream:75 - [STDERR_REDIRECT] 	at java.base/java.security.ProtectionDomain$JavaSecurityAccessImpl.doIntersectionPrivilege(ProtectionDomain.java:87)
2026-07-02 23:21:13,607 [ERROR] LogOutputStream:75 - [STDERR_REDIRECT] 	at java.desktop/java.awt.EventQueue.dispatchEvent(EventQueue.java:742)
2026-07-02 23:21:13,608 [ERROR] LogOutputStream:75 - [STDERR_REDIRECT] 	at java.desktop/java.awt.EventDispatchThread.pumpOneEventForFilters(EventDispatchThread.java:203)
2026-07-02 23:21:13,609 [ERROR] LogOutputStream:75 - [STDERR_REDIRECT] 	at java.desktop/java.awt.EventDispatchThread.pumpEventsForFilter(EventDispatchThread.java:124)
2026-07-02 23:21:13,611 [ERROR] LogOutputStream:75 - [STDERR_REDIRECT] 	at java.desktop/java.awt.EventDispatchThread.pumpEventsForHierarchy(EventDispatchThread.java:113)
2026-07-02 23:21:13,612 [ERROR] LogOutputStream:75 - [STDERR_REDIRECT] 	at java.desktop/java.awt.EventDispatchThread.pumpEvents(EventDispatchThread.java:109)
2026-07-02 23:21:13,613 [ERROR] LogOutputStream:75 - [STDERR_REDIRECT] 	at java.desktop/java.awt.EventDispatchThread.pumpEvents(EventDispatchThread.java:101)
2026-07-02 23:21:13,614 [ERROR] LogOutputStream:75 - [STDERR_REDIRECT] 	at java.desktop/java.awt.EventDispatchThread.run(EventDispatchThread.java:90)
2026-07-02 23:21:13,618 [ERROR] LogOutputStream:75 - [STDERR_REDIRECT] java.lang.Error: no ComponentUI class for: com.st.microxplorer.plugins.ip.nvic.CheckBoxHeader[,0,0,0x0,invalid,alignmentX=0.0,alignmentY=0.0,border=,flags=0,maximumSize=,minimumSize=,preferredSize=,defaultIcon=,disabledIcon=,disabledSelectedIcon=,margin=null,paintBorder=true,paintFocus=true,pressedIcon=,rolloverEnabled=false,rolloverIcon=,rolloverSelectedIcon=,selectedIcon=,text=]
2026-07-02 23:21:13,619 [ERROR] LogOutputStream:75 - [STDERR_REDIRECT] 	at java.desktop/javax.swing.UIDefaults.getUIError(UIDefaults.java:763)
2026-07-02 23:21:13,620 [ERROR] LogOutputStream:75 - [STDERR_REDIRECT] 	at java.desktop/javax.swing.MultiUIDefaults.getUIError(MultiUIDefaults.java:144)
2026-07-02 23:21:13,621 [ERROR] LogOutputStream:75 - [STDERR_REDIRECT] 	at java.desktop/javax.swing.UIDefaults.getUI(UIDefaults.java:793)
2026-07-02 23:21:13,622 [ERROR] LogOutputStream:75 - [STDERR_REDIRECT] 	at java.desktop/javax.swing.UIManager.getUI(UIManager.java:1070)
2026-07-02 23:21:13,623 [ERROR] LogOutputStream:75 - [STDERR_REDIRECT] 	at java.desktop/javax.swing.JCheckBox.updateUI(JCheckBox.java:228)
2026-07-02 23:21:13,624 [ERROR] LogOutputStream:75 - [STDERR_REDIRECT] 	at java.desktop/javax.swing.AbstractButton.init(AbstractButton.java:2141)
2026-07-02 23:21:13,625 [ERROR] LogOutputStream:75 - [STDERR_REDIRECT] 	at java.desktop/javax.swing.JToggleButton.<init>(JToggleButton.java:187)
2026-07-02 23:21:13,625 [ERROR] LogOutputStream:75 - [STDERR_REDIRECT] 	at java.desktop/javax.swing.JCheckBox.<init>(JCheckBox.java:176)
2026-07-02 23:21:13,626 [ERROR] LogOutputStream:75 - [STDERR_REDIRECT] 	at java.desktop/javax.swing.JCheckBox.<init>(JCheckBox.java:97)
2026-07-02 23:21:13,627 [ERROR] LogOutputStream:75 - [STDERR_REDIRECT] 	at com.st.microxplorer.plugins.ip.nvic.CheckBoxHeader.<init>(CheckBoxHeader.java:55)
2026-07-02 23:21:13,629 [ERROR] LogOutputStream:75 - [STDERR_REDIRECT] 	at com.st.microxplorer.plugins.ip.nvic.NvicCodeSelectionTable.<init>(NvicCodeSelectionTable.java:78)
2026-07-02 23:21:13,630 [ERROR] LogOutputStream:75 - [STDERR_REDIRECT] 	at com.st.microxplorer.plugins.ip.nvic.NvicCodePanel.initComponents(NvicCodePanel.java:102)
2026-07-02 23:21:13,631 [ERROR] LogOutputStream:75 - [STDERR_REDIRECT] 	at com.st.microxplorer.plugins.ip.nvic.NvicCodePanel.<init>(NvicCodePanel.java:78)
2026-07-02 23:21:13,632 [ERROR] LogOutputStream:75 - [STDERR_REDIRECT] 	at com.st.microxplorer.plugins.ip.nvic.NvicTabbedPanel.<init>(NvicTabbedPanel.java:57)
2026-07-02 23:21:13,633 [ERROR] LogOutputStream:75 - [STDERR_REDIRECT] 	at com.st.microxplorer.plugins.ip.nvic.Nvic.getUI(Nvic.java:73)
2026-07-02 23:21:13,634 [ERROR] LogOutputStream:75 - [STDERR_REDIRECT] 	at com.st.microxplorer.plugins.ipmanager.gui.BlockDiagram.createIpPanel(BlockDiagram.java:402)
2026-07-02 23:21:13,635 [ERROR] LogOutputStream:75 - [STDERR_REDIRECT] 	at com.st.microxplorer.plugins.ipmanager.gui.BlockDiagram.getIPConfigPanel(BlockDiagram.java:552)
2026-07-02 23:21:13,636 [ERROR] LogOutputStream:75 - [STDERR_REDIRECT] 	at com.st.microxplorer.plugins.ipmanager.gui.BlockDiagram.getIPConfigPanel(BlockDiagram.java:458)
2026-07-02 23:21:13,637 [ERROR] LogOutputStream:75 - [STDERR_REDIRECT] 	at com.st.microxplorer.plugins.ipmanager.gui.BlockDiagram.propertyChange(BlockDiagram.java:1402)
2026-07-02 23:21:13,639 [ERROR] LogOutputStream:75 - [STDERR_REDIRECT] 	at java.desktop/java.beans.PropertyChangeSupport.fire(PropertyChangeSupport.java:343)
2026-07-02 23:21:13,640 [ERROR] LogOutputStream:75 - [STDERR_REDIRECT] 	at java.desktop/java.beans.PropertyChangeSupport.firePropertyChange(PropertyChangeSupport.java:335)
2026-07-02 23:21:13,641 [ERROR] LogOutputStream:75 - [STDERR_REDIRECT] 	at java.desktop/java.beans.PropertyChangeSupport.firePropertyChange(PropertyChangeSupport.java:268)
2026-07-02 23:21:13,642 [ERROR] LogOutputStream:75 - [STDERR_REDIRECT] 	at com.st.microxplorer.util.MXPropertyChangeSupport.firePropertyChange(MXPropertyChangeSupport.java:54)
2026-07-02 23:21:13,643 [ERROR] LogOutputStream:75 - [STDERR_REDIRECT] 	at com.st.microxplorer.mxsystem.MxSystem.MxFirePropertyChange(MxSystem.java:219)
2026-07-02 23:21:13,645 [ERROR] LogOutputStream:75 - [STDERR_REDIRECT] 	at com.st.microxplorer.plugins.clock.gui.ArithmeticOperatorUI$2.done(ArithmeticOperatorUI.java:425)
2026-07-02 23:21:13,645 [ERROR] LogOutputStream:75 - [STDERR_REDIRECT] 	at java.desktop/javax.swing.SwingWorker$4.run(SwingWorker.java:749)
2026-07-02 23:21:13,647 [ERROR] LogOutputStream:75 - [STDERR_REDIRECT] 	at java.desktop/javax.swing.SwingWorker$DoSubmitAccumulativeRunnable.run(SwingWorker.java:847)
2026-07-02 23:21:13,648 [ERROR] LogOutputStream:75 - [STDERR_REDIRECT] 	at java.desktop/sun.swing.AccumulativeRunnable.run(AccumulativeRunnable.java:112)
2026-07-02 23:21:13,649 [ERROR] LogOutputStream:75 - [STDERR_REDIRECT] 	at java.desktop/javax.swing.SwingWorker$DoSubmitAccumulativeRunnable.actionPerformed(SwingWorker.java:857)
2026-07-02 23:21:13,650 [ERROR] LogOutputStream:75 - [STDERR_REDIRECT] 	at java.desktop/javax.swing.Timer.fireActionPerformed(Timer.java:311)
2026-07-02 23:21:13,650 [ERROR] LogOutputStream:75 - [STDERR_REDIRECT] 	at java.desktop/javax.swing.Timer$DoPostEvent.run(Timer.java:243)
2026-07-02 23:21:13,652 [ERROR] LogOutputStream:75 - [STDERR_REDIRECT] 	at java.desktop/java.awt.event.InvocationEvent.dispatch(InvocationEvent.java:318)
2026-07-02 23:21:13,652 [ERROR] LogOutputStream:75 - [STDERR_REDIRECT] 	at java.desktop/java.awt.EventQueue.dispatchEventImpl(EventQueue.java:773)
2026-07-02 23:21:13,653 [ERROR] LogOutputStream:75 - [STDERR_REDIRECT] 	at java.desktop/java.awt.EventQueue$4.run(EventQueue.java:720)
2026-07-02 23:21:13,654 [ERROR] LogOutputStream:75 - [STDERR_REDIRECT] 	at java.desktop/java.awt.EventQueue$4.run(EventQueue.java:714)
2026-07-02 23:21:13,655 [ERROR] LogOutputStream:75 - [STDERR_REDIRECT] 	at java.base/java.security.AccessController.doPrivileged(AccessController.java:400)
2026-07-02 23:21:13,657 [ERROR] LogOutputStream:75 - [STDERR_REDIRECT] 	at java.base/java.security.ProtectionDomain$JavaSecurityAccessImpl.doIntersectionPrivilege(ProtectionDomain.java:87)
2026-07-02 23:21:13,658 [ERROR] LogOutputStream:75 - [STDERR_REDIRECT] 	at java.desktop/java.awt.EventQueue.dispatchEvent(EventQueue.java:742)
2026-07-02 23:21:13,659 [ERROR] LogOutputStream:75 - [STDERR_REDIRECT] 	at java.desktop/java.awt.EventDispatchThread.pumpOneEventForFilters(EventDispatchThread.java:203)
2026-07-02 23:21:13,660 [ERROR] LogOutputStream:75 - [STDERR_REDIRECT] 	at java.desktop/java.awt.EventDispatchThread.pumpEventsForFilter(EventDispatchThread.java:124)
2026-07-02 23:21:13,661 [ERROR] LogOutputStream:75 - [STDERR_REDIRECT] 	at java.desktop/java.awt.EventDispatchThread.pumpEventsForHierarchy(EventDispatchThread.java:113)
2026-07-02 23:21:13,662 [ERROR] LogOutputStream:75 - [STDERR_REDIRECT] 	at java.desktop/java.awt.EventDispatchThread.pumpEvents(EventDispatchThread.java:109)
2026-07-02 23:21:13,663 [ERROR] LogOutputStream:75 - [STDERR_REDIRECT] 	at java.desktop/java.awt.EventDispatchThread.pumpEvents(EventDispatchThread.java:101)
2026-07-02 23:21:13,664 [ERROR] LogOutputStream:75 - [STDERR_REDIRECT] 	at java.desktop/java.awt.EventDispatchThread.run(EventDispatchThread.java:90)
2026-07-02 23:21:30,535 [WARN] IP:2250 - I2C_Coeff_DF not found: check if there is a RefParameter without a condition.
2026-07-02 23:21:30,536 [WARN] IP:2250 - Analog_Filter not found: check if there is a RefParameter without a condition.
2026-07-02 23:21:30,536 [WARN] IP:2250 - I2C_Coeff_DF not found: check if there is a RefParameter without a condition.
2026-07-02 23:21:30,536 [WARN] IP:2250 - Analog_Filter not found: check if there is a RefParameter without a condition.
2026-07-02 23:21:30,597 [ERROR] LogOutputStream:75 - [STDERR_REDIRECT] java.lang.Error: no ComponentUI class for: com.st.microxplorer.plugins.ip.nvic.CheckBoxHeader[,0,0,0x0,invalid,alignmentX=0.0,alignmentY=0.0,border=,flags=0,maximumSize=,minimumSize=,preferredSize=,defaultIcon=,disabledIcon=,disabledSelectedIcon=,margin=null,paintBorder=true,paintFocus=true,pressedIcon=,rolloverEnabled=false,rolloverIcon=,rolloverSelectedIcon=,selectedIcon=,text=]
2026-07-02 23:21:30,598 [ERROR] LogOutputStream:75 - [STDERR_REDIRECT] 	at java.desktop/javax.swing.UIDefaults.getUIError(UIDefaults.java:763)
2026-07-02 23:21:30,599 [ERROR] LogOutputStream:75 - [STDERR_REDIRECT] 	at java.desktop/javax.swing.MultiUIDefaults.getUIError(MultiUIDefaults.java:144)
2026-07-02 23:21:30,600 [ERROR] LogOutputStream:75 - [STDERR_REDIRECT] 	at java.desktop/javax.swing.UIDefaults.getUI(UIDefaults.java:793)
2026-07-02 23:21:30,600 [ERROR] LogOutputStream:75 - [STDERR_REDIRECT] 	at java.desktop/javax.swing.UIManager.getUI(UIManager.java:1070)
2026-07-02 23:21:30,601 [ERROR] LogOutputStream:75 - [STDERR_REDIRECT] 	at java.desktop/javax.swing.JCheckBox.updateUI(JCheckBox.java:228)
2026-07-02 23:21:30,602 [ERROR] LogOutputStream:75 - [STDERR_REDIRECT] 	at java.desktop/javax.swing.AbstractButton.init(AbstractButton.java:2141)
2026-07-02 23:21:30,603 [ERROR] LogOutputStream:75 - [STDERR_REDIRECT] 	at java.desktop/javax.swing.JToggleButton.<init>(JToggleButton.java:187)
2026-07-02 23:21:30,604 [ERROR] LogOutputStream:75 - [STDERR_REDIRECT] 	at java.desktop/javax.swing.JCheckBox.<init>(JCheckBox.java:176)
2026-07-02 23:21:30,605 [ERROR] LogOutputStream:75 - [STDERR_REDIRECT] 	at java.desktop/javax.swing.JCheckBox.<init>(JCheckBox.java:97)
2026-07-02 23:21:30,606 [ERROR] LogOutputStream:75 - [STDERR_REDIRECT] 	at com.st.microxplorer.plugins.ip.nvic.CheckBoxHeader.<init>(CheckBoxHeader.java:55)
2026-07-02 23:21:30,607 [ERROR] LogOutputStream:75 - [STDERR_REDIRECT] 	at com.st.microxplorer.plugins.ip.nvic.NvicCodeSelectionTable.<init>(NvicCodeSelectionTable.java:75)
2026-07-02 23:21:30,608 [ERROR] LogOutputStream:75 - [STDERR_REDIRECT] 	at com.st.microxplorer.plugins.ip.nvic.NvicCodePanel.initComponents(NvicCodePanel.java:102)
2026-07-02 23:21:30,609 [ERROR] LogOutputStream:75 - [STDERR_REDIRECT] 	at com.st.microxplorer.plugins.ip.nvic.NvicCodePanel.<init>(NvicCodePanel.java:78)
2026-07-02 23:21:30,610 [ERROR] LogOutputStream:75 - [STDERR_REDIRECT] 	at com.st.microxplorer.plugins.ip.nvic.NvicTabbedPanel.<init>(NvicTabbedPanel.java:57)
2026-07-02 23:21:30,611 [ERROR] LogOutputStream:75 - [STDERR_REDIRECT] 	at com.st.microxplorer.plugins.ip.nvic.Nvic.getUI(Nvic.java:73)
2026-07-02 23:21:30,612 [ERROR] LogOutputStream:75 - [STDERR_REDIRECT] 	at com.st.microxplorer.plugins.ipmanager.gui.BlockDiagram.createIpPanel(BlockDiagram.java:402)
2026-07-02 23:21:30,613 [ERROR] LogOutputStream:75 - [STDERR_REDIRECT] 	at com.st.microxplorer.plugins.ipmanager.gui.BlockDiagram.getIPConfigPanel(BlockDiagram.java:552)
2026-07-02 23:21:30,615 [ERROR] LogOutputStream:75 - [STDERR_REDIRECT] 	at com.st.microxplorer.plugins.ipmanager.gui.BlockDiagram.getIPConfigPanel(BlockDiagram.java:458)
2026-07-02 23:21:30,616 [ERROR] LogOutputStream:75 - [STDERR_REDIRECT] 	at com.st.microxplorer.plugins.ipmanager.gui.BlockDiagram.propertyChange(BlockDiagram.java:1402)
2026-07-02 23:21:30,617 [ERROR] LogOutputStream:75 - [STDERR_REDIRECT] 	at java.desktop/java.beans.PropertyChangeSupport.fire(PropertyChangeSupport.java:343)
2026-07-02 23:21:30,618 [ERROR] LogOutputStream:75 - [STDERR_REDIRECT] 	at java.desktop/java.beans.PropertyChangeSupport.firePropertyChange(PropertyChangeSupport.java:335)
2026-07-02 23:21:30,619 [ERROR] LogOutputStream:75 - [STDERR_REDIRECT] 	at java.desktop/java.beans.PropertyChangeSupport.firePropertyChange(PropertyChangeSupport.java:268)
2026-07-02 23:21:30,620 [ERROR] LogOutputStream:75 - [STDERR_REDIRECT] 	at com.st.microxplorer.util.MXPropertyChangeSupport.firePropertyChange(MXPropertyChangeSupport.java:54)
2026-07-02 23:21:30,622 [ERROR] LogOutputStream:75 - [STDERR_REDIRECT] 	at com.st.microxplorer.mxsystem.MxSystem.MxFirePropertyChange(MxSystem.java:219)
2026-07-02 23:21:30,623 [ERROR] LogOutputStream:75 - [STDERR_REDIRECT] 	at com.st.microxplorer.plugins.clock.gui.ArithmeticOperatorUI$2.done(ArithmeticOperatorUI.java:425)
2026-07-02 23:21:30,624 [ERROR] LogOutputStream:75 - [STDERR_REDIRECT] 	at java.desktop/javax.swing.SwingWorker$4.run(SwingWorker.java:749)
2026-07-02 23:21:30,625 [ERROR] LogOutputStream:75 - [STDERR_REDIRECT] 	at java.desktop/javax.swing.SwingWorker$DoSubmitAccumulativeRunnable.run(SwingWorker.java:847)
2026-07-02 23:21:30,626 [ERROR] LogOutputStream:75 - [STDERR_REDIRECT] 	at java.desktop/sun.swing.AccumulativeRunnable.run(AccumulativeRunnable.java:112)
2026-07-02 23:21:30,627 [ERROR] LogOutputStream:75 - [STDERR_REDIRECT] 	at java.desktop/javax.swing.SwingWorker$DoSubmitAccumulativeRunnable.actionPerformed(SwingWorker.java:857)
2026-07-02 23:21:30,628 [ERROR] LogOutputStream:75 - [STDERR_REDIRECT] 	at java.desktop/javax.swing.Timer.fireActionPerformed(Timer.java:311)
2026-07-02 23:21:30,629 [ERROR] LogOutputStream:75 - [STDERR_REDIRECT] 	at java.desktop/javax.swing.Timer$DoPostEvent.run(Timer.java:243)
2026-07-02 23:21:30,630 [ERROR] LogOutputStream:75 - [STDERR_REDIRECT] 	at java.desktop/java.awt.event.InvocationEvent.dispatch(InvocationEvent.java:318)
2026-07-02 23:21:30,631 [ERROR] LogOutputStream:75 - [STDERR_REDIRECT] 	at java.desktop/java.awt.EventQueue.dispatchEventImpl(EventQueue.java:773)
2026-07-02 23:21:30,632 [ERROR] LogOutputStream:75 - [STDERR_REDIRECT] 	at java.desktop/java.awt.EventQueue$4.run(EventQueue.java:720)
2026-07-02 23:21:30,632 [ERROR] LogOutputStream:75 - [STDERR_REDIRECT] 	at java.desktop/java.awt.EventQueue$4.run(EventQueue.java:714)
2026-07-02 23:21:30,633 [ERROR] LogOutputStream:75 - [STDERR_REDIRECT] 	at java.base/java.security.AccessController.doPrivileged(AccessController.java:400)
2026-07-02 23:21:30,635 [ERROR] LogOutputStream:75 - [STDERR_REDIRECT] 	at java.base/java.security.ProtectionDomain$JavaSecurityAccessImpl.doIntersectionPrivilege(ProtectionDomain.java:87)
2026-07-02 23:21:30,636 [ERROR] LogOutputStream:75 - [STDERR_REDIRECT] 	at java.desktop/java.awt.EventQueue.dispatchEvent(EventQueue.java:742)
2026-07-02 23:21:30,637 [ERROR] LogOutputStream:75 - [STDERR_REDIRECT] 	at java.desktop/java.awt.EventDispatchThread.pumpOneEventForFilters(EventDispatchThread.java:203)
2026-07-02 23:21:30,639 [ERROR] LogOutputStream:75 - [STDERR_REDIRECT] 	at java.desktop/java.awt.EventDispatchThread.pumpEventsForFilter(EventDispatchThread.java:124)
2026-07-02 23:21:30,640 [ERROR] LogOutputStream:75 - [STDERR_REDIRECT] 	at java.desktop/java.awt.EventDispatchThread.pumpEventsForHierarchy(EventDispatchThread.java:113)
2026-07-02 23:21:30,641 [ERROR] LogOutputStream:75 - [STDERR_REDIRECT] 	at java.desktop/java.awt.EventDispatchThread.pumpEvents(EventDispatchThread.java:109)
2026-07-02 23:21:30,642 [ERROR] LogOutputStream:75 - [STDERR_REDIRECT] 	at java.desktop/java.awt.EventDispatchThread.pumpEvents(EventDispatchThread.java:101)
2026-07-02 23:21:30,643 [ERROR] LogOutputStream:75 - [STDERR_REDIRECT] 	at java.desktop/java.awt.EventDispatchThread.run(EventDispatchThread.java:90)
2026-07-02 23:21:30,647 [ERROR] LogOutputStream:75 - [STDERR_REDIRECT] java.lang.Error: no ComponentUI class for: com.st.microxplorer.plugins.ip.nvic.CheckBoxHeader[,0,0,0x0,invalid,alignmentX=0.0,alignmentY=0.0,border=,flags=0,maximumSize=,minimumSize=,preferredSize=,defaultIcon=,disabledIcon=,disabledSelectedIcon=,margin=null,paintBorder=true,paintFocus=true,pressedIcon=,rolloverEnabled=false,rolloverIcon=,rolloverSelectedIcon=,selectedIcon=,text=]
2026-07-02 23:21:30,648 [ERROR] LogOutputStream:75 - [STDERR_REDIRECT] 	at java.desktop/javax.swing.UIDefaults.getUIError(UIDefaults.java:763)
2026-07-02 23:21:30,649 [ERROR] LogOutputStream:75 - [STDERR_REDIRECT] 	at java.desktop/javax.swing.MultiUIDefaults.getUIError(MultiUIDefaults.java:144)
2026-07-02 23:21:30,650 [ERROR] LogOutputStream:75 - [STDERR_REDIRECT] 	at java.desktop/javax.swing.UIDefaults.getUI(UIDefaults.java:793)
2026-07-02 23:21:30,651 [ERROR] LogOutputStream:75 - [STDERR_REDIRECT] 	at java.desktop/javax.swing.UIManager.getUI(UIManager.java:1070)
2026-07-02 23:21:30,652 [ERROR] LogOutputStream:75 - [STDERR_REDIRECT] 	at java.desktop/javax.swing.JCheckBox.updateUI(JCheckBox.java:228)
2026-07-02 23:21:30,653 [ERROR] LogOutputStream:75 - [STDERR_REDIRECT] 	at java.desktop/javax.swing.AbstractButton.init(AbstractButton.java:2141)
2026-07-02 23:21:30,654 [ERROR] LogOutputStream:75 - [STDERR_REDIRECT] 	at java.desktop/javax.swing.JToggleButton.<init>(JToggleButton.java:187)
2026-07-02 23:21:30,655 [ERROR] LogOutputStream:75 - [STDERR_REDIRECT] 	at java.desktop/javax.swing.JCheckBox.<init>(JCheckBox.java:176)
2026-07-02 23:21:30,655 [ERROR] LogOutputStream:75 - [STDERR_REDIRECT] 	at java.desktop/javax.swing.JCheckBox.<init>(JCheckBox.java:97)
2026-07-02 23:21:30,656 [ERROR] LogOutputStream:75 - [STDERR_REDIRECT] 	at com.st.microxplorer.plugins.ip.nvic.CheckBoxHeader.<init>(CheckBoxHeader.java:55)
2026-07-02 23:21:30,658 [ERROR] LogOutputStream:75 - [STDERR_REDIRECT] 	at com.st.microxplorer.plugins.ip.nvic.NvicCodeSelectionTable.<init>(NvicCodeSelectionTable.java:78)
2026-07-02 23:21:30,659 [ERROR] LogOutputStream:75 - [STDERR_REDIRECT] 	at com.st.microxplorer.plugins.ip.nvic.NvicCodePanel.initComponents(NvicCodePanel.java:102)
2026-07-02 23:21:30,660 [ERROR] LogOutputStream:75 - [STDERR_REDIRECT] 	at com.st.microxplorer.plugins.ip.nvic.NvicCodePanel.<init>(NvicCodePanel.java:78)
2026-07-02 23:21:30,661 [ERROR] LogOutputStream:75 - [STDERR_REDIRECT] 	at com.st.microxplorer.plugins.ip.nvic.NvicTabbedPanel.<init>(NvicTabbedPanel.java:57)
2026-07-02 23:21:30,662 [ERROR] LogOutputStream:75 - [STDERR_REDIRECT] 	at com.st.microxplorer.plugins.ip.nvic.Nvic.getUI(Nvic.java:73)
2026-07-02 23:21:30,663 [ERROR] LogOutputStream:75 - [STDERR_REDIRECT] 	at com.st.microxplorer.plugins.ipmanager.gui.BlockDiagram.createIpPanel(BlockDiagram.java:402)
2026-07-02 23:21:30,664 [ERROR] LogOutputStream:75 - [STDERR_REDIRECT] 	at com.st.microxplorer.plugins.ipmanager.gui.BlockDiagram.getIPConfigPanel(BlockDiagram.java:552)
2026-07-02 23:21:30,666 [ERROR] LogOutputStream:75 - [STDERR_REDIRECT] 	at com.st.microxplorer.plugins.ipmanager.gui.BlockDiagram.getIPConfigPanel(BlockDiagram.java:458)
2026-07-02 23:21:30,667 [ERROR] LogOutputStream:75 - [STDERR_REDIRECT] 	at com.st.microxplorer.plugins.ipmanager.gui.BlockDiagram.propertyChange(BlockDiagram.java:1402)
2026-07-02 23:21:30,668 [ERROR] LogOutputStream:75 - [STDERR_REDIRECT] 	at java.desktop/java.beans.PropertyChangeSupport.fire(PropertyChangeSupport.java:343)
2026-07-02 23:21:30,669 [ERROR] LogOutputStream:75 - [STDERR_REDIRECT] 	at java.desktop/java.beans.PropertyChangeSupport.firePropertyChange(PropertyChangeSupport.java:335)
2026-07-02 23:21:30,671 [ERROR] LogOutputStream:75 - [STDERR_REDIRECT] 	at java.desktop/java.beans.PropertyChangeSupport.firePropertyChange(PropertyChangeSupport.java:268)
2026-07-02 23:21:30,672 [ERROR] LogOutputStream:75 - [STDERR_REDIRECT] 	at com.st.microxplorer.util.MXPropertyChangeSupport.firePropertyChange(MXPropertyChangeSupport.java:54)
2026-07-02 23:21:30,673 [ERROR] LogOutputStream:75 - [STDERR_REDIRECT] 	at com.st.microxplorer.mxsystem.MxSystem.MxFirePropertyChange(MxSystem.java:219)
2026-07-02 23:21:30,675 [ERROR] LogOutputStream:75 - [STDERR_REDIRECT] 	at com.st.microxplorer.plugins.clock.gui.ArithmeticOperatorUI$2.done(ArithmeticOperatorUI.java:425)
2026-07-02 23:21:30,676 [ERROR] LogOutputStream:75 - [STDERR_REDIRECT] 	at java.desktop/javax.swing.SwingWorker$4.run(SwingWorker.java:749)
2026-07-02 23:21:30,677 [ERROR] LogOutputStream:75 - [STDERR_REDIRECT] 	at java.desktop/javax.swing.SwingWorker$DoSubmitAccumulativeRunnable.run(SwingWorker.java:847)
2026-07-02 23:21:30,678 [ERROR] LogOutputStream:75 - [STDERR_REDIRECT] 	at java.desktop/sun.swing.AccumulativeRunnable.run(AccumulativeRunnable.java:112)
2026-07-02 23:21:30,679 [ERROR] LogOutputStream:75 - [STDERR_REDIRECT] 	at java.desktop/javax.swing.SwingWorker$DoSubmitAccumulativeRunnable.actionPerformed(SwingWorker.java:857)
2026-07-02 23:21:30,680 [ERROR] LogOutputStream:75 - [STDERR_REDIRECT] 	at java.desktop/javax.swing.Timer.fireActionPerformed(Timer.java:311)
2026-07-02 23:21:30,681 [ERROR] LogOutputStream:75 - [STDERR_REDIRECT] 	at java.desktop/javax.swing.Timer$DoPostEvent.run(Timer.java:243)
2026-07-02 23:21:30,682 [ERROR] LogOutputStream:75 - [STDERR_REDIRECT] 	at java.desktop/java.awt.event.InvocationEvent.dispatch(InvocationEvent.java:318)
2026-07-02 23:21:30,683 [ERROR] LogOutputStream:75 - [STDERR_REDIRECT] 	at java.desktop/java.awt.EventQueue.dispatchEventImpl(EventQueue.java:773)
2026-07-02 23:21:30,684 [ERROR] LogOutputStream:75 - [STDERR_REDIRECT] 	at java.desktop/java.awt.EventQueue$4.run(EventQueue.java:720)
2026-07-02 23:21:30,685 [ERROR] LogOutputStream:75 - [STDERR_REDIRECT] 	at java.desktop/java.awt.EventQueue$4.run(EventQueue.java:714)
2026-07-02 23:21:30,686 [ERROR] LogOutputStream:75 - [STDERR_REDIRECT] 	at java.base/java.security.AccessController.doPrivileged(AccessController.java:400)
2026-07-02 23:21:30,687 [ERROR] LogOutputStream:75 - [STDERR_REDIRECT] 	at java.base/java.security.ProtectionDomain$JavaSecurityAccessImpl.doIntersectionPrivilege(ProtectionDomain.java:87)
2026-07-02 23:21:30,688 [ERROR] LogOutputStream:75 - [STDERR_REDIRECT] 	at java.desktop/java.awt.EventQueue.dispatchEvent(EventQueue.java:742)
2026-07-02 23:21:30,689 [ERROR] LogOutputStream:75 - [STDERR_REDIRECT] 	at java.desktop/java.awt.EventDispatchThread.pumpOneEventForFilters(EventDispatchThread.java:203)
2026-07-02 23:21:30,690 [ERROR] LogOutputStream:75 - [STDERR_REDIRECT] 	at java.desktop/java.awt.EventDispatchThread.pumpEventsForFilter(EventDispatchThread.java:124)
2026-07-02 23:21:30,691 [ERROR] LogOutputStream:75 - [STDERR_REDIRECT] 	at java.desktop/java.awt.EventDispatchThread.pumpEventsForHierarchy(EventDispatchThread.java:113)
2026-07-02 23:21:30,692 [ERROR] LogOutputStream:75 - [STDERR_REDIRECT] 	at java.desktop/java.awt.EventDispatchThread.pumpEvents(EventDispatchThread.java:109)
2026-07-02 23:21:30,693 [ERROR] LogOutputStream:75 - [STDERR_REDIRECT] 	at java.desktop/java.awt.EventDispatchThread.pumpEvents(EventDispatchThread.java:101)
2026-07-02 23:21:30,694 [ERROR] LogOutputStream:75 - [STDERR_REDIRECT] 	at java.desktop/java.awt.EventDispatchThread.run(EventDispatchThread.java:90)
2026-07-02 23:21:42,201 [WARN] IP:2250 - I2C_Coeff_DF not found: check if there is a RefParameter without a condition.
2026-07-02 23:21:42,201 [WARN] IP:2250 - Analog_Filter not found: check if there is a RefParameter without a condition.
2026-07-02 23:21:42,201 [WARN] IP:2250 - I2C_Coeff_DF not found: check if there is a RefParameter without a condition.
2026-07-02 23:21:42,201 [WARN] IP:2250 - Analog_Filter not found: check if there is a RefParameter without a condition.
2026-07-02 23:21:42,265 [ERROR] LogOutputStream:75 - [STDERR_REDIRECT] java.lang.Error: no ComponentUI class for: com.st.microxplorer.plugins.ip.nvic.CheckBoxHeader[,0,0,0x0,invalid,alignmentX=0.0,alignmentY=0.0,border=,flags=0,maximumSize=,minimumSize=,preferredSize=,defaultIcon=,disabledIcon=,disabledSelectedIcon=,margin=null,paintBorder=true,paintFocus=true,pressedIcon=,rolloverEnabled=false,rolloverIcon=,rolloverSelectedIcon=,selectedIcon=,text=]
2026-07-02 23:21:42,266 [ERROR] LogOutputStream:75 - [STDERR_REDIRECT] 	at java.desktop/javax.swing.UIDefaults.getUIError(UIDefaults.java:763)
2026-07-02 23:21:42,268 [ERROR] LogOutputStream:75 - [STDERR_REDIRECT] 	at java.desktop/javax.swing.MultiUIDefaults.getUIError(MultiUIDefaults.java:144)
2026-07-02 23:21:42,269 [ERROR] LogOutputStream:75 - [STDERR_REDIRECT] 	at java.desktop/javax.swing.UIDefaults.getUI(UIDefaults.java:793)
2026-07-02 23:21:42,270 [ERROR] LogOutputStream:75 - [STDERR_REDIRECT] 	at java.desktop/javax.swing.UIManager.getUI(UIManager.java:1070)
2026-07-02 23:21:42,271 [ERROR] LogOutputStream:75 - [STDERR_REDIRECT] 	at java.desktop/javax.swing.JCheckBox.updateUI(JCheckBox.java:228)
2026-07-02 23:21:42,272 [ERROR] LogOutputStream:75 - [STDERR_REDIRECT] 	at java.desktop/javax.swing.AbstractButton.init(AbstractButton.java:2141)
2026-07-02 23:21:42,273 [ERROR] LogOutputStream:75 - [STDERR_REDIRECT] 	at java.desktop/javax.swing.JToggleButton.<init>(JToggleButton.java:187)
2026-07-02 23:21:42,274 [ERROR] LogOutputStream:75 - [STDERR_REDIRECT] 	at java.desktop/javax.swing.JCheckBox.<init>(JCheckBox.java:176)
2026-07-02 23:21:42,275 [ERROR] LogOutputStream:75 - [STDERR_REDIRECT] 	at java.desktop/javax.swing.JCheckBox.<init>(JCheckBox.java:97)
2026-07-02 23:21:42,276 [ERROR] LogOutputStream:75 - [STDERR_REDIRECT] 	at com.st.microxplorer.plugins.ip.nvic.CheckBoxHeader.<init>(CheckBoxHeader.java:55)
2026-07-02 23:21:42,277 [ERROR] LogOutputStream:75 - [STDERR_REDIRECT] 	at com.st.microxplorer.plugins.ip.nvic.NvicCodeSelectionTable.<init>(NvicCodeSelectionTable.java:75)
2026-07-02 23:21:42,278 [ERROR] LogOutputStream:75 - [STDERR_REDIRECT] 	at com.st.microxplorer.plugins.ip.nvic.NvicCodePanel.initComponents(NvicCodePanel.java:102)
2026-07-02 23:21:42,280 [ERROR] LogOutputStream:75 - [STDERR_REDIRECT] 	at com.st.microxplorer.plugins.ip.nvic.NvicCodePanel.<init>(NvicCodePanel.java:78)
2026-07-02 23:21:42,281 [ERROR] LogOutputStream:75 - [STDERR_REDIRECT] 	at com.st.microxplorer.plugins.ip.nvic.NvicTabbedPanel.<init>(NvicTabbedPanel.java:57)
2026-07-02 23:21:42,282 [ERROR] LogOutputStream:75 - [STDERR_REDIRECT] 	at com.st.microxplorer.plugins.ip.nvic.Nvic.getUI(Nvic.java:73)
2026-07-02 23:21:42,283 [ERROR] LogOutputStream:75 - [STDERR_REDIRECT] 	at com.st.microxplorer.plugins.ipmanager.gui.BlockDiagram.createIpPanel(BlockDiagram.java:402)
2026-07-02 23:21:42,284 [ERROR] LogOutputStream:75 - [STDERR_REDIRECT] 	at com.st.microxplorer.plugins.ipmanager.gui.BlockDiagram.getIPConfigPanel(BlockDiagram.java:552)
2026-07-02 23:21:42,285 [ERROR] LogOutputStream:75 - [STDERR_REDIRECT] 	at com.st.microxplorer.plugins.ipmanager.gui.BlockDiagram.getIPConfigPanel(BlockDiagram.java:458)
2026-07-02 23:21:42,287 [ERROR] LogOutputStream:75 - [STDERR_REDIRECT] 	at com.st.microxplorer.plugins.ipmanager.gui.BlockDiagram.propertyChange(BlockDiagram.java:1402)
2026-07-02 23:21:42,288 [ERROR] LogOutputStream:75 - [STDERR_REDIRECT] 	at java.desktop/java.beans.PropertyChangeSupport.fire(PropertyChangeSupport.java:343)
2026-07-02 23:21:42,289 [ERROR] LogOutputStream:75 - [STDERR_REDIRECT] 	at java.desktop/java.beans.PropertyChangeSupport.firePropertyChange(PropertyChangeSupport.java:335)
2026-07-02 23:21:42,290 [ERROR] LogOutputStream:75 - [STDERR_REDIRECT] 	at java.desktop/java.beans.PropertyChangeSupport.firePropertyChange(PropertyChangeSupport.java:268)
2026-07-02 23:21:42,291 [ERROR] LogOutputStream:75 - [STDERR_REDIRECT] 	at com.st.microxplorer.util.MXPropertyChangeSupport.firePropertyChange(MXPropertyChangeSupport.java:54)
2026-07-02 23:21:42,292 [ERROR] LogOutputStream:75 - [STDERR_REDIRECT] 	at com.st.microxplorer.mxsystem.MxSystem.MxFirePropertyChange(MxSystem.java:219)
2026-07-02 23:21:42,293 [ERROR] LogOutputStream:75 - [STDERR_REDIRECT] 	at com.st.microxplorer.plugins.clock.gui.ArithmeticOperatorUI$2.done(ArithmeticOperatorUI.java:425)
2026-07-02 23:21:42,294 [ERROR] LogOutputStream:75 - [STDERR_REDIRECT] 	at java.desktop/javax.swing.SwingWorker$4.run(SwingWorker.java:749)
2026-07-02 23:21:42,295 [ERROR] LogOutputStream:75 - [STDERR_REDIRECT] 	at java.desktop/javax.swing.SwingWorker$DoSubmitAccumulativeRunnable.run(SwingWorker.java:847)
2026-07-02 23:21:42,296 [ERROR] LogOutputStream:75 - [STDERR_REDIRECT] 	at java.desktop/sun.swing.AccumulativeRunnable.run(AccumulativeRunnable.java:112)
2026-07-02 23:21:42,298 [ERROR] LogOutputStream:75 - [STDERR_REDIRECT] 	at java.desktop/javax.swing.SwingWorker$DoSubmitAccumulativeRunnable.actionPerformed(SwingWorker.java:857)
2026-07-02 23:21:42,299 [ERROR] LogOutputStream:75 - [STDERR_REDIRECT] 	at java.desktop/javax.swing.Timer.fireActionPerformed(Timer.java:311)
2026-07-02 23:21:42,299 [ERROR] LogOutputStream:75 - [STDERR_REDIRECT] 	at java.desktop/javax.swing.Timer$DoPostEvent.run(Timer.java:243)
2026-07-02 23:21:42,300 [ERROR] LogOutputStream:75 - [STDERR_REDIRECT] 	at java.desktop/java.awt.event.InvocationEvent.dispatch(InvocationEvent.java:318)
2026-07-02 23:21:42,301 [ERROR] LogOutputStream:75 - [STDERR_REDIRECT] 	at java.desktop/java.awt.EventQueue.dispatchEventImpl(EventQueue.java:773)
2026-07-02 23:21:42,302 [ERROR] LogOutputStream:75 - [STDERR_REDIRECT] 	at java.desktop/java.awt.EventQueue$4.run(EventQueue.java:720)
2026-07-02 23:21:42,303 [ERROR] LogOutputStream:75 - [STDERR_REDIRECT] 	at java.desktop/java.awt.EventQueue$4.run(EventQueue.java:714)
2026-07-02 23:21:42,304 [ERROR] LogOutputStream:75 - [STDERR_REDIRECT] 	at java.base/java.security.AccessController.doPrivileged(AccessController.java:400)
2026-07-02 23:21:42,306 [ERROR] LogOutputStream:75 - [STDERR_REDIRECT] 	at java.base/java.security.ProtectionDomain$JavaSecurityAccessImpl.doIntersectionPrivilege(ProtectionDomain.java:87)
2026-07-02 23:21:42,307 [ERROR] LogOutputStream:75 - [STDERR_REDIRECT] 	at java.desktop/java.awt.EventQueue.dispatchEvent(EventQueue.java:742)
2026-07-02 23:21:42,308 [ERROR] LogOutputStream:75 - [STDERR_REDIRECT] 	at java.desktop/java.awt.EventDispatchThread.pumpOneEventForFilters(EventDispatchThread.java:203)
2026-07-02 23:21:42,309 [ERROR] LogOutputStream:75 - [STDERR_REDIRECT] 	at java.desktop/java.awt.EventDispatchThread.pumpEventsForFilter(EventDispatchThread.java:124)
2026-07-02 23:21:42,311 [ERROR] LogOutputStream:75 - [STDERR_REDIRECT] 	at java.desktop/java.awt.EventDispatchThread.pumpEventsForHierarchy(EventDispatchThread.java:113)
2026-07-02 23:21:42,312 [ERROR] LogOutputStream:75 - [STDERR_REDIRECT] 	at java.desktop/java.awt.EventDispatchThread.pumpEvents(EventDispatchThread.java:109)
2026-07-02 23:21:42,313 [ERROR] LogOutputStream:75 - [STDERR_REDIRECT] 	at java.desktop/java.awt.EventDispatchThread.pumpEvents(EventDispatchThread.java:101)
2026-07-02 23:21:42,315 [ERROR] LogOutputStream:75 - [STDERR_REDIRECT] 	at java.desktop/java.awt.EventDispatchThread.run(EventDispatchThread.java:90)
2026-07-02 23:21:42,320 [ERROR] LogOutputStream:75 - [STDERR_REDIRECT] java.lang.Error: no ComponentUI class for: com.st.microxplorer.plugins.ip.nvic.CheckBoxHeader[,0,0,0x0,invalid,alignmentX=0.0,alignmentY=0.0,border=,flags=0,maximumSize=,minimumSize=,preferredSize=,defaultIcon=,disabledIcon=,disabledSelectedIcon=,margin=null,paintBorder=true,paintFocus=true,pressedIcon=,rolloverEnabled=false,rolloverIcon=,rolloverSelectedIcon=,selectedIcon=,text=]
2026-07-02 23:21:42,321 [ERROR] LogOutputStream:75 - [STDERR_REDIRECT] 	at java.desktop/javax.swing.UIDefaults.getUIError(UIDefaults.java:763)
2026-07-02 23:21:42,322 [ERROR] LogOutputStream:75 - [STDERR_REDIRECT] 	at java.desktop/javax.swing.MultiUIDefaults.getUIError(MultiUIDefaults.java:144)
2026-07-02 23:21:42,323 [ERROR] LogOutputStream:75 - [STDERR_REDIRECT] 	at java.desktop/javax.swing.UIDefaults.getUI(UIDefaults.java:793)
2026-07-02 23:21:42,324 [ERROR] LogOutputStream:75 - [STDERR_REDIRECT] 	at java.desktop/javax.swing.UIManager.getUI(UIManager.java:1070)
2026-07-02 23:21:42,325 [ERROR] LogOutputStream:75 - [STDERR_REDIRECT] 	at java.desktop/javax.swing.JCheckBox.updateUI(JCheckBox.java:228)
2026-07-02 23:21:42,326 [ERROR] LogOutputStream:75 - [STDERR_REDIRECT] 	at java.desktop/javax.swing.AbstractButton.init(AbstractButton.java:2141)
2026-07-02 23:21:42,327 [ERROR] LogOutputStream:75 - [STDERR_REDIRECT] 	at java.desktop/javax.swing.JToggleButton.<init>(JToggleButton.java:187)
2026-07-02 23:21:42,328 [ERROR] LogOutputStream:75 - [STDERR_REDIRECT] 	at java.desktop/javax.swing.JCheckBox.<init>(JCheckBox.java:176)
2026-07-02 23:21:42,329 [ERROR] LogOutputStream:75 - [STDERR_REDIRECT] 	at java.desktop/javax.swing.JCheckBox.<init>(JCheckBox.java:97)
2026-07-02 23:21:42,330 [ERROR] LogOutputStream:75 - [STDERR_REDIRECT] 	at com.st.microxplorer.plugins.ip.nvic.CheckBoxHeader.<init>(CheckBoxHeader.java:55)
2026-07-02 23:21:42,332 [ERROR] LogOutputStream:75 - [STDERR_REDIRECT] 	at com.st.microxplorer.plugins.ip.nvic.NvicCodeSelectionTable.<init>(NvicCodeSelectionTable.java:78)
2026-07-02 23:21:42,333 [ERROR] LogOutputStream:75 - [STDERR_REDIRECT] 	at com.st.microxplorer.plugins.ip.nvic.NvicCodePanel.initComponents(NvicCodePanel.java:102)
2026-07-02 23:21:42,334 [ERROR] LogOutputStream:75 - [STDERR_REDIRECT] 	at com.st.microxplorer.plugins.ip.nvic.NvicCodePanel.<init>(NvicCodePanel.java:78)
2026-07-02 23:21:42,336 [ERROR] LogOutputStream:75 - [STDERR_REDIRECT] 	at com.st.microxplorer.plugins.ip.nvic.NvicTabbedPanel.<init>(NvicTabbedPanel.java:57)
2026-07-02 23:21:42,337 [ERROR] LogOutputStream:75 - [STDERR_REDIRECT] 	at com.st.microxplorer.plugins.ip.nvic.Nvic.getUI(Nvic.java:73)
2026-07-02 23:21:42,338 [ERROR] LogOutputStream:75 - [STDERR_REDIRECT] 	at com.st.microxplorer.plugins.ipmanager.gui.BlockDiagram.createIpPanel(BlockDiagram.java:402)
2026-07-02 23:21:42,340 [ERROR] LogOutputStream:75 - [STDERR_REDIRECT] 	at com.st.microxplorer.plugins.ipmanager.gui.BlockDiagram.getIPConfigPanel(BlockDiagram.java:552)
2026-07-02 23:21:42,341 [ERROR] LogOutputStream:75 - [STDERR_REDIRECT] 	at com.st.microxplorer.plugins.ipmanager.gui.BlockDiagram.getIPConfigPanel(BlockDiagram.java:458)
2026-07-02 23:21:42,342 [ERROR] LogOutputStream:75 - [STDERR_REDIRECT] 	at com.st.microxplorer.plugins.ipmanager.gui.BlockDiagram.propertyChange(BlockDiagram.java:1402)
2026-07-02 23:21:42,344 [ERROR] LogOutputStream:75 - [STDERR_REDIRECT] 	at java.desktop/java.beans.PropertyChangeSupport.fire(PropertyChangeSupport.java:343)
2026-07-02 23:21:42,345 [ERROR] LogOutputStream:75 - [STDERR_REDIRECT] 	at java.desktop/java.beans.PropertyChangeSupport.firePropertyChange(PropertyChangeSupport.java:335)
2026-07-02 23:21:42,346 [ERROR] LogOutputStream:75 - [STDERR_REDIRECT] 	at java.desktop/java.beans.PropertyChangeSupport.firePropertyChange(PropertyChangeSupport.java:268)
2026-07-02 23:21:42,348 [ERROR] LogOutputStream:75 - [STDERR_REDIRECT] 	at com.st.microxplorer.util.MXPropertyChangeSupport.firePropertyChange(MXPropertyChangeSupport.java:54)
2026-07-02 23:21:42,349 [ERROR] LogOutputStream:75 - [STDERR_REDIRECT] 	at com.st.microxplorer.mxsystem.MxSystem.MxFirePropertyChange(MxSystem.java:219)
2026-07-02 23:21:42,350 [ERROR] LogOutputStream:75 - [STDERR_REDIRECT] 	at com.st.microxplorer.plugins.clock.gui.ArithmeticOperatorUI$2.done(ArithmeticOperatorUI.java:425)
2026-07-02 23:21:42,351 [ERROR] LogOutputStream:75 - [STDERR_REDIRECT] 	at java.desktop/javax.swing.SwingWorker$4.run(SwingWorker.java:749)
2026-07-02 23:21:42,353 [ERROR] LogOutputStream:75 - [STDERR_REDIRECT] 	at java.desktop/javax.swing.SwingWorker$DoSubmitAccumulativeRunnable.run(SwingWorker.java:847)
2026-07-02 23:21:42,354 [ERROR] LogOutputStream:75 - [STDERR_REDIRECT] 	at java.desktop/sun.swing.AccumulativeRunnable.run(AccumulativeRunnable.java:112)
2026-07-02 23:21:42,355 [ERROR] LogOutputStream:75 - [STDERR_REDIRECT] 	at java.desktop/javax.swing.SwingWorker$DoSubmitAccumulativeRunnable.actionPerformed(SwingWorker.java:857)
2026-07-02 23:21:42,357 [ERROR] LogOutputStream:75 - [STDERR_REDIRECT] 	at java.desktop/javax.swing.Timer.fireActionPerformed(Timer.java:311)
2026-07-02 23:21:42,358 [ERROR] LogOutputStream:75 - [STDERR_REDIRECT] 	at java.desktop/javax.swing.Timer$DoPostEvent.run(Timer.java:243)
2026-07-02 23:21:42,359 [ERROR] LogOutputStream:75 - [STDERR_REDIRECT] 	at java.desktop/java.awt.event.InvocationEvent.dispatch(InvocationEvent.java:318)
2026-07-02 23:21:42,360 [ERROR] LogOutputStream:75 - [STDERR_REDIRECT] 	at java.desktop/java.awt.EventQueue.dispatchEventImpl(EventQueue.java:773)
2026-07-02 23:21:42,361 [ERROR] LogOutputStream:75 - [STDERR_REDIRECT] 	at java.desktop/java.awt.EventQueue$4.run(EventQueue.java:720)
2026-07-02 23:21:42,361 [ERROR] LogOutputStream:75 - [STDERR_REDIRECT] 	at java.desktop/java.awt.EventQueue$4.run(EventQueue.java:714)
2026-07-02 23:21:42,362 [ERROR] LogOutputStream:75 - [STDERR_REDIRECT] 	at java.base/java.security.AccessController.doPrivileged(AccessController.java:400)
2026-07-02 23:21:42,364 [ERROR] LogOutputStream:75 - [STDERR_REDIRECT] 	at java.base/java.security.ProtectionDomain$JavaSecurityAccessImpl.doIntersectionPrivilege(ProtectionDomain.java:87)
2026-07-02 23:21:42,365 [ERROR] LogOutputStream:75 - [STDERR_REDIRECT] 	at java.desktop/java.awt.EventQueue.dispatchEvent(EventQueue.java:742)
2026-07-02 23:21:42,366 [ERROR] LogOutputStream:75 - [STDERR_REDIRECT] 	at java.desktop/java.awt.EventDispatchThread.pumpOneEventForFilters(EventDispatchThread.java:203)
2026-07-02 23:21:42,367 [ERROR] LogOutputStream:75 - [STDERR_REDIRECT] 	at java.desktop/java.awt.EventDispatchThread.pumpEventsForFilter(EventDispatchThread.java:124)
2026-07-02 23:21:42,368 [ERROR] LogOutputStream:75 - [STDERR_REDIRECT] 	at java.desktop/java.awt.EventDispatchThread.pumpEventsForHierarchy(EventDispatchThread.java:113)
2026-07-02 23:21:42,370 [ERROR] LogOutputStream:75 - [STDERR_REDIRECT] 	at java.desktop/java.awt.EventDispatchThread.pumpEvents(EventDispatchThread.java:109)
2026-07-02 23:21:42,371 [ERROR] LogOutputStream:75 - [STDERR_REDIRECT] 	at java.desktop/java.awt.EventDispatchThread.pumpEvents(EventDispatchThread.java:101)
2026-07-02 23:21:42,372 [ERROR] LogOutputStream:75 - [STDERR_REDIRECT] 	at java.desktop/java.awt.EventDispatchThread.run(EventDispatchThread.java:90)
2026-07-02 23:21:47,013 [WARN] IP:2250 - I2C_Coeff_DF not found: check if there is a RefParameter without a condition.
2026-07-02 23:21:47,013 [WARN] IP:2250 - Analog_Filter not found: check if there is a RefParameter without a condition.
2026-07-02 23:21:47,013 [WARN] IP:2250 - I2C_Coeff_DF not found: check if there is a RefParameter without a condition.
2026-07-02 23:21:47,013 [WARN] IP:2250 - Analog_Filter not found: check if there is a RefParameter without a condition.
2026-07-02 23:21:47,072 [ERROR] LogOutputStream:75 - [STDERR_REDIRECT] java.lang.Error: no ComponentUI class for: com.st.microxplorer.plugins.ip.nvic.CheckBoxHeader[,0,0,0x0,invalid,alignmentX=0.0,alignmentY=0.0,border=,flags=0,maximumSize=,minimumSize=,preferredSize=,defaultIcon=,disabledIcon=,disabledSelectedIcon=,margin=null,paintBorder=true,paintFocus=true,pressedIcon=,rolloverEnabled=false,rolloverIcon=,rolloverSelectedIcon=,selectedIcon=,text=]
2026-07-02 23:21:47,073 [ERROR] LogOutputStream:75 - [STDERR_REDIRECT] 	at java.desktop/javax.swing.UIDefaults.getUIError(UIDefaults.java:763)
2026-07-02 23:21:47,074 [ERROR] LogOutputStream:75 - [STDERR_REDIRECT] 	at java.desktop/javax.swing.MultiUIDefaults.getUIError(MultiUIDefaults.java:144)
2026-07-02 23:21:47,075 [ERROR] LogOutputStream:75 - [STDERR_REDIRECT] 	at java.desktop/javax.swing.UIDefaults.getUI(UIDefaults.java:793)
2026-07-02 23:21:47,076 [ERROR] LogOutputStream:75 - [STDERR_REDIRECT] 	at java.desktop/javax.swing.UIManager.getUI(UIManager.java:1070)
2026-07-02 23:21:47,076 [ERROR] LogOutputStream:75 - [STDERR_REDIRECT] 	at java.desktop/javax.swing.JCheckBox.updateUI(JCheckBox.java:228)
2026-07-02 23:21:47,077 [ERROR] LogOutputStream:75 - [STDERR_REDIRECT] 	at java.desktop/javax.swing.AbstractButton.init(AbstractButton.java:2141)
2026-07-02 23:21:47,078 [ERROR] LogOutputStream:75 - [STDERR_REDIRECT] 	at java.desktop/javax.swing.JToggleButton.<init>(JToggleButton.java:187)
2026-07-02 23:21:47,079 [ERROR] LogOutputStream:75 - [STDERR_REDIRECT] 	at java.desktop/javax.swing.JCheckBox.<init>(JCheckBox.java:176)
2026-07-02 23:21:47,080 [ERROR] LogOutputStream:75 - [STDERR_REDIRECT] 	at java.desktop/javax.swing.JCheckBox.<init>(JCheckBox.java:97)
2026-07-02 23:21:47,081 [ERROR] LogOutputStream:75 - [STDERR_REDIRECT] 	at com.st.microxplorer.plugins.ip.nvic.CheckBoxHeader.<init>(CheckBoxHeader.java:55)
2026-07-02 23:21:47,082 [ERROR] LogOutputStream:75 - [STDERR_REDIRECT] 	at com.st.microxplorer.plugins.ip.nvic.NvicCodeSelectionTable.<init>(NvicCodeSelectionTable.java:75)
2026-07-02 23:21:47,083 [ERROR] LogOutputStream:75 - [STDERR_REDIRECT] 	at com.st.microxplorer.plugins.ip.nvic.NvicCodePanel.initComponents(NvicCodePanel.java:102)
2026-07-02 23:21:47,084 [ERROR] LogOutputStream:75 - [STDERR_REDIRECT] 	at com.st.microxplorer.plugins.ip.nvic.NvicCodePanel.<init>(NvicCodePanel.java:78)
2026-07-02 23:21:47,085 [ERROR] LogOutputStream:75 - [STDERR_REDIRECT] 	at com.st.microxplorer.plugins.ip.nvic.NvicTabbedPanel.<init>(NvicTabbedPanel.java:57)
2026-07-02 23:21:47,086 [ERROR] LogOutputStream:75 - [STDERR_REDIRECT] 	at com.st.microxplorer.plugins.ip.nvic.Nvic.getUI(Nvic.java:73)
2026-07-02 23:21:47,087 [ERROR] LogOutputStream:75 - [STDERR_REDIRECT] 	at com.st.microxplorer.plugins.ipmanager.gui.BlockDiagram.createIpPanel(BlockDiagram.java:402)
2026-07-02 23:21:47,089 [ERROR] LogOutputStream:75 - [STDERR_REDIRECT] 	at com.st.microxplorer.plugins.ipmanager.gui.BlockDiagram.getIPConfigPanel(BlockDiagram.java:552)
2026-07-02 23:21:47,090 [ERROR] LogOutputStream:75 - [STDERR_REDIRECT] 	at com.st.microxplorer.plugins.ipmanager.gui.BlockDiagram.getIPConfigPanel(BlockDiagram.java:458)
2026-07-02 23:21:47,091 [ERROR] LogOutputStream:75 - [STDERR_REDIRECT] 	at com.st.microxplorer.plugins.ipmanager.gui.BlockDiagram.propertyChange(BlockDiagram.java:1402)
2026-07-02 23:21:47,092 [ERROR] LogOutputStream:75 - [STDERR_REDIRECT] 	at java.desktop/java.beans.PropertyChangeSupport.fire(PropertyChangeSupport.java:343)
2026-07-02 23:21:47,094 [ERROR] LogOutputStream:75 - [STDERR_REDIRECT] 	at java.desktop/java.beans.PropertyChangeSupport.firePropertyChange(PropertyChangeSupport.java:335)
2026-07-02 23:21:47,095 [ERROR] LogOutputStream:75 - [STDERR_REDIRECT] 	at java.desktop/java.beans.PropertyChangeSupport.firePropertyChange(PropertyChangeSupport.java:268)
2026-07-02 23:21:47,096 [ERROR] LogOutputStream:75 - [STDERR_REDIRECT] 	at com.st.microxplorer.util.MXPropertyChangeSupport.firePropertyChange(MXPropertyChangeSupport.java:54)
2026-07-02 23:21:47,097 [ERROR] LogOutputStream:75 - [STDERR_REDIRECT] 	at com.st.microxplorer.mxsystem.MxSystem.MxFirePropertyChange(MxSystem.java:219)
2026-07-02 23:21:47,098 [ERROR] LogOutputStream:75 - [STDERR_REDIRECT] 	at com.st.microxplorer.plugins.clock.gui.ArithmeticOperatorUI$2.done(ArithmeticOperatorUI.java:425)
2026-07-02 23:21:47,099 [ERROR] LogOutputStream:75 - [STDERR_REDIRECT] 	at java.desktop/javax.swing.SwingWorker$4.run(SwingWorker.java:749)
2026-07-02 23:21:47,100 [ERROR] LogOutputStream:75 - [STDERR_REDIRECT] 	at java.desktop/javax.swing.SwingWorker$DoSubmitAccumulativeRunnable.run(SwingWorker.java:847)
2026-07-02 23:21:47,101 [ERROR] LogOutputStream:75 - [STDERR_REDIRECT] 	at java.desktop/sun.swing.AccumulativeRunnable.run(AccumulativeRunnable.java:112)
2026-07-02 23:21:47,102 [ERROR] LogOutputStream:75 - [STDERR_REDIRECT] 	at java.desktop/javax.swing.SwingWorker$DoSubmitAccumulativeRunnable.actionPerformed(SwingWorker.java:857)
2026-07-02 23:21:47,103 [ERROR] LogOutputStream:75 - [STDERR_REDIRECT] 	at java.desktop/javax.swing.Timer.fireActionPerformed(Timer.java:311)
2026-07-02 23:21:47,104 [ERROR] LogOutputStream:75 - [STDERR_REDIRECT] 	at java.desktop/javax.swing.Timer$DoPostEvent.run(Timer.java:243)
2026-07-02 23:21:47,105 [ERROR] LogOutputStream:75 - [STDERR_REDIRECT] 	at java.desktop/java.awt.event.InvocationEvent.dispatch(InvocationEvent.java:318)
2026-07-02 23:21:47,106 [ERROR] LogOutputStream:75 - [STDERR_REDIRECT] 	at java.desktop/java.awt.EventQueue.dispatchEventImpl(EventQueue.java:773)
2026-07-02 23:21:47,107 [ERROR] LogOutputStream:75 - [STDERR_REDIRECT] 	at java.desktop/java.awt.EventQueue$4.run(EventQueue.java:720)
2026-07-02 23:21:47,108 [ERROR] LogOutputStream:75 - [STDERR_REDIRECT] 	at java.desktop/java.awt.EventQueue$4.run(EventQueue.java:714)
2026-07-02 23:21:47,109 [ERROR] LogOutputStream:75 - [STDERR_REDIRECT] 	at java.base/java.security.AccessController.doPrivileged(AccessController.java:400)
2026-07-02 23:21:47,110 [ERROR] LogOutputStream:75 - [STDERR_REDIRECT] 	at java.base/java.security.ProtectionDomain$JavaSecurityAccessImpl.doIntersectionPrivilege(ProtectionDomain.java:87)
2026-07-02 23:21:47,111 [ERROR] LogOutputStream:75 - [STDERR_REDIRECT] 	at java.desktop/java.awt.EventQueue.dispatchEvent(EventQueue.java:742)
2026-07-02 23:21:47,112 [ERROR] LogOutputStream:75 - [STDERR_REDIRECT] 	at java.desktop/java.awt.EventDispatchThread.pumpOneEventForFilters(EventDispatchThread.java:203)
2026-07-02 23:21:47,113 [ERROR] LogOutputStream:75 - [STDERR_REDIRECT] 	at java.desktop/java.awt.EventDispatchThread.pumpEventsForFilter(EventDispatchThread.java:124)
2026-07-02 23:21:47,114 [ERROR] LogOutputStream:75 - [STDERR_REDIRECT] 	at java.desktop/java.awt.EventDispatchThread.pumpEventsForHierarchy(EventDispatchThread.java:113)
2026-07-02 23:21:47,115 [ERROR] LogOutputStream:75 - [STDERR_REDIRECT] 	at java.desktop/java.awt.EventDispatchThread.pumpEvents(EventDispatchThread.java:109)
2026-07-02 23:21:47,116 [ERROR] LogOutputStream:75 - [STDERR_REDIRECT] 	at java.desktop/java.awt.EventDispatchThread.pumpEvents(EventDispatchThread.java:101)
2026-07-02 23:21:47,117 [ERROR] LogOutputStream:75 - [STDERR_REDIRECT] 	at java.desktop/java.awt.EventDispatchThread.run(EventDispatchThread.java:90)
2026-07-02 23:21:47,122 [ERROR] LogOutputStream:75 - [STDERR_REDIRECT] java.lang.Error: no ComponentUI class for: com.st.microxplorer.plugins.ip.nvic.CheckBoxHeader[,0,0,0x0,invalid,alignmentX=0.0,alignmentY=0.0,border=,flags=0,maximumSize=,minimumSize=,preferredSize=,defaultIcon=,disabledIcon=,disabledSelectedIcon=,margin=null,paintBorder=true,paintFocus=true,pressedIcon=,rolloverEnabled=false,rolloverIcon=,rolloverSelectedIcon=,selectedIcon=,text=]
2026-07-02 23:21:47,123 [ERROR] LogOutputStream:75 - [STDERR_REDIRECT] 	at java.desktop/javax.swing.UIDefaults.getUIError(UIDefaults.java:763)
2026-07-02 23:21:47,124 [ERROR] LogOutputStream:75 - [STDERR_REDIRECT] 	at java.desktop/javax.swing.MultiUIDefaults.getUIError(MultiUIDefaults.java:144)
2026-07-02 23:21:47,125 [ERROR] LogOutputStream:75 - [STDERR_REDIRECT] 	at java.desktop/javax.swing.UIDefaults.getUI(UIDefaults.java:793)
2026-07-02 23:21:47,126 [ERROR] LogOutputStream:75 - [STDERR_REDIRECT] 	at java.desktop/javax.swing.UIManager.getUI(UIManager.java:1070)
2026-07-02 23:21:47,127 [ERROR] LogOutputStream:75 - [STDERR_REDIRECT] 	at java.desktop/javax.swing.JCheckBox.updateUI(JCheckBox.java:228)
2026-07-02 23:21:47,128 [ERROR] LogOutputStream:75 - [STDERR_REDIRECT] 	at java.desktop/javax.swing.AbstractButton.init(AbstractButton.java:2141)
2026-07-02 23:21:47,128 [ERROR] LogOutputStream:75 - [STDERR_REDIRECT] 	at java.desktop/javax.swing.JToggleButton.<init>(JToggleButton.java:187)
2026-07-02 23:21:47,129 [ERROR] LogOutputStream:75 - [STDERR_REDIRECT] 	at java.desktop/javax.swing.JCheckBox.<init>(JCheckBox.java:176)
2026-07-02 23:21:47,130 [ERROR] LogOutputStream:75 - [STDERR_REDIRECT] 	at java.desktop/javax.swing.JCheckBox.<init>(JCheckBox.java:97)
2026-07-02 23:21:47,131 [ERROR] LogOutputStream:75 - [STDERR_REDIRECT] 	at com.st.microxplorer.plugins.ip.nvic.CheckBoxHeader.<init>(CheckBoxHeader.java:55)
2026-07-02 23:21:47,132 [ERROR] LogOutputStream:75 - [STDERR_REDIRECT] 	at com.st.microxplorer.plugins.ip.nvic.NvicCodeSelectionTable.<init>(NvicCodeSelectionTable.java:78)
2026-07-02 23:21:47,133 [ERROR] LogOutputStream:75 - [STDERR_REDIRECT] 	at com.st.microxplorer.plugins.ip.nvic.NvicCodePanel.initComponents(NvicCodePanel.java:102)
2026-07-02 23:21:47,134 [ERROR] LogOutputStream:75 - [STDERR_REDIRECT] 	at com.st.microxplorer.plugins.ip.nvic.NvicCodePanel.<init>(NvicCodePanel.java:78)
2026-07-02 23:21:47,136 [ERROR] LogOutputStream:75 - [STDERR_REDIRECT] 	at com.st.microxplorer.plugins.ip.nvic.NvicTabbedPanel.<init>(NvicTabbedPanel.java:57)
2026-07-02 23:21:47,148 [ERROR] LogOutputStream:75 - [STDERR_REDIRECT] 	at com.st.microxplorer.plugins.ip.nvic.Nvic.getUI(Nvic.java:73)
2026-07-02 23:21:47,151 [ERROR] LogOutputStream:75 - [STDERR_REDIRECT] 	at com.st.microxplorer.plugins.ipmanager.gui.BlockDiagram.createIpPanel(BlockDiagram.java:402)
2026-07-02 23:21:47,153 [ERROR] LogOutputStream:75 - [STDERR_REDIRECT] 	at com.st.microxplorer.plugins.ipmanager.gui.BlockDiagram.getIPConfigPanel(BlockDiagram.java:552)
2026-07-02 23:21:47,155 [ERROR] LogOutputStream:75 - [STDERR_REDIRECT] 	at com.st.microxplorer.plugins.ipmanager.gui.BlockDiagram.getIPConfigPanel(BlockDiagram.java:458)
2026-07-02 23:21:47,156 [ERROR] LogOutputStream:75 - [STDERR_REDIRECT] 	at com.st.microxplorer.plugins.ipmanager.gui.BlockDiagram.propertyChange(BlockDiagram.java:1402)
2026-07-02 23:21:47,158 [ERROR] LogOutputStream:75 - [STDERR_REDIRECT] 	at java.desktop/java.beans.PropertyChangeSupport.fire(PropertyChangeSupport.java:343)
2026-07-02 23:21:47,159 [ERROR] LogOutputStream:75 - [STDERR_REDIRECT] 	at java.desktop/java.beans.PropertyChangeSupport.firePropertyChange(PropertyChangeSupport.java:335)
2026-07-02 23:21:47,161 [ERROR] LogOutputStream:75 - [STDERR_REDIRECT] 	at java.desktop/java.beans.PropertyChangeSupport.firePropertyChange(PropertyChangeSupport.java:268)
2026-07-02 23:21:47,163 [ERROR] LogOutputStream:75 - [STDERR_REDIRECT] 	at com.st.microxplorer.util.MXPropertyChangeSupport.firePropertyChange(MXPropertyChangeSupport.java:54)
2026-07-02 23:21:47,164 [ERROR] LogOutputStream:75 - [STDERR_REDIRECT] 	at com.st.microxplorer.mxsystem.MxSystem.MxFirePropertyChange(MxSystem.java:219)
2026-07-02 23:21:47,166 [ERROR] LogOutputStream:75 - [STDERR_REDIRECT] 	at com.st.microxplorer.plugins.clock.gui.ArithmeticOperatorUI$2.done(ArithmeticOperatorUI.java:425)
2026-07-02 23:21:47,166 [ERROR] LogOutputStream:75 - [STDERR_REDIRECT] 	at java.desktop/javax.swing.SwingWorker$4.run(SwingWorker.java:749)
2026-07-02 23:21:47,168 [ERROR] LogOutputStream:75 - [STDERR_REDIRECT] 	at java.desktop/javax.swing.SwingWorker$DoSubmitAccumulativeRunnable.run(SwingWorker.java:847)
2026-07-02 23:21:47,169 [ERROR] LogOutputStream:75 - [STDERR_REDIRECT] 	at java.desktop/sun.swing.AccumulativeRunnable.run(AccumulativeRunnable.java:112)
2026-07-02 23:21:47,170 [ERROR] LogOutputStream:75 - [STDERR_REDIRECT] 	at java.desktop/javax.swing.SwingWorker$DoSubmitAccumulativeRunnable.actionPerformed(SwingWorker.java:857)
2026-07-02 23:21:47,171 [ERROR] LogOutputStream:75 - [STDERR_REDIRECT] 	at java.desktop/javax.swing.Timer.fireActionPerformed(Timer.java:311)
2026-07-02 23:21:47,172 [ERROR] LogOutputStream:75 - [STDERR_REDIRECT] 	at java.desktop/javax.swing.Timer$DoPostEvent.run(Timer.java:243)
2026-07-02 23:21:47,174 [ERROR] LogOutputStream:75 - [STDERR_REDIRECT] 	at java.desktop/java.awt.event.InvocationEvent.dispatch(InvocationEvent.java:318)
2026-07-02 23:21:47,174 [ERROR] LogOutputStream:75 - [STDERR_REDIRECT] 	at java.desktop/java.awt.EventQueue.dispatchEventImpl(EventQueue.java:773)
2026-07-02 23:21:47,175 [ERROR] LogOutputStream:75 - [STDERR_REDIRECT] 	at java.desktop/java.awt.EventQueue$4.run(EventQueue.java:720)
2026-07-02 23:21:47,176 [ERROR] LogOutputStream:75 - [STDERR_REDIRECT] 	at java.desktop/java.awt.EventQueue$4.run(EventQueue.java:714)
2026-07-02 23:21:47,177 [ERROR] LogOutputStream:75 - [STDERR_REDIRECT] 	at java.base/java.security.AccessController.doPrivileged(AccessController.java:400)
2026-07-02 23:21:47,178 [ERROR] LogOutputStream:75 - [STDERR_REDIRECT] 	at java.base/java.security.ProtectionDomain$JavaSecurityAccessImpl.doIntersectionPrivilege(ProtectionDomain.java:87)
2026-07-02 23:21:47,179 [ERROR] LogOutputStream:75 - [STDERR_REDIRECT] 	at java.desktop/java.awt.EventQueue.dispatchEvent(EventQueue.java:742)
2026-07-02 23:21:47,180 [ERROR] LogOutputStream:75 - [STDERR_REDIRECT] 	at java.desktop/java.awt.EventDispatchThread.pumpOneEventForFilters(EventDispatchThread.java:203)
2026-07-02 23:21:47,182 [ERROR] LogOutputStream:75 - [STDERR_REDIRECT] 	at java.desktop/java.awt.EventDispatchThread.pumpEventsForFilter(EventDispatchThread.java:124)
2026-07-02 23:21:47,183 [ERROR] LogOutputStream:75 - [STDERR_REDIRECT] 	at java.desktop/java.awt.EventDispatchThread.pumpEventsForHierarchy(EventDispatchThread.java:113)
2026-07-02 23:21:47,184 [ERROR] LogOutputStream:75 - [STDERR_REDIRECT] 	at java.desktop/java.awt.EventDispatchThread.pumpEvents(EventDispatchThread.java:109)
2026-07-02 23:21:47,185 [ERROR] LogOutputStream:75 - [STDERR_REDIRECT] 	at java.desktop/java.awt.EventDispatchThread.pumpEvents(EventDispatchThread.java:101)
2026-07-02 23:21:47,186 [ERROR] LogOutputStream:75 - [STDERR_REDIRECT] 	at java.desktop/java.awt.EventDispatchThread.run(EventDispatchThread.java:90)
2026-07-02 23:22:11,374 [WARN] IP:2250 - I2C_Coeff_DF not found: check if there is a RefParameter without a condition.
2026-07-02 23:22:11,374 [WARN] IP:2250 - Analog_Filter not found: check if there is a RefParameter without a condition.
2026-07-02 23:22:12,702 [WARN] IP:2250 - I2C_Coeff_DF not found: check if there is a RefParameter without a condition.
2026-07-02 23:22:12,702 [WARN] IP:2250 - Analog_Filter not found: check if there is a RefParameter without a condition.
2026-07-02 23:22:17,747 [INFO] NvicIntPanel:101 - NVIC parent = com.st.microxplorer.plugins.ip.nvic.MultiNvicIntPanel[,0,0,630x434,layout=javax.swing.BoxLayout,alignmentX=0.0,alignmentY=0.0,border=,flags=9,maximumSize=,minimumSize=,preferredSize=]
2026-07-02 23:22:21,263 [WARN] IP:2250 - I2C_Coeff_DF not found: check if there is a RefParameter without a condition.
2026-07-02 23:22:21,263 [WARN] IP:2250 - Analog_Filter not found: check if there is a RefParameter without a condition.
2026-07-02 23:22:27,115 [INFO] UtilMem:75 - End SaveConfig() Used Memory: 841289352 Bytes (1073741824)
2026-07-02 23:22:29,154 [INFO] UtilMem:75 - End SaveConfig() Used Memory: 862780464 Bytes (1073741824)
2026-07-02 23:22:30,709 [INFO] UtilMem:75 - End SaveConfig() Used Memory: 921513576 Bytes (1073741824)
2026-07-02 23:22:30,857 [INFO] BlockDiagram:2775 - set Specific Code input for plugin: NVIC
2026-07-02 23:22:30,857 [INFO] BlockDiagram:2775 - set Specific Code input for plugin: TIM1_8
2026-07-02 23:22:30,857 [INFO] BlockDiagram:2775 - set Specific Code input for plugin: SYS
2026-07-02 23:22:30,858 [INFO] BlockDiagram:2775 - set Specific Code input for plugin: GPIO
2026-07-02 23:22:30,858 [INFO] BlockDiagram:2775 - set Specific Code input for plugin: RCC
2026-07-02 23:22:30,858 [INFO] BlockDiagram:2775 - set Specific Code input for plugin: I2C
2026-07-02 23:22:30,859 [INFO] CodeGenerator:892 - code generatio: config db path: C:\ST\STM32CubeIDE_1.19.0\STM32CubeIDE\plugins\com.st.stm32cube.common.mx_6.15.0.202507011659\\db\
2026-07-02 23:22:30,860 [WARN] IP:2250 - I2C_Coeff_DF not found: check if there is a RefParameter without a condition.
2026-07-02 23:22:30,860 [WARN] IP:2250 - Analog_Filter not found: check if there is a RefParameter without a condition.
2026-07-02 23:22:30,976 [INFO] CodeEngine:265 - oldGeneratedFile, E:\Git\Personal_Projects\Heated_Cabinet_PCB\MXTmpFiles\license.tmp_save
2026-07-02 23:22:31,121 [INFO] CodeEngine:289 - Generated code: E:\Git\Personal_Projects\Heated_Cabinet_PCB\MXTmpFiles\license.tmp
2026-07-02 23:22:31,183 [INFO] CodeEngine:265 - oldGeneratedFile, E:\Git\Personal_Projects\Heated_Cabinet_PCB\MXTmpFiles\gpio.tmp_save
2026-07-02 23:22:31,277 [INFO] CodeEngine:289 - Generated code: E:\Git\Personal_Projects\Heated_Cabinet_PCB\MXTmpFiles\gpio.tmp
2026-07-02 23:22:31,474 [INFO] CodeEngine:265 - oldGeneratedFile, E:\Git\Personal_Projects\Heated_Cabinet_PCB\Core\Src\stm32f4xx_it.c_save
2026-07-02 23:22:31,569 [INFO] CodeEngine:289 - Generated code: E:\Git\Personal_Projects\Heated_Cabinet_PCB\Core\Src\stm32f4xx_it.c
2026-07-02 23:22:31,576 [INFO] CodeEngine:265 - oldGeneratedFile, E:\Git\Personal_Projects\Heated_Cabinet_PCB\Core\Inc\stm32f4xx_it.h_save
2026-07-02 23:22:31,654 [INFO] CodeEngine:289 - Generated code: E:\Git\Personal_Projects\Heated_Cabinet_PCB\Core\Inc\stm32f4xx_it.h
2026-07-02 23:22:31,668 [INFO] CodeEngine:265 - oldGeneratedFile, E:\Git\Personal_Projects\Heated_Cabinet_PCB\Core\Src\stm32f4xx_hal_msp.c_save
2026-07-02 23:22:31,792 [INFO] CodeEngine:289 - Generated code: E:\Git\Personal_Projects\Heated_Cabinet_PCB\Core\Src\stm32f4xx_hal_msp.c
2026-07-02 23:22:31,797 [INFO] CodeEngine:265 - oldGeneratedFile, E:\Git\Personal_Projects\Heated_Cabinet_PCB\MXTmpFiles\system.tmp_save
2026-07-02 23:22:31,868 [INFO] CodeEngine:289 - Generated code: E:\Git\Personal_Projects\Heated_Cabinet_PCB\MXTmpFiles\system.tmp
2026-07-02 23:22:31,880 [INFO] CodeEngine:321 - oldGeneratedFile, E:\Git\Personal_Projects\Heated_Cabinet_PCB\Core\Inc\stm32f4xx_hal_conf.h_save
2026-07-02 23:22:31,957 [INFO] CodeEngine:345 - Generated code: E:\Git\Personal_Projects\Heated_Cabinet_PCB\Core\Inc\stm32f4xx_hal_conf.h
2026-07-02 23:22:31,982 [INFO] ApiDbMcu:532 - Load IP Config File for I2C1
2026-07-02 23:22:31,995 [INFO] ApiDbMcu:532 - Load IP Config File for TIM11
2026-07-02 23:22:31,999 [INFO] ApiDbMcu:532 - Load IP Config File for RCC
2026-07-02 23:22:32,000 [WARN] IPConfigManager:3811 - IP not found : TIM
2026-07-02 23:22:32,001 [WARN] CodeGenerator:4259 - IP not found : null
2026-07-02 23:22:32,010 [INFO] CodeEngine:265 - oldGeneratedFile, E:\Git\Personal_Projects\Heated_Cabinet_PCB\Core\Inc\main.h_save
2026-07-02 23:22:32,088 [INFO] CodeEngine:289 - Generated code: E:\Git\Personal_Projects\Heated_Cabinet_PCB\Core\Inc\main.h
2026-07-02 23:22:32,095 [INFO] CodeEngine:265 - oldGeneratedFile, E:\Git\Personal_Projects\Heated_Cabinet_PCB\Core\Src\main.c_save
2026-07-02 23:22:32,210 [INFO] CodeEngine:289 - Generated code: E:\Git\Personal_Projects\Heated_Cabinet_PCB\Core\Src\main.c
2026-07-02 23:22:32,710 [INFO] ProjectBuilder:3606 - Time for Copy HAL[1] : 256mS.
2026-07-02 23:22:32,714 [INFO] ProjectBuilder:5216 - Project Generator version: 4.7.0-B52
2026-07-02 23:22:32,801 [INFO] ConfigFileManager:1595 - The Die is : DIE423
2026-07-02 23:22:32,804 [INFO] ApiDbMcu:532 - Load IP Config File for FATFS
2026-07-02 23:22:32,808 [INFO] ApiDbMcu:532 - Load IP Config File for FREERTOS
2026-07-02 23:22:32,810 [INFO] ApiDbMcu:532 - Load IP Config File for LIBJPEG
2026-07-02 23:22:32,815 [INFO] ApiDbMcu:532 - Load IP Config File for MBEDTLS
2026-07-02 23:22:32,822 [INFO] ApiDbMcu:532 - Load IP Config File for USB_DEVICE
2026-07-02 23:22:32,825 [INFO] ApiDbMcu:532 - Load IP Config File for USB_HOST
2026-07-02 23:22:33,927 [INFO] ProjectBuilder:5496 - Time for Generating toolchain IDE Files: 1213mS.
2026-07-02 23:22:33,928 [INFO] ProjectBuilder:3463 - Time for Copy CMSIS : 1mS.
2026-07-02 23:22:33,930 [INFO] ProjectBuilder:3463 - Time for Copy CMSIS : 0mS.
2026-07-02 23:22:37,879 [INFO] MainUpdater:2872 - connection check result : 10
2026-07-02 23:22:37,879 [INFO] MainUpdater:2872 - connection check result : 10
2026-07-02 23:22:37,922 [INFO] MicroXplorer:468 - Change Database Path : 
2026-07-02 23:22:37,922 [INFO] MicroXplorer:498 - Change Database Version : DB.6.0.150
2026-07-02 23:22:37,934 [ERROR] ProjectManagerView:395 - 
java.lang.NullPointerException: Cannot invoke "javax.swing.JTextField.getText()" because the return value of "java.util.List.get(int)" is null
	at com.st.microxplorer.plugins.projectmanager.gui.ProjectChoiceTab$9.caretUpdate(ProjectChoiceTab.java:2706) ~[filemanager.jar:?]
	at javax.swing.text.JTextComponent.fireCaretUpdate(JTextComponent.java:408) ~[?:?]
	at javax.swing.text.JTextComponent$MutableCaretEvent.fire(JTextComponent.java:4484) ~[?:?]
	at javax.swing.text.JTextComponent$MutableCaretEvent.stateChanged(JTextComponent.java:4506) ~[?:?]
	at javax.swing.text.DefaultCaret.fireStateChanged(DefaultCaret.java:857) ~[?:?]
	at javax.swing.text.DefaultCaret.changeCaretPosition(DefaultCaret.java:1343) ~[?:?]
	at javax.swing.text.DefaultCaret.handleSetDot(DefaultCaret.java:1242) ~[?:?]
	at javax.swing.text.DefaultCaret.setDot(DefaultCaret.java:1223) ~[?:?]
	at javax.swing.text.DefaultCaret$Handler.insertUpdate(DefaultCaret.java:1819) ~[?:?]
	at javax.swing.text.AbstractDocument.fireInsertUpdate(AbstractDocument.java:227) ~[?:?]
	at javax.swing.text.AbstractDocument.handleInsertString(AbstractDocument.java:781) ~[?:?]
	at javax.swing.text.AbstractDocument.insertString(AbstractDocument.java:740) ~[?:?]
	at javax.swing.text.PlainDocument.insertString(PlainDocument.java:131) ~[?:?]
	at javax.swing.text.AbstractDocument.replace(AbstractDocument.java:699) ~[?:?]
	at javax.swing.text.JTextComponent.setText(JTextComponent.java:1725) ~[?:?]
	at com.st.microxplorer.plugins.projectmanager.gui.ProjectChoiceTab.createHeapStackFields(ProjectChoiceTab.java:993) ~[filemanager.jar:?]
	at com.st.microxplorer.plugins.projectmanager.gui.ProjectChoiceTab.buildLinkSettingsPanel(ProjectChoiceTab.java:3813) ~[filemanager.jar:?]
	at com.st.microxplorer.plugins.projectmanager.gui.ProjectChoiceTab.defineWindowsFields(ProjectChoiceTab.java:1987) ~[filemanager.jar:?]
	at com.st.microxplorer.plugins.projectmanager.gui.ProjectChoiceTab.updateSettings(ProjectChoiceTab.java:558) ~[filemanager.jar:?]
	at com.st.microxplorer.plugins.projectmanager.gui.ProjectSettingsPanel.UpdateDialog(ProjectSettingsPanel.java:247) ~[filemanager.jar:?]
	at com.st.microxplorer.plugins.projectmanager.ProjectManagerView.propertyChange(ProjectManagerView.java:392) ~[filemanager.jar:?]
	at java.beans.PropertyChangeSupport.fire(PropertyChangeSupport.java:343) ~[?:?]
	at java.beans.PropertyChangeSupport.firePropertyChange(PropertyChangeSupport.java:335) ~[?:?]
	at java.beans.PropertyChangeSupport.firePropertyChange(PropertyChangeSupport.java:268) ~[?:?]
	at com.st.microxplorer.util.MXPropertyChangeSupport.firePropertyChange(MXPropertyChangeSupport.java:54) ~[STM32CubeMX.jar:?]
	at com.st.microxplorer.mxsystem.MxSystem.closeConfig(MxSystem.java:899) ~[STM32CubeMX.jar:?]
	at com.st.microxplorer.maingui.MainPanel.closeConfig(MainPanel.java:792) ~[STM32CubeMX.jar:?]
	at com.st.microxplorer.plugins.filemanager.engine.OpenFileManager.loadConfigurationFile(OpenFileManager.java:288) ~[filemanager.jar:?]
	at com.st.microxplorer.plugins.filemanager.engine.MainFileManager.userLoadConfig(MainFileManager.java:364) ~[filemanager.jar:?]
	at com.st.microxplorer.plugins.filemanager.engine.MainFileManager.userLoadConfig(MainFileManager.java:342) ~[filemanager.jar:?]
	at com.st.microxplorer.plugins.filemanager.FileManagerView.getSpecificTask(FileManagerView.java:264) ~[filemanager.jar:?]
	at com.st.stm32cube.common.mx.editor.CubeMxEditor.getMxTabbedPaneInstance(CubeMxEditor.java:1198) ~[com.st.stm32cube.common.mx_6.15.0.202507011659/:?]
	at com.st.stm32cube.common.mx.editor.CubeMxEditor$12$1.createSwingComponent(CubeMxEditor.java:1068) ~[com.st.stm32cube.common.mx_6.15.0.202507011659/:?]
	at com.st.stm32cube.common.mx.oss.core.awtswtbridge.EmbeddedSwingComposite.doComponentCreation(EmbeddedSwingComposite.java:492) ~[com.st.stm32cube.common.mx.oss_6.15.0.202507011659/:?]
	at com.st.stm32cube.common.mx.oss.core.awtswtbridge.EmbeddedSwingComposite$4.run(EmbeddedSwingComposite.java:291) ~[com.st.stm32cube.common.mx.oss_6.15.0.202507011659/:?]
	at com.st.stm32cube.common.mx.oss.core.awtswtbridge.AwtEnvironment$2.run(AwtEnvironment.java:166) ~[com.st.stm32cube.common.mx.oss_6.15.0.202507011659/:?]
	at java.awt.event.InvocationEvent.dispatch(InvocationEvent.java:318) ~[?:?]
	at java.awt.EventQueue.dispatchEventImpl(EventQueue.java:773) ~[?:?]
	at java.awt.EventQueue$4.run(EventQueue.java:720) ~[?:?]
	at java.awt.EventQueue$4.run(EventQueue.java:714) ~[?:?]
	at java.security.AccessController.doPrivileged(AccessController.java:400) ~[?:?]
	at java.security.ProtectionDomain$JavaSecurityAccessImpl.doIntersectionPrivilege(ProtectionDomain.java:87) ~[?:?]
	at java.awt.EventQueue.dispatchEvent(EventQueue.java:742) ~[?:?]
	at java.awt.EventDispatchThread.pumpOneEventForFilters(EventDispatchThread.java:203) ~[?:?]
	at java.awt.EventDispatchThread.pumpEventsForFilter(EventDispatchThread.java:124) ~[?:?]
	at java.awt.EventDispatchThread.pumpEventsForHierarchy(EventDispatchThread.java:113) ~[?:?]
	at java.awt.EventDispatchThread.pumpEvents(EventDispatchThread.java:109) ~[?:?]
	at java.awt.EventDispatchThread.pumpEvents(EventDispatchThread.java:101) ~[?:?]
	at java.awt.EventDispatchThread.run(EventDispatchThread.java:90) ~[?:?]
2026-07-02 23:22:37,935 [WARN] ThirdParty:871 - waiting for thirdparty lock release [close project]
2026-07-02 23:22:37,935 [INFO] ThirdParty:873 - entering critical section [close project]
2026-07-02 23:22:37,935 [INFO] ThirdParty:883 - exiting critical section [close project]
2026-07-02 23:22:37,937 [INFO] PinOutPanel:1589 - setPackage(No Configuration,No Configuration)
2026-07-02 23:22:37,943 [WARN] IpParametersView:155 - Warning: This peripheral hasn't parameters
2026-07-02 23:22:37,946 [WARN] MainPanel:289 - <html><b><center>Warning: This peripheral has no parameters to be configured<br></b></html>
2026-07-02 23:22:37,949 [INFO] UtilMem:75 - Begin LoadConfig() Used Memory: 816459344 Bytes (1073741824)
2026-07-02 23:22:37,950 [INFO] MicroXplorer:468 - Change Database Path : 
2026-07-02 23:22:37,950 [INFO] MicroXplorer:498 - Change Database Version : DB.6.0.150
2026-07-02 23:22:37,950 [INFO] OpenFileManager:355 - Change cursor
2026-07-02 23:22:37,971 [INFO] RulesReader:64 - Compatibility file has been processed (317 Rules)
2026-07-02 23:22:37,976 [INFO] Mcu:2029 - Initializing MCU STM32F401R(D-E)Tx STM32F401RETx STM32F401RET6
2026-07-02 23:22:38,665 [INFO] Context:786 - Trying to add GPIOservice into a context  which must be forbidden
2026-07-02 23:22:39,063 [INFO] ImportTextPane:234 - (OptionalMessage_ERROR) Pin29 (VP_RIF_VS_RIF1) cannot be retrieved for this MCU
2026-07-02 23:22:39,089 [WARN] ModelIntegratedComponent:63 - No mode defined for component null
2026-07-02 23:22:39,090 [WARN] ModelIntegratedComponent:63 - No mode defined for component null
2026-07-02 23:22:39,090 [WARN] ModelIntegratedComponent:63 - No mode defined for component null
2026-07-02 23:22:39,090 [WARN] ModelIntegratedComponent:63 - No mode defined for component null
2026-07-02 23:22:39,090 [WARN] ModelIntegratedComponent:63 - No mode defined for component null
2026-07-02 23:22:39,090 [WARN] ModelIntegratedComponent:63 - No mode defined for component null
2026-07-02 23:22:39,090 [WARN] ModelIntegratedComponent:63 - No mode defined for component null
2026-07-02 23:22:39,090 [WARN] ModelIntegratedComponent:63 - No mode defined for component null
2026-07-02 23:22:39,090 [WARN] ModelIntegratedComponent:63 - No mode defined for component null
2026-07-02 23:22:39,090 [WARN] ModelIntegratedComponent:63 - No mode defined for component null
2026-07-02 23:22:39,090 [WARN] ModelIntegratedComponent:63 - No mode defined for component null
2026-07-02 23:22:39,090 [WARN] ModelIntegratedComponent:63 - No mode defined for component null
2026-07-02 23:22:39,090 [WARN] ModelIntegratedComponent:63 - No mode defined for component null
2026-07-02 23:22:39,090 [WARN] ModelIntegratedComponent:63 - No mode defined for component null
2026-07-02 23:22:39,090 [WARN] ModelIntegratedComponent:63 - No mode defined for component null
2026-07-02 23:22:39,090 [WARN] ModelIntegratedComponent:63 - No mode defined for component null
2026-07-02 23:22:39,090 [WARN] ModelIntegratedComponent:63 - No mode defined for component null
2026-07-02 23:22:39,090 [WARN] ModelIntegratedComponent:63 - No mode defined for component null
2026-07-02 23:22:39,090 [WARN] ModelIntegratedComponent:63 - No mode defined for component null
2026-07-02 23:22:39,090 [WARN] ModelIntegratedComponent:63 - No mode defined for component null
2026-07-02 23:22:39,091 [WARN] ModelIntegratedComponent:63 - No mode defined for component null
2026-07-02 23:22:39,091 [WARN] ModelIntegratedComponent:63 - No mode defined for component null
2026-07-02 23:22:39,091 [WARN] ModelIntegratedComponent:63 - No mode defined for component null
2026-07-02 23:22:39,091 [WARN] ModelIntegratedComponent:63 - No mode defined for component null
2026-07-02 23:22:39,091 [WARN] ModelIntegratedComponent:63 - No mode defined for component null
2026-07-02 23:22:39,091 [WARN] ModelIntegratedComponent:63 - No mode defined for component null
2026-07-02 23:22:39,091 [WARN] ModelIntegratedComponent:63 - No mode defined for component null
2026-07-02 23:22:39,091 [WARN] ModelIntegratedComponent:63 - No mode defined for component null
2026-07-02 23:22:39,091 [WARN] ModelIntegratedComponent:63 - No mode defined for component null
2026-07-02 23:22:39,091 [WARN] ModelIntegratedComponent:63 - No mode defined for component null
2026-07-02 23:22:39,091 [WARN] ModelIntegratedComponent:63 - No mode defined for component null
2026-07-02 23:22:39,091 [WARN] ModelIntegratedComponent:63 - No mode defined for component null
2026-07-02 23:22:39,091 [WARN] ModelIntegratedComponent:63 - No mode defined for component null
2026-07-02 23:22:39,091 [WARN] ModelIntegratedComponent:63 - No mode defined for component null
2026-07-02 23:22:39,091 [WARN] ModelIntegratedComponent:63 - No mode defined for component null
2026-07-02 23:22:39,091 [WARN] ModelPack:524 - Component already loaded: STMicroelectronics:HAL Drivers:0.0.0:STMicroelectronics:Device:STMicro_Driver:XSPI:HAL::0.0.1:HAL_XSPI
2026-07-02 23:22:39,094 [INFO] RtosManager:558 - Registered RTOS mode: class=CMSIS, group=RTOS, mode=CMSIS_V1, owner=FREERTOS
2026-07-02 23:22:39,094 [INFO] RtosManager:558 - Registered RTOS mode: class=CMSIS, group=RTOS2, mode=CMSIS_V2, owner=FREERTOS
2026-07-02 23:22:39,094 [INFO] RtosManager:558 - Registered RTOS mode: class=RTOS, group=Core, mode=CMSIS_V1, owner=FREERTOS
2026-07-02 23:22:39,094 [INFO] RtosManager:558 - Registered RTOS mode: class=RTOS, group=Core, mode=CMSIS_V2, owner=FREERTOS
2026-07-02 23:22:39,094 [WARN] ModelIntegratedComponent:184 - Missing modes for component STMicroelectronics:FreeRTOS:0.0.1:STMicroelectronics:RTOS:FreeRTOS:Core:::10.2.0:
2026-07-02 23:22:39,125 [INFO] ThirdPartyModel:298 - Start build external matchings
2026-07-02 23:22:39,145 [INFO] ThirdPartyModel:316 - End build external matchings
2026-07-02 23:22:39,150 [INFO] ImportTextPane:234 - (OptionalMessage_ERROR) IP (RCC) : Parameter (RTCHSEDivFreq_Value) has invalid value (4000000)
2026-07-02 23:22:39,383 [INFO] UtilMem:75 - End LoadConfig() Used Memory: 834448464 Bytes (1073741824)
2026-07-02 23:22:39,705 [WARN] ThirdParty:833 - waiting for thirdparty lock release [change project]
2026-07-02 23:22:39,705 [INFO] ThirdParty:835 - entering critical section [change project]
2026-07-02 23:22:39,705 [INFO] ThirdParty:1030 - CMSIS Pack Vendor :STMicroelectronics X-CUBE-PM33A1 1.0.0
2026-07-02 23:22:39,705 [INFO] ThirdParty:1030 - CMSIS Pack Vendor :STMicroelectronics USBPD 4.1
2026-07-02 23:22:39,705 [INFO] ThirdParty:1030 - CMSIS Pack Vendor :STMicroelectronics X-CUBE-DISPLAY 3.0.0
2026-07-02 23:22:39,705 [INFO] ThirdParty:1030 - CMSIS Pack Vendor :STMicroelectronics X-CUBE-NFC9 1.0.0
2026-07-02 23:22:39,705 [INFO] ThirdParty:1030 - CMSIS Pack Vendor :STMicroelectronics X-CUBE-NFC7 2.0.0
2026-07-02 23:22:39,705 [INFO] ThirdParty:1030 - CMSIS Pack Vendor :STMicroelectronics X-CUBE-TCPP 4.2.0
2026-07-02 23:22:39,705 [INFO] ThirdParty:1030 - CMSIS Pack Vendor :STMicroelectronics USB_HOST 2.0.0
2026-07-02 23:22:39,705 [INFO] ThirdParty:1030 - CMSIS Pack Vendor :STMicroelectronics LIBJPEG 8.0.0
2026-07-02 23:22:39,705 [INFO] ThirdParty:1030 - CMSIS Pack Vendor :STMicroelectronics FP-ATR-ASTRA1 2.0.2
2026-07-02 23:22:39,705 [INFO] ThirdParty:1030 - CMSIS Pack Vendor :STMicroelectronics FP-ATR-SIGFOX1 3.2.0
2026-07-02 23:22:39,705 [INFO] ThirdParty:1030 - CMSIS Pack Vendor :STMicroelectronics X-CUBE-NFC10 1.0.0
2026-07-02 23:22:39,705 [INFO] ThirdParty:1030 - CMSIS Pack Vendor :STMicroelectronics X-CUBE-BLE1 7.1.0
2026-07-02 23:22:39,705 [INFO] ThirdParty:1030 - CMSIS Pack Vendor :STMicroelectronics USB_DEVICE 3.0.0
2026-07-02 23:22:39,705 [INFO] ThirdParty:1030 - CMSIS Pack Vendor :STMicroelectronics X-CUBE-ISPU 2.1.0
2026-07-02 23:22:39,706 [INFO] ThirdParty:1030 - CMSIS Pack Vendor :STMicroelectronics HAL Drivers 0.0.0
2026-07-02 23:22:39,706 [INFO] ThirdParty:1030 - CMSIS Pack Vendor :STMicroelectronics MBEDTLS 2.16.2
2026-07-02 23:22:39,706 [INFO] ThirdParty:1030 - CMSIS Pack Vendor :STMicroelectronics X-CUBE-ALS 1.0.2
2026-07-02 23:22:39,706 [INFO] ThirdParty:1030 - CMSIS Pack Vendor :STMicroelectronics MBEDTLS 2.14.1
2026-07-02 23:22:39,706 [INFO] ThirdParty:1030 - CMSIS Pack Vendor :STMicroelectronics USB_DEVICE 2.0.0
2026-07-02 23:22:39,706 [INFO] ThirdParty:1030 - CMSIS Pack Vendor :STMicroelectronics ThreadX 1.0.0
2026-07-02 23:22:39,706 [INFO] ThirdParty:1030 - CMSIS Pack Vendor :STMicroelectronics FP-SNS-SMARTAG2 1.2.0
2026-07-02 23:22:39,706 [INFO] ThirdParty:1030 - CMSIS Pack Vendor :STMicroelectronics FP-SNS-FLIGHT1 5.1.0
2026-07-02 23:22:39,706 [INFO] ThirdParty:1030 - CMSIS Pack Vendor :STMicroelectronics X-CUBE-DPower 1.3.0
2026-07-02 23:22:39,706 [INFO] ThirdParty:1030 - CMSIS Pack Vendor :STMicroelectronics FreeRTOS 0.0.1
2026-07-02 23:22:39,706 [INFO] ThirdParty:1030 - CMSIS Pack Vendor :STMicroelectronics USB_DEVICE 1.0.0
2026-07-02 23:22:39,706 [INFO] ThirdParty:1030 - CMSIS Pack Vendor :STMicroelectronics X-CUBE-NFC4 3.0.0
2026-07-02 23:22:39,706 [INFO] ThirdParty:1030 - CMSIS Pack Vendor :STMicroelectronics X-CUBE-SUBG2 5.0.0
2026-07-02 23:22:39,706 [INFO] ThirdParty:1030 - CMSIS Pack Vendor :STMicroelectronics STM32_WPAN 1.0.0
2026-07-02 23:22:39,706 [INFO] ThirdParty:1030 - CMSIS Pack Vendor :STMicroelectronics ThreadX 0.0.2
2026-07-02 23:22:39,706 [INFO] ThirdParty:1030 - CMSIS Pack Vendor :STMicroelectronics lwIP 2.0.3
2026-07-02 23:22:39,706 [INFO] ThirdParty:1030 - CMSIS Pack Vendor :STMicroelectronics lwIP 2.1.2
2026-07-02 23:22:39,706 [INFO] ThirdParty:1030 - CMSIS Pack Vendor :STMicroelectronics X-CUBE-SFXS2LP1 4.0.0
2026-07-02 23:22:39,706 [INFO] ThirdParty:1030 - CMSIS Pack Vendor :STMicroelectronics X-CUBE-BLE2 3.3.0
2026-07-02 23:22:39,706 [INFO] ThirdParty:1030 - CMSIS Pack Vendor :STMicroelectronics X-CUBE-TOF1 3.4.3
2026-07-02 23:22:39,706 [INFO] ThirdParty:1030 - CMSIS Pack Vendor :STMicroelectronics USB_HOST 1.0.0
2026-07-02 23:22:39,706 [INFO] ThirdParty:1030 - CMSIS Pack Vendor :STMicroelectronics PDM2PCM 3.1.0
2026-07-02 23:22:39,706 [INFO] ThirdParty:1030 - CMSIS Pack Vendor :STMicroelectronics PDM2PCM 3.2.0
2026-07-02 23:22:39,706 [INFO] ThirdParty:1030 - CMSIS Pack Vendor :STMicroelectronics PDM2PCM 3.3.0
2026-07-02 23:22:39,707 [INFO] ThirdParty:841 - exiting critical section [change project]
2026-07-02 23:22:39,844 [INFO] PinOutPanel:1589 - setPackage(No Configuration,No Configuration)
2026-07-02 23:22:39,845 [INFO] PinOutPanel:1589 - setPackage(STM32F401RETx,LQFP64)
2026-07-02 23:22:40,190 [INFO] UtilMem:75 - Before build in PCC Used Memory: 963635680 Bytes (1073741824)
2026-07-02 23:22:40,501 [INFO] UtilMem:75 - After build in PCC Used Memory: 741416336 Bytes (1073741824)
2026-07-02 23:22:40,518 [INFO] IPUIPlugin:80 - create IPUIPlugin
2026-07-02 23:22:40,518 [INFO] IPUIPlugin:80 - create IPUIPlugin
2026-07-02 23:22:40,518 [INFO] IPUIPlugin:80 - create IPUIPlugin
2026-07-02 23:22:40,518 [INFO] IPUIPlugin:80 - create IPUIPlugin
2026-07-02 23:22:40,519 [INFO] IPUIPlugin:80 - create IPUIPlugin
2026-07-02 23:22:40,519 [INFO] IPUIPlugin:80 - create IPUIPlugin
2026-07-02 23:22:40,519 [INFO] IPUIPlugin:80 - create IPUIPlugin
2026-07-02 23:22:40,520 [INFO] IPUIPlugin:80 - create IPUIPlugin
2026-07-02 23:22:40,520 [INFO] IPUIPlugin:80 - create IPUIPlugin
2026-07-02 23:22:40,520 [INFO] IPUIPlugin:80 - create IPUIPlugin
2026-07-02 23:22:40,520 [INFO] IPUIPlugin:80 - create IPUIPlugin
2026-07-02 23:22:40,520 [INFO] IPUIPlugin:80 - create IPUIPlugin
2026-07-02 23:22:40,520 [INFO] IPUIPlugin:80 - create IPUIPlugin
2026-07-02 23:22:40,521 [INFO] IPUIPlugin:80 - create IPUIPlugin
2026-07-02 23:22:40,521 [INFO] IPUIPlugin:80 - create IPUIPlugin
2026-07-02 23:22:40,521 [INFO] IPUIPlugin:80 - create IPUIPlugin
2026-07-02 23:22:40,521 [INFO] IPUIPlugin:80 - create IPUIPlugin
2026-07-02 23:22:40,522 [INFO] IPUIPlugin:80 - create IPUIPlugin
2026-07-02 23:22:40,522 [INFO] IPUIPlugin:80 - create IPUIPlugin
2026-07-02 23:22:40,522 [INFO] IPUIPlugin:80 - create IPUIPlugin
2026-07-02 23:22:40,522 [INFO] IPUIPlugin:80 - create IPUIPlugin
2026-07-02 23:22:40,523 [INFO] IPUIPlugin:80 - create IPUIPlugin
2026-07-02 23:22:40,523 [INFO] IPUIPlugin:80 - create IPUIPlugin
2026-07-02 23:22:40,523 [INFO] IPUIPlugin:80 - create IPUIPlugin
2026-07-02 23:22:40,523 [INFO] IPUIPlugin:80 - create IPUIPlugin
2026-07-02 23:22:40,524 [INFO] IPUIPlugin:80 - create IPUIPlugin
2026-07-02 23:22:40,524 [INFO] IPUIPlugin:80 - create IPUIPlugin
2026-07-02 23:22:40,524 [INFO] IPUIPlugin:80 - create IPUIPlugin
2026-07-02 23:22:40,524 [INFO] IPUIPlugin:80 - create IPUIPlugin
2026-07-02 23:22:40,525 [INFO] IPUIPlugin:80 - create IPUIPlugin
2026-07-02 23:22:40,525 [INFO] IPUIPlugin:80 - create IPUIPlugin
2026-07-02 23:22:40,525 [INFO] IPUIPlugin:80 - create IPUIPlugin
2026-07-02 23:22:40,526 [INFO] IPUIPlugin:80 - create IPUIPlugin
2026-07-02 23:22:40,526 [INFO] IPUIPlugin:80 - create IPUIPlugin
2026-07-02 23:22:40,526 [INFO] IPUIPlugin:80 - create IPUIPlugin
2026-07-02 23:22:40,527 [INFO] IPUIPlugin:80 - create IPUIPlugin
2026-07-02 23:22:40,527 [INFO] IPUIPlugin:80 - create IPUIPlugin
2026-07-02 23:22:40,527 [INFO] IPUIPlugin:80 - create IPUIPlugin
2026-07-02 23:22:40,530 [INFO] ApiDbMcu:532 - Load IP Config File for PDM2PCM
2026-07-02 23:22:40,531 [WARN] IP:2250 - I2C_Coeff_DF not found: check if there is a RefParameter without a condition.
2026-07-02 23:22:40,531 [WARN] IP:2250 - Analog_Filter not found: check if there is a RefParameter without a condition.
2026-07-02 23:22:40,575 [INFO] CADModel:165 - CPN selected for project levelSTM32F401RET6
2026-07-02 23:22:40,575 [INFO] CADModel:114 - Register for checkConnection events
2026-07-02 23:22:40,647 [INFO] OpenFileManager:386 - Restore cursor
2026-07-02 23:22:40,817 [WARN] IP:2250 - I2C_Coeff_DF not found: check if there is a RefParameter without a condition.
2026-07-02 23:22:40,818 [WARN] IP:2250 - Analog_Filter not found: check if there is a RefParameter without a condition.
2026-07-02 23:22:40,818 [WARN] IP:2250 - I2C_Coeff_DF not found: check if there is a RefParameter without a condition.
2026-07-02 23:22:40,818 [WARN] IP:2250 - Analog_Filter not found: check if there is a RefParameter without a condition.
2026-07-02 23:23:23,336 [WARN] IP:2250 - I2C_Coeff_DF not found: check if there is a RefParameter without a condition.
2026-07-02 23:23:23,336 [WARN] IP:2250 - Analog_Filter not found: check if there is a RefParameter without a condition.
2026-07-02 23:23:23,337 [WARN] IP:2250 - I2C_Coeff_DF not found: check if there is a RefParameter without a condition.
2026-07-02 23:23:23,337 [WARN] IP:2250 - Analog_Filter not found: check if there is a RefParameter without a condition.
2026-07-02 23:23:34,021 [WARN] IP:2250 - I2C_Coeff_DF not found: check if there is a RefParameter without a condition.
2026-07-02 23:23:34,021 [WARN] IP:2250 - Analog_Filter not found: check if there is a RefParameter without a condition.
2026-07-02 23:23:34,022 [WARN] IP:2250 - I2C_Coeff_DF not found: check if there is a RefParameter without a condition.
2026-07-02 23:23:34,022 [WARN] IP:2250 - Analog_Filter not found: check if there is a RefParameter without a condition.
2026-07-02 23:23:39,794 [INFO] NvicIntPanel:101 - NVIC parent = com.st.microxplorer.plugins.ip.nvic.MultiNvicIntPanel[,0,0,630x316,layout=javax.swing.BoxLayout,alignmentX=0.0,alignmentY=0.0,border=,flags=9,maximumSize=,minimumSize=,preferredSize=]
2026-07-02 23:24:37,231 [WARN] IP:2250 - I2C_Coeff_DF not found: check if there is a RefParameter without a condition.
2026-07-02 23:24:37,231 [WARN] IP:2250 - Analog_Filter not found: check if there is a RefParameter without a condition.
2026-07-02 23:24:41,843 [INFO] NvicIntPanel:101 - NVIC parent = com.st.microxplorer.plugins.ip.nvic.MultiNvicIntPanel[,0,0,630x316,layout=javax.swing.BoxLayout,alignmentX=0.0,alignmentY=0.0,border=,flags=9,maximumSize=,minimumSize=,preferredSize=]
2026-07-02 23:24:49,281 [WARN] IP:2250 - I2C_Coeff_DF not found: check if there is a RefParameter without a condition.
2026-07-02 23:24:49,281 [WARN] IP:2250 - Analog_Filter not found: check if there is a RefParameter without a condition.
2026-07-02 23:24:52,713 [INFO] Gpio:278 - dependency for GPIO [I2C1, RCC, SYS, TIM11, USART2]
2026-07-02 23:24:53,904 [ERROR] LogOutputStream:75 - [STDERR_REDIRECT] java.lang.Error: no ComponentUI class for: com.st.microxplorer.plugins.ip.nvic.CheckBoxHeader[,0,0,0x0,invalid,alignmentX=0.0,alignmentY=0.0,border=,flags=0,maximumSize=,minimumSize=,preferredSize=,defaultIcon=,disabledIcon=,disabledSelectedIcon=,margin=null,paintBorder=true,paintFocus=true,pressedIcon=,rolloverEnabled=false,rolloverIcon=,rolloverSelectedIcon=,selectedIcon=,text=]
2026-07-02 23:24:53,907 [ERROR] LogOutputStream:75 - [STDERR_REDIRECT] 	at java.desktop/javax.swing.UIDefaults.getUIError(UIDefaults.java:763)
2026-07-02 23:24:53,909 [ERROR] LogOutputStream:75 - [STDERR_REDIRECT] 	at java.desktop/javax.swing.MultiUIDefaults.getUIError(MultiUIDefaults.java:144)
2026-07-02 23:24:53,911 [ERROR] LogOutputStream:75 - [STDERR_REDIRECT] 	at java.desktop/javax.swing.UIDefaults.getUI(UIDefaults.java:793)
2026-07-02 23:24:53,912 [ERROR] LogOutputStream:75 - [STDERR_REDIRECT] 	at java.desktop/javax.swing.UIManager.getUI(UIManager.java:1070)
2026-07-02 23:24:53,913 [ERROR] LogOutputStream:75 - [STDERR_REDIRECT] 	at java.desktop/javax.swing.JCheckBox.updateUI(JCheckBox.java:228)
2026-07-02 23:24:53,914 [ERROR] LogOutputStream:75 - [STDERR_REDIRECT] 	at java.desktop/javax.swing.AbstractButton.init(AbstractButton.java:2141)
2026-07-02 23:24:53,916 [ERROR] LogOutputStream:75 - [STDERR_REDIRECT] 	at java.desktop/javax.swing.JToggleButton.<init>(JToggleButton.java:187)
2026-07-02 23:24:53,917 [ERROR] LogOutputStream:75 - [STDERR_REDIRECT] 	at java.desktop/javax.swing.JCheckBox.<init>(JCheckBox.java:176)
2026-07-02 23:24:53,918 [ERROR] LogOutputStream:75 - [STDERR_REDIRECT] 	at java.desktop/javax.swing.JCheckBox.<init>(JCheckBox.java:97)
2026-07-02 23:24:53,920 [ERROR] LogOutputStream:75 - [STDERR_REDIRECT] 	at com.st.microxplorer.plugins.ip.nvic.CheckBoxHeader.<init>(CheckBoxHeader.java:55)
2026-07-02 23:24:53,922 [ERROR] LogOutputStream:75 - [STDERR_REDIRECT] 	at com.st.microxplorer.plugins.ip.nvic.NvicCodeSelectionTable.<init>(NvicCodeSelectionTable.java:75)
2026-07-02 23:24:53,923 [ERROR] LogOutputStream:75 - [STDERR_REDIRECT] 	at com.st.microxplorer.plugins.ip.nvic.NvicCodePanel.initComponents(NvicCodePanel.java:102)
2026-07-02 23:24:53,925 [ERROR] LogOutputStream:75 - [STDERR_REDIRECT] 	at com.st.microxplorer.plugins.ip.nvic.NvicCodePanel.<init>(NvicCodePanel.java:78)
2026-07-02 23:24:53,926 [ERROR] LogOutputStream:75 - [STDERR_REDIRECT] 	at com.st.microxplorer.plugins.ip.nvic.NvicTabbedPanel.<init>(NvicTabbedPanel.java:57)
2026-07-02 23:24:53,927 [ERROR] LogOutputStream:75 - [STDERR_REDIRECT] 	at com.st.microxplorer.plugins.ip.nvic.Nvic.getUI(Nvic.java:73)
2026-07-02 23:24:53,929 [ERROR] LogOutputStream:75 - [STDERR_REDIRECT] 	at com.st.microxplorer.plugins.ipmanager.gui.BlockDiagram.createIpPanel(BlockDiagram.java:402)
2026-07-02 23:24:53,930 [ERROR] LogOutputStream:75 - [STDERR_REDIRECT] 	at com.st.microxplorer.plugins.ipmanager.gui.BlockDiagram.getIPConfigPanel(BlockDiagram.java:552)
2026-07-02 23:24:53,931 [ERROR] LogOutputStream:75 - [STDERR_REDIRECT] 	at com.st.microxplorer.plugins.ipmanager.gui.BlockDiagram.getIPConfigPanel(BlockDiagram.java:458)
2026-07-02 23:24:53,932 [ERROR] LogOutputStream:75 - [STDERR_REDIRECT] 	at com.st.microxplorer.plugins.ipmanager.gui.BlockDiagram.propertyChange(BlockDiagram.java:1389)
2026-07-02 23:24:53,934 [ERROR] LogOutputStream:75 - [STDERR_REDIRECT] 	at java.desktop/java.beans.PropertyChangeSupport.fire(PropertyChangeSupport.java:343)
2026-07-02 23:24:53,935 [ERROR] LogOutputStream:75 - [STDERR_REDIRECT] 	at java.desktop/java.beans.PropertyChangeSupport.firePropertyChange(PropertyChangeSupport.java:335)
2026-07-02 23:24:53,936 [ERROR] LogOutputStream:75 - [STDERR_REDIRECT] 	at java.desktop/java.beans.PropertyChangeSupport.firePropertyChange(PropertyChangeSupport.java:268)
2026-07-02 23:24:53,938 [ERROR] LogOutputStream:75 - [STDERR_REDIRECT] 	at com.st.microxplorer.util.MXPropertyChangeSupport.firePropertyChange(MXPropertyChangeSupport.java:54)
2026-07-02 23:24:53,939 [ERROR] LogOutputStream:75 - [STDERR_REDIRECT] 	at com.st.microxplorer.mxsystem.MxSystem.firePropertyChange(MxSystem.java:357)
2026-07-02 23:24:53,940 [ERROR] LogOutputStream:75 - [STDERR_REDIRECT] 	at com.st.microxplorer.plugins.pinoutconfig.guiV5.PeripheralsSelectionPanel.selectIP(PeripheralsSelectionPanel.java:409)
2026-07-02 23:24:53,942 [ERROR] LogOutputStream:75 - [STDERR_REDIRECT] 	at com.st.microxplorer.plugins.pinoutconfig.guiV5.PeripheralsListListener.mouseClicked(PeripheralsListListener.java:103)
2026-07-02 23:24:53,943 [ERROR] LogOutputStream:75 - [STDERR_REDIRECT] 	at java.desktop/java.awt.AWTEventMulticaster.mouseClicked(AWTEventMulticaster.java:278)
2026-07-02 23:24:53,944 [ERROR] LogOutputStream:75 - [STDERR_REDIRECT] 	at java.desktop/java.awt.Component.processMouseEvent(Component.java:6624)
2026-07-02 23:24:53,945 [ERROR] LogOutputStream:75 - [STDERR_REDIRECT] 	at java.desktop/javax.swing.JComponent.processMouseEvent(JComponent.java:3398)
2026-07-02 23:24:53,946 [ERROR] LogOutputStream:75 - [STDERR_REDIRECT] 	at java.desktop/java.awt.Component.processEvent(Component.java:6386)
2026-07-02 23:24:53,947 [ERROR] LogOutputStream:75 - [STDERR_REDIRECT] 	at java.desktop/java.awt.Container.processEvent(Container.java:2266)
2026-07-02 23:24:53,948 [ERROR] LogOutputStream:75 - [STDERR_REDIRECT] 	at java.desktop/java.awt.Component.dispatchEventImpl(Component.java:4996)
2026-07-02 23:24:53,949 [ERROR] LogOutputStream:75 - [STDERR_REDIRECT] 	at java.desktop/java.awt.Container.dispatchEventImpl(Container.java:2324)
2026-07-02 23:24:53,950 [ERROR] LogOutputStream:75 - [STDERR_REDIRECT] 	at java.desktop/java.awt.Component.dispatchEvent(Component.java:4828)
2026-07-02 23:24:53,951 [ERROR] LogOutputStream:75 - [STDERR_REDIRECT] 	at java.desktop/java.awt.LightweightDispatcher.retargetMouseEvent(Container.java:4948)
2026-07-02 23:24:53,952 [ERROR] LogOutputStream:75 - [STDERR_REDIRECT] 	at java.desktop/java.awt.LightweightDispatcher.processMouseEvent(Container.java:4584)
2026-07-02 23:24:53,954 [ERROR] LogOutputStream:75 - [STDERR_REDIRECT] 	at java.desktop/java.awt.LightweightDispatcher.dispatchEvent(Container.java:4516)
2026-07-02 23:24:53,955 [ERROR] LogOutputStream:75 - [STDERR_REDIRECT] 	at java.desktop/java.awt.Container.dispatchEventImpl(Container.java:2310)
2026-07-02 23:24:53,956 [ERROR] LogOutputStream:75 - [STDERR_REDIRECT] 	at java.desktop/java.awt.Component.dispatchEvent(Component.java:4828)
2026-07-02 23:24:53,957 [ERROR] LogOutputStream:75 - [STDERR_REDIRECT] 	at java.desktop/java.awt.EventQueue.dispatchEventImpl(EventQueue.java:775)
2026-07-02 23:24:53,958 [ERROR] LogOutputStream:75 - [STDERR_REDIRECT] 	at java.desktop/java.awt.EventQueue$4.run(EventQueue.java:720)
2026-07-02 23:24:53,959 [ERROR] LogOutputStream:75 - [STDERR_REDIRECT] 	at java.desktop/java.awt.EventQueue$4.run(EventQueue.java:714)
2026-07-02 23:24:53,960 [ERROR] LogOutputStream:75 - [STDERR_REDIRECT] 	at java.base/java.security.AccessController.doPrivileged(AccessController.java:400)
2026-07-02 23:24:53,962 [ERROR] LogOutputStream:75 - [STDERR_REDIRECT] 	at java.base/java.security.ProtectionDomain$JavaSecurityAccessImpl.doIntersectionPrivilege(ProtectionDomain.java:87)
2026-07-02 23:24:53,963 [ERROR] LogOutputStream:75 - [STDERR_REDIRECT] 	at java.base/java.security.ProtectionDomain$JavaSecurityAccessImpl.doIntersectionPrivilege(ProtectionDomain.java:98)
2026-07-02 23:24:53,964 [ERROR] LogOutputStream:75 - [STDERR_REDIRECT] 	at java.desktop/java.awt.EventQueue$5.run(EventQueue.java:747)
2026-07-02 23:24:53,965 [ERROR] LogOutputStream:75 - [STDERR_REDIRECT] 	at java.desktop/java.awt.EventQueue$5.run(EventQueue.java:745)
2026-07-02 23:24:53,967 [ERROR] LogOutputStream:75 - [STDERR_REDIRECT] 	at java.base/java.security.AccessController.doPrivileged(AccessController.java:400)
2026-07-02 23:24:53,968 [ERROR] LogOutputStream:75 - [STDERR_REDIRECT] 	at java.base/java.security.ProtectionDomain$JavaSecurityAccessImpl.doIntersectionPrivilege(ProtectionDomain.java:87)
2026-07-02 23:24:53,970 [ERROR] LogOutputStream:75 - [STDERR_REDIRECT] 	at java.desktop/java.awt.EventQueue.dispatchEvent(EventQueue.java:744)
2026-07-02 23:24:53,971 [ERROR] LogOutputStream:75 - [STDERR_REDIRECT] 	at java.desktop/java.awt.EventDispatchThread.pumpOneEventForFilters(EventDispatchThread.java:203)
2026-07-02 23:24:53,973 [ERROR] LogOutputStream:75 - [STDERR_REDIRECT] 	at java.desktop/java.awt.EventDispatchThread.pumpEventsForFilter(EventDispatchThread.java:124)
2026-07-02 23:24:53,974 [ERROR] LogOutputStream:75 - [STDERR_REDIRECT] 	at java.desktop/java.awt.EventDispatchThread.pumpEventsForHierarchy(EventDispatchThread.java:113)
2026-07-02 23:24:53,976 [ERROR] LogOutputStream:75 - [STDERR_REDIRECT] 	at java.desktop/java.awt.EventDispatchThread.pumpEvents(EventDispatchThread.java:109)
2026-07-02 23:24:53,977 [ERROR] LogOutputStream:75 - [STDERR_REDIRECT] 	at java.desktop/java.awt.EventDispatchThread.pumpEvents(EventDispatchThread.java:101)
2026-07-02 23:24:53,978 [ERROR] LogOutputStream:75 - [STDERR_REDIRECT] 	at java.desktop/java.awt.EventDispatchThread.run(EventDispatchThread.java:90)
2026-07-02 23:24:53,984 [ERROR] LogOutputStream:75 - [STDERR_REDIRECT] java.lang.Error: no ComponentUI class for: com.st.microxplorer.plugins.ip.nvic.CheckBoxHeader[,0,0,0x0,invalid,alignmentX=0.0,alignmentY=0.0,border=,flags=0,maximumSize=,minimumSize=,preferredSize=,defaultIcon=,disabledIcon=,disabledSelectedIcon=,margin=null,paintBorder=true,paintFocus=true,pressedIcon=,rolloverEnabled=false,rolloverIcon=,rolloverSelectedIcon=,selectedIcon=,text=]
2026-07-02 23:24:53,985 [ERROR] LogOutputStream:75 - [STDERR_REDIRECT] 	at java.desktop/javax.swing.UIDefaults.getUIError(UIDefaults.java:763)
2026-07-02 23:24:53,986 [ERROR] LogOutputStream:75 - [STDERR_REDIRECT] 	at java.desktop/javax.swing.MultiUIDefaults.getUIError(MultiUIDefaults.java:144)
2026-07-02 23:24:53,987 [ERROR] LogOutputStream:75 - [STDERR_REDIRECT] 	at java.desktop/javax.swing.UIDefaults.getUI(UIDefaults.java:793)
2026-07-02 23:24:53,989 [ERROR] LogOutputStream:75 - [STDERR_REDIRECT] 	at java.desktop/javax.swing.UIManager.getUI(UIManager.java:1070)
2026-07-02 23:24:53,990 [ERROR] LogOutputStream:75 - [STDERR_REDIRECT] 	at java.desktop/javax.swing.JCheckBox.updateUI(JCheckBox.java:228)
2026-07-02 23:24:53,991 [ERROR] LogOutputStream:75 - [STDERR_REDIRECT] 	at java.desktop/javax.swing.AbstractButton.init(AbstractButton.java:2141)
2026-07-02 23:24:53,992 [ERROR] LogOutputStream:75 - [STDERR_REDIRECT] 	at java.desktop/javax.swing.JToggleButton.<init>(JToggleButton.java:187)
2026-07-02 23:24:53,992 [ERROR] LogOutputStream:75 - [STDERR_REDIRECT] 	at java.desktop/javax.swing.JCheckBox.<init>(JCheckBox.java:176)
2026-07-02 23:24:53,993 [ERROR] LogOutputStream:75 - [STDERR_REDIRECT] 	at java.desktop/javax.swing.JCheckBox.<init>(JCheckBox.java:97)
2026-07-02 23:24:53,994 [ERROR] LogOutputStream:75 - [STDERR_REDIRECT] 	at com.st.microxplorer.plugins.ip.nvic.CheckBoxHeader.<init>(CheckBoxHeader.java:55)
2026-07-02 23:24:53,996 [ERROR] LogOutputStream:75 - [STDERR_REDIRECT] 	at com.st.microxplorer.plugins.ip.nvic.NvicCodeSelectionTable.<init>(NvicCodeSelectionTable.java:78)
2026-07-02 23:24:53,997 [ERROR] LogOutputStream:75 - [STDERR_REDIRECT] 	at com.st.microxplorer.plugins.ip.nvic.NvicCodePanel.initComponents(NvicCodePanel.java:102)
2026-07-02 23:24:53,998 [ERROR] LogOutputStream:75 - [STDERR_REDIRECT] 	at com.st.microxplorer.plugins.ip.nvic.NvicCodePanel.<init>(NvicCodePanel.java:78)
2026-07-02 23:24:53,999 [ERROR] LogOutputStream:75 - [STDERR_REDIRECT] 	at com.st.microxplorer.plugins.ip.nvic.NvicTabbedPanel.<init>(NvicTabbedPanel.java:57)
2026-07-02 23:24:54,000 [ERROR] LogOutputStream:75 - [STDERR_REDIRECT] 	at com.st.microxplorer.plugins.ip.nvic.Nvic.getUI(Nvic.java:73)
2026-07-02 23:24:54,001 [ERROR] LogOutputStream:75 - [STDERR_REDIRECT] 	at com.st.microxplorer.plugins.ipmanager.gui.BlockDiagram.createIpPanel(BlockDiagram.java:402)
2026-07-02 23:24:54,002 [ERROR] LogOutputStream:75 - [STDERR_REDIRECT] 	at com.st.microxplorer.plugins.ipmanager.gui.BlockDiagram.getIPConfigPanel(BlockDiagram.java:552)
2026-07-02 23:24:54,004 [ERROR] LogOutputStream:75 - [STDERR_REDIRECT] 	at com.st.microxplorer.plugins.ipmanager.gui.BlockDiagram.getIPConfigPanel(BlockDiagram.java:458)
2026-07-02 23:24:54,005 [ERROR] LogOutputStream:75 - [STDERR_REDIRECT] 	at com.st.microxplorer.plugins.ipmanager.gui.BlockDiagram.propertyChange(BlockDiagram.java:1389)
2026-07-02 23:24:54,006 [ERROR] LogOutputStream:75 - [STDERR_REDIRECT] 	at java.desktop/java.beans.PropertyChangeSupport.fire(PropertyChangeSupport.java:343)
2026-07-02 23:24:54,008 [ERROR] LogOutputStream:75 - [STDERR_REDIRECT] 	at java.desktop/java.beans.PropertyChangeSupport.firePropertyChange(PropertyChangeSupport.java:335)
2026-07-02 23:24:54,009 [ERROR] LogOutputStream:75 - [STDERR_REDIRECT] 	at java.desktop/java.beans.PropertyChangeSupport.firePropertyChange(PropertyChangeSupport.java:268)
2026-07-02 23:24:54,010 [ERROR] LogOutputStream:75 - [STDERR_REDIRECT] 	at com.st.microxplorer.util.MXPropertyChangeSupport.firePropertyChange(MXPropertyChangeSupport.java:54)
2026-07-02 23:24:54,011 [ERROR] LogOutputStream:75 - [STDERR_REDIRECT] 	at com.st.microxplorer.mxsystem.MxSystem.firePropertyChange(MxSystem.java:357)
2026-07-02 23:24:54,013 [ERROR] LogOutputStream:75 - [STDERR_REDIRECT] 	at com.st.microxplorer.plugins.pinoutconfig.guiV5.PeripheralsSelectionPanel.selectIP(PeripheralsSelectionPanel.java:409)
2026-07-02 23:24:54,014 [ERROR] LogOutputStream:75 - [STDERR_REDIRECT] 	at com.st.microxplorer.plugins.pinoutconfig.guiV5.PeripheralsListListener.mouseClicked(PeripheralsListListener.java:103)
2026-07-02 23:24:54,015 [ERROR] LogOutputStream:75 - [STDERR_REDIRECT] 	at java.desktop/java.awt.AWTEventMulticaster.mouseClicked(AWTEventMulticaster.java:278)
2026-07-02 23:24:54,016 [ERROR] LogOutputStream:75 - [STDERR_REDIRECT] 	at java.desktop/java.awt.Component.processMouseEvent(Component.java:6624)
2026-07-02 23:24:54,017 [ERROR] LogOutputStream:75 - [STDERR_REDIRECT] 	at java.desktop/javax.swing.JComponent.processMouseEvent(JComponent.java:3398)
2026-07-02 23:24:54,018 [ERROR] LogOutputStream:75 - [STDERR_REDIRECT] 	at java.desktop/java.awt.Component.processEvent(Component.java:6386)
2026-07-02 23:24:54,019 [ERROR] LogOutputStream:75 - [STDERR_REDIRECT] 	at java.desktop/java.awt.Container.processEvent(Container.java:2266)
2026-07-02 23:24:54,021 [ERROR] LogOutputStream:75 - [STDERR_REDIRECT] 	at java.desktop/java.awt.Component.dispatchEventImpl(Component.java:4996)
2026-07-02 23:24:54,023 [ERROR] LogOutputStream:75 - [STDERR_REDIRECT] 	at java.desktop/java.awt.Container.dispatchEventImpl(Container.java:2324)
2026-07-02 23:24:54,025 [ERROR] LogOutputStream:75 - [STDERR_REDIRECT] 	at java.desktop/java.awt.Component.dispatchEvent(Component.java:4828)
2026-07-02 23:24:54,027 [ERROR] LogOutputStream:75 - [STDERR_REDIRECT] 	at java.desktop/java.awt.LightweightDispatcher.retargetMouseEvent(Container.java:4948)
2026-07-02 23:24:54,028 [ERROR] LogOutputStream:75 - [STDERR_REDIRECT] 	at java.desktop/java.awt.LightweightDispatcher.processMouseEvent(Container.java:4584)
2026-07-02 23:24:54,030 [ERROR] LogOutputStream:75 - [STDERR_REDIRECT] 	at java.desktop/java.awt.LightweightDispatcher.dispatchEvent(Container.java:4516)
2026-07-02 23:24:54,031 [ERROR] LogOutputStream:75 - [STDERR_REDIRECT] 	at java.desktop/java.awt.Container.dispatchEventImpl(Container.java:2310)
2026-07-02 23:24:54,031 [ERROR] LogOutputStream:75 - [STDERR_REDIRECT] 	at java.desktop/java.awt.Component.dispatchEvent(Component.java:4828)
2026-07-02 23:24:54,032 [ERROR] LogOutputStream:75 - [STDERR_REDIRECT] 	at java.desktop/java.awt.EventQueue.dispatchEventImpl(EventQueue.java:775)
2026-07-02 23:24:54,033 [ERROR] LogOutputStream:75 - [STDERR_REDIRECT] 	at java.desktop/java.awt.EventQueue$4.run(EventQueue.java:720)
2026-07-02 23:24:54,034 [ERROR] LogOutputStream:75 - [STDERR_REDIRECT] 	at java.desktop/java.awt.EventQueue$4.run(EventQueue.java:714)
2026-07-02 23:24:54,035 [ERROR] LogOutputStream:75 - [STDERR_REDIRECT] 	at java.base/java.security.AccessController.doPrivileged(AccessController.java:400)
2026-07-02 23:24:54,037 [ERROR] LogOutputStream:75 - [STDERR_REDIRECT] 	at java.base/java.security.ProtectionDomain$JavaSecurityAccessImpl.doIntersectionPrivilege(ProtectionDomain.java:87)
2026-07-02 23:24:54,039 [ERROR] LogOutputStream:75 - [STDERR_REDIRECT] 	at java.base/java.security.ProtectionDomain$JavaSecurityAccessImpl.doIntersectionPrivilege(ProtectionDomain.java:98)
2026-07-02 23:24:54,039 [ERROR] LogOutputStream:75 - [STDERR_REDIRECT] 	at java.desktop/java.awt.EventQueue$5.run(EventQueue.java:747)
2026-07-02 23:24:54,040 [ERROR] LogOutputStream:75 - [STDERR_REDIRECT] 	at java.desktop/java.awt.EventQueue$5.run(EventQueue.java:745)
2026-07-02 23:24:54,041 [ERROR] LogOutputStream:75 - [STDERR_REDIRECT] 	at java.base/java.security.AccessController.doPrivileged(AccessController.java:400)
2026-07-02 23:24:54,043 [ERROR] LogOutputStream:75 - [STDERR_REDIRECT] 	at java.base/java.security.ProtectionDomain$JavaSecurityAccessImpl.doIntersectionPrivilege(ProtectionDomain.java:87)
2026-07-02 23:24:54,044 [ERROR] LogOutputStream:75 - [STDERR_REDIRECT] 	at java.desktop/java.awt.EventQueue.dispatchEvent(EventQueue.java:744)
2026-07-02 23:24:54,045 [ERROR] LogOutputStream:75 - [STDERR_REDIRECT] 	at java.desktop/java.awt.EventDispatchThread.pumpOneEventForFilters(EventDispatchThread.java:203)
2026-07-02 23:24:54,046 [ERROR] LogOutputStream:75 - [STDERR_REDIRECT] 	at java.desktop/java.awt.EventDispatchThread.pumpEventsForFilter(EventDispatchThread.java:124)
2026-07-02 23:24:54,047 [ERROR] LogOutputStream:75 - [STDERR_REDIRECT] 	at java.desktop/java.awt.EventDispatchThread.pumpEventsForHierarchy(EventDispatchThread.java:113)
2026-07-02 23:24:54,048 [ERROR] LogOutputStream:75 - [STDERR_REDIRECT] 	at java.desktop/java.awt.EventDispatchThread.pumpEvents(EventDispatchThread.java:109)
2026-07-02 23:24:54,049 [ERROR] LogOutputStream:75 - [STDERR_REDIRECT] 	at java.desktop/java.awt.EventDispatchThread.pumpEvents(EventDispatchThread.java:101)
2026-07-02 23:24:54,060 [ERROR] LogOutputStream:75 - [STDERR_REDIRECT] 	at java.desktop/java.awt.EventDispatchThread.run(EventDispatchThread.java:90)
2026-07-02 23:25:11,152 [ERROR] LogOutputStream:75 - [STDERR_REDIRECT] java.lang.Error: no ComponentUI class for: com.st.microxplorer.plugins.ip.nvic.CheckBoxHeader[,0,0,0x0,invalid,alignmentX=0.0,alignmentY=0.0,border=,flags=0,maximumSize=,minimumSize=,preferredSize=,defaultIcon=,disabledIcon=,disabledSelectedIcon=,margin=null,paintBorder=true,paintFocus=true,pressedIcon=,rolloverEnabled=false,rolloverIcon=,rolloverSelectedIcon=,selectedIcon=,text=]
2026-07-02 23:25:11,154 [ERROR] LogOutputStream:75 - [STDERR_REDIRECT] 	at java.desktop/javax.swing.UIDefaults.getUIError(UIDefaults.java:763)
2026-07-02 23:25:11,155 [ERROR] LogOutputStream:75 - [STDERR_REDIRECT] 	at java.desktop/javax.swing.MultiUIDefaults.getUIError(MultiUIDefaults.java:144)
2026-07-02 23:25:11,156 [ERROR] LogOutputStream:75 - [STDERR_REDIRECT] 	at java.desktop/javax.swing.UIDefaults.getUI(UIDefaults.java:793)
2026-07-02 23:25:11,157 [ERROR] LogOutputStream:75 - [STDERR_REDIRECT] 	at java.desktop/javax.swing.UIManager.getUI(UIManager.java:1070)
2026-07-02 23:25:11,158 [ERROR] LogOutputStream:75 - [STDERR_REDIRECT] 	at java.desktop/javax.swing.JCheckBox.updateUI(JCheckBox.java:228)
2026-07-02 23:25:11,158 [ERROR] LogOutputStream:75 - [STDERR_REDIRECT] 	at java.desktop/javax.swing.AbstractButton.init(AbstractButton.java:2141)
2026-07-02 23:25:11,159 [ERROR] LogOutputStream:75 - [STDERR_REDIRECT] 	at java.desktop/javax.swing.JToggleButton.<init>(JToggleButton.java:187)
2026-07-02 23:25:11,160 [ERROR] LogOutputStream:75 - [STDERR_REDIRECT] 	at java.desktop/javax.swing.JCheckBox.<init>(JCheckBox.java:176)
2026-07-02 23:25:11,161 [ERROR] LogOutputStream:75 - [STDERR_REDIRECT] 	at java.desktop/javax.swing.JCheckBox.<init>(JCheckBox.java:97)
2026-07-02 23:25:11,162 [ERROR] LogOutputStream:75 - [STDERR_REDIRECT] 	at com.st.microxplorer.plugins.ip.nvic.CheckBoxHeader.<init>(CheckBoxHeader.java:55)
2026-07-02 23:25:11,163 [ERROR] LogOutputStream:75 - [STDERR_REDIRECT] 	at com.st.microxplorer.plugins.ip.nvic.NvicCodeSelectionTable.<init>(NvicCodeSelectionTable.java:75)
2026-07-02 23:25:11,165 [ERROR] LogOutputStream:75 - [STDERR_REDIRECT] 	at com.st.microxplorer.plugins.ip.nvic.NvicCodePanel.initComponents(NvicCodePanel.java:102)
2026-07-02 23:25:11,166 [ERROR] LogOutputStream:75 - [STDERR_REDIRECT] 	at com.st.microxplorer.plugins.ip.nvic.NvicCodePanel.<init>(NvicCodePanel.java:78)
2026-07-02 23:25:11,167 [ERROR] LogOutputStream:75 - [STDERR_REDIRECT] 	at com.st.microxplorer.plugins.ip.nvic.NvicTabbedPanel.<init>(NvicTabbedPanel.java:57)
2026-07-02 23:25:11,168 [ERROR] LogOutputStream:75 - [STDERR_REDIRECT] 	at com.st.microxplorer.plugins.ip.nvic.Nvic.getUI(Nvic.java:73)
2026-07-02 23:25:11,169 [ERROR] LogOutputStream:75 - [STDERR_REDIRECT] 	at com.st.microxplorer.plugins.ipmanager.gui.BlockDiagram.createIpPanel(BlockDiagram.java:402)
2026-07-02 23:25:11,170 [ERROR] LogOutputStream:75 - [STDERR_REDIRECT] 	at com.st.microxplorer.plugins.ipmanager.gui.BlockDiagram.getIPConfigPanel(BlockDiagram.java:552)
2026-07-02 23:25:11,172 [ERROR] LogOutputStream:75 - [STDERR_REDIRECT] 	at com.st.microxplorer.plugins.ipmanager.gui.BlockDiagram.getIPConfigPanel(BlockDiagram.java:458)
2026-07-02 23:25:11,173 [ERROR] LogOutputStream:75 - [STDERR_REDIRECT] 	at com.st.microxplorer.plugins.ipmanager.gui.BlockDiagram.propertyChange(BlockDiagram.java:1389)
2026-07-02 23:25:11,174 [ERROR] LogOutputStream:75 - [STDERR_REDIRECT] 	at java.desktop/java.beans.PropertyChangeSupport.fire(PropertyChangeSupport.java:343)
2026-07-02 23:25:11,175 [ERROR] LogOutputStream:75 - [STDERR_REDIRECT] 	at java.desktop/java.beans.PropertyChangeSupport.firePropertyChange(PropertyChangeSupport.java:335)
2026-07-02 23:25:11,176 [ERROR] LogOutputStream:75 - [STDERR_REDIRECT] 	at java.desktop/java.beans.PropertyChangeSupport.firePropertyChange(PropertyChangeSupport.java:268)
2026-07-02 23:25:11,178 [ERROR] LogOutputStream:75 - [STDERR_REDIRECT] 	at com.st.microxplorer.util.MXPropertyChangeSupport.firePropertyChange(MXPropertyChangeSupport.java:54)
2026-07-02 23:25:11,179 [ERROR] LogOutputStream:75 - [STDERR_REDIRECT] 	at com.st.microxplorer.mxsystem.MxSystem.firePropertyChange(MxSystem.java:357)
2026-07-02 23:25:11,180 [ERROR] LogOutputStream:75 - [STDERR_REDIRECT] 	at com.st.microxplorer.plugins.pinoutconfig.guiV5.PeripheralsSelectionPanel.selectIP(PeripheralsSelectionPanel.java:409)
2026-07-02 23:25:11,182 [ERROR] LogOutputStream:75 - [STDERR_REDIRECT] 	at com.st.microxplorer.plugins.pinoutconfig.guiV5.PeripheralsListListener.mouseClicked(PeripheralsListListener.java:103)
2026-07-02 23:25:11,183 [ERROR] LogOutputStream:75 - [STDERR_REDIRECT] 	at java.desktop/java.awt.AWTEventMulticaster.mouseClicked(AWTEventMulticaster.java:278)
2026-07-02 23:25:11,184 [ERROR] LogOutputStream:75 - [STDERR_REDIRECT] 	at java.desktop/java.awt.Component.processMouseEvent(Component.java:6624)
2026-07-02 23:25:11,185 [ERROR] LogOutputStream:75 - [STDERR_REDIRECT] 	at java.desktop/javax.swing.JComponent.processMouseEvent(JComponent.java:3398)
2026-07-02 23:25:11,186 [ERROR] LogOutputStream:75 - [STDERR_REDIRECT] 	at java.desktop/java.awt.Component.processEvent(Component.java:6386)
2026-07-02 23:25:11,187 [ERROR] LogOutputStream:75 - [STDERR_REDIRECT] 	at java.desktop/java.awt.Container.processEvent(Container.java:2266)
2026-07-02 23:25:11,188 [ERROR] LogOutputStream:75 - [STDERR_REDIRECT] 	at java.desktop/java.awt.Component.dispatchEventImpl(Component.java:4996)
2026-07-02 23:25:11,189 [ERROR] LogOutputStream:75 - [STDERR_REDIRECT] 	at java.desktop/java.awt.Container.dispatchEventImpl(Container.java:2324)
2026-07-02 23:25:11,190 [ERROR] LogOutputStream:75 - [STDERR_REDIRECT] 	at java.desktop/java.awt.Component.dispatchEvent(Component.java:4828)
2026-07-02 23:25:11,191 [ERROR] LogOutputStream:75 - [STDERR_REDIRECT] 	at java.desktop/java.awt.LightweightDispatcher.retargetMouseEvent(Container.java:4948)
2026-07-02 23:25:11,192 [ERROR] LogOutputStream:75 - [STDERR_REDIRECT] 	at java.desktop/java.awt.LightweightDispatcher.processMouseEvent(Container.java:4584)
2026-07-02 23:25:11,193 [ERROR] LogOutputStream:75 - [STDERR_REDIRECT] 	at java.desktop/java.awt.LightweightDispatcher.dispatchEvent(Container.java:4516)
2026-07-02 23:25:11,194 [ERROR] LogOutputStream:75 - [STDERR_REDIRECT] 	at java.desktop/java.awt.Container.dispatchEventImpl(Container.java:2310)
2026-07-02 23:25:11,195 [ERROR] LogOutputStream:75 - [STDERR_REDIRECT] 	at java.desktop/java.awt.Component.dispatchEvent(Component.java:4828)
2026-07-02 23:25:11,196 [ERROR] LogOutputStream:75 - [STDERR_REDIRECT] 	at java.desktop/java.awt.EventQueue.dispatchEventImpl(EventQueue.java:775)
2026-07-02 23:25:11,197 [ERROR] LogOutputStream:75 - [STDERR_REDIRECT] 	at java.desktop/java.awt.EventQueue$4.run(EventQueue.java:720)
2026-07-02 23:25:11,198 [ERROR] LogOutputStream:75 - [STDERR_REDIRECT] 	at java.desktop/java.awt.EventQueue$4.run(EventQueue.java:714)
2026-07-02 23:25:11,199 [ERROR] LogOutputStream:75 - [STDERR_REDIRECT] 	at java.base/java.security.AccessController.doPrivileged(AccessController.java:400)
2026-07-02 23:25:11,200 [ERROR] LogOutputStream:75 - [STDERR_REDIRECT] 	at java.base/java.security.ProtectionDomain$JavaSecurityAccessImpl.doIntersectionPrivilege(ProtectionDomain.java:87)
2026-07-02 23:25:11,202 [ERROR] LogOutputStream:75 - [STDERR_REDIRECT] 	at java.base/java.security.ProtectionDomain$JavaSecurityAccessImpl.doIntersectionPrivilege(ProtectionDomain.java:98)
2026-07-02 23:25:11,203 [ERROR] LogOutputStream:75 - [STDERR_REDIRECT] 	at java.desktop/java.awt.EventQueue$5.run(EventQueue.java:747)
2026-07-02 23:25:11,204 [ERROR] LogOutputStream:75 - [STDERR_REDIRECT] 	at java.desktop/java.awt.EventQueue$5.run(EventQueue.java:745)
2026-07-02 23:25:11,205 [ERROR] LogOutputStream:75 - [STDERR_REDIRECT] 	at java.base/java.security.AccessController.doPrivileged(AccessController.java:400)
2026-07-02 23:25:11,206 [ERROR] LogOutputStream:75 - [STDERR_REDIRECT] 	at java.base/java.security.ProtectionDomain$JavaSecurityAccessImpl.doIntersectionPrivilege(ProtectionDomain.java:87)
2026-07-02 23:25:11,207 [ERROR] LogOutputStream:75 - [STDERR_REDIRECT] 	at java.desktop/java.awt.EventQueue.dispatchEvent(EventQueue.java:744)
2026-07-02 23:25:11,209 [ERROR] LogOutputStream:75 - [STDERR_REDIRECT] 	at java.desktop/java.awt.EventDispatchThread.pumpOneEventForFilters(EventDispatchThread.java:203)
2026-07-02 23:25:11,210 [ERROR] LogOutputStream:75 - [STDERR_REDIRECT] 	at java.desktop/java.awt.EventDispatchThread.pumpEventsForFilter(EventDispatchThread.java:124)
2026-07-02 23:25:11,211 [ERROR] LogOutputStream:75 - [STDERR_REDIRECT] 	at java.desktop/java.awt.EventDispatchThread.pumpEventsForHierarchy(EventDispatchThread.java:113)
2026-07-02 23:25:11,212 [ERROR] LogOutputStream:75 - [STDERR_REDIRECT] 	at java.desktop/java.awt.EventDispatchThread.pumpEvents(EventDispatchThread.java:109)
2026-07-02 23:25:11,213 [ERROR] LogOutputStream:75 - [STDERR_REDIRECT] 	at java.desktop/java.awt.EventDispatchThread.pumpEvents(EventDispatchThread.java:101)
2026-07-02 23:25:11,214 [ERROR] LogOutputStream:75 - [STDERR_REDIRECT] 	at java.desktop/java.awt.EventDispatchThread.run(EventDispatchThread.java:90)
2026-07-02 23:25:11,219 [ERROR] LogOutputStream:75 - [STDERR_REDIRECT] java.lang.Error: no ComponentUI class for: com.st.microxplorer.plugins.ip.nvic.CheckBoxHeader[,0,0,0x0,invalid,alignmentX=0.0,alignmentY=0.0,border=,flags=0,maximumSize=,minimumSize=,preferredSize=,defaultIcon=,disabledIcon=,disabledSelectedIcon=,margin=null,paintBorder=true,paintFocus=true,pressedIcon=,rolloverEnabled=false,rolloverIcon=,rolloverSelectedIcon=,selectedIcon=,text=]
2026-07-02 23:25:11,220 [ERROR] LogOutputStream:75 - [STDERR_REDIRECT] 	at java.desktop/javax.swing.UIDefaults.getUIError(UIDefaults.java:763)
2026-07-02 23:25:11,221 [ERROR] LogOutputStream:75 - [STDERR_REDIRECT] 	at java.desktop/javax.swing.MultiUIDefaults.getUIError(MultiUIDefaults.java:144)
2026-07-02 23:25:11,222 [ERROR] LogOutputStream:75 - [STDERR_REDIRECT] 	at java.desktop/javax.swing.UIDefaults.getUI(UIDefaults.java:793)
2026-07-02 23:25:11,223 [ERROR] LogOutputStream:75 - [STDERR_REDIRECT] 	at java.desktop/javax.swing.UIManager.getUI(UIManager.java:1070)
2026-07-02 23:25:11,224 [ERROR] LogOutputStream:75 - [STDERR_REDIRECT] 	at java.desktop/javax.swing.JCheckBox.updateUI(JCheckBox.java:228)
2026-07-02 23:25:11,225 [ERROR] LogOutputStream:75 - [STDERR_REDIRECT] 	at java.desktop/javax.swing.AbstractButton.init(AbstractButton.java:2141)
2026-07-02 23:25:11,226 [ERROR] LogOutputStream:75 - [STDERR_REDIRECT] 	at java.desktop/javax.swing.JToggleButton.<init>(JToggleButton.java:187)
2026-07-02 23:25:11,227 [ERROR] LogOutputStream:75 - [STDERR_REDIRECT] 	at java.desktop/javax.swing.JCheckBox.<init>(JCheckBox.java:176)
2026-07-02 23:25:11,228 [ERROR] LogOutputStream:75 - [STDERR_REDIRECT] 	at java.desktop/javax.swing.JCheckBox.<init>(JCheckBox.java:97)
2026-07-02 23:25:11,229 [ERROR] LogOutputStream:75 - [STDERR_REDIRECT] 	at com.st.microxplorer.plugins.ip.nvic.CheckBoxHeader.<init>(CheckBoxHeader.java:55)
2026-07-02 23:25:11,230 [ERROR] LogOutputStream:75 - [STDERR_REDIRECT] 	at com.st.microxplorer.plugins.ip.nvic.NvicCodeSelectionTable.<init>(NvicCodeSelectionTable.java:78)
2026-07-02 23:25:11,231 [ERROR] LogOutputStream:75 - [STDERR_REDIRECT] 	at com.st.microxplorer.plugins.ip.nvic.NvicCodePanel.initComponents(NvicCodePanel.java:102)
2026-07-02 23:25:11,232 [ERROR] LogOutputStream:75 - [STDERR_REDIRECT] 	at com.st.microxplorer.plugins.ip.nvic.NvicCodePanel.<init>(NvicCodePanel.java:78)
2026-07-02 23:25:11,234 [ERROR] LogOutputStream:75 - [STDERR_REDIRECT] 	at com.st.microxplorer.plugins.ip.nvic.NvicTabbedPanel.<init>(NvicTabbedPanel.java:57)
2026-07-02 23:25:11,234 [ERROR] LogOutputStream:75 - [STDERR_REDIRECT] 	at com.st.microxplorer.plugins.ip.nvic.Nvic.getUI(Nvic.java:73)
2026-07-02 23:25:11,236 [ERROR] LogOutputStream:75 - [STDERR_REDIRECT] 	at com.st.microxplorer.plugins.ipmanager.gui.BlockDiagram.createIpPanel(BlockDiagram.java:402)
2026-07-02 23:25:11,237 [ERROR] LogOutputStream:75 - [STDERR_REDIRECT] 	at com.st.microxplorer.plugins.ipmanager.gui.BlockDiagram.getIPConfigPanel(BlockDiagram.java:552)
2026-07-02 23:25:11,239 [ERROR] LogOutputStream:75 - [STDERR_REDIRECT] 	at com.st.microxplorer.plugins.ipmanager.gui.BlockDiagram.getIPConfigPanel(BlockDiagram.java:458)
2026-07-02 23:25:11,240 [ERROR] LogOutputStream:75 - [STDERR_REDIRECT] 	at com.st.microxplorer.plugins.ipmanager.gui.BlockDiagram.propertyChange(BlockDiagram.java:1389)
2026-07-02 23:25:11,241 [ERROR] LogOutputStream:75 - [STDERR_REDIRECT] 	at java.desktop/java.beans.PropertyChangeSupport.fire(PropertyChangeSupport.java:343)
2026-07-02 23:25:11,242 [ERROR] LogOutputStream:75 - [STDERR_REDIRECT] 	at java.desktop/java.beans.PropertyChangeSupport.firePropertyChange(PropertyChangeSupport.java:335)
2026-07-02 23:25:11,244 [ERROR] LogOutputStream:75 - [STDERR_REDIRECT] 	at java.desktop/java.beans.PropertyChangeSupport.firePropertyChange(PropertyChangeSupport.java:268)
2026-07-02 23:25:11,245 [ERROR] LogOutputStream:75 - [STDERR_REDIRECT] 	at com.st.microxplorer.util.MXPropertyChangeSupport.firePropertyChange(MXPropertyChangeSupport.java:54)
2026-07-02 23:25:11,246 [ERROR] LogOutputStream:75 - [STDERR_REDIRECT] 	at com.st.microxplorer.mxsystem.MxSystem.firePropertyChange(MxSystem.java:357)
2026-07-02 23:25:11,248 [ERROR] LogOutputStream:75 - [STDERR_REDIRECT] 	at com.st.microxplorer.plugins.pinoutconfig.guiV5.PeripheralsSelectionPanel.selectIP(PeripheralsSelectionPanel.java:409)
2026-07-02 23:25:11,249 [ERROR] LogOutputStream:75 - [STDERR_REDIRECT] 	at com.st.microxplorer.plugins.pinoutconfig.guiV5.PeripheralsListListener.mouseClicked(PeripheralsListListener.java:103)
2026-07-02 23:25:11,250 [ERROR] LogOutputStream:75 - [STDERR_REDIRECT] 	at java.desktop/java.awt.AWTEventMulticaster.mouseClicked(AWTEventMulticaster.java:278)
2026-07-02 23:25:11,251 [ERROR] LogOutputStream:75 - [STDERR_REDIRECT] 	at java.desktop/java.awt.Component.processMouseEvent(Component.java:6624)
2026-07-02 23:25:11,252 [ERROR] LogOutputStream:75 - [STDERR_REDIRECT] 	at java.desktop/javax.swing.JComponent.processMouseEvent(JComponent.java:3398)
2026-07-02 23:25:11,253 [ERROR] LogOutputStream:75 - [STDERR_REDIRECT] 	at java.desktop/java.awt.Component.processEvent(Component.java:6386)
2026-07-02 23:25:11,254 [ERROR] LogOutputStream:75 - [STDERR_REDIRECT] 	at java.desktop/java.awt.Container.processEvent(Container.java:2266)
2026-07-02 23:25:11,255 [ERROR] LogOutputStream:75 - [STDERR_REDIRECT] 	at java.desktop/java.awt.Component.dispatchEventImpl(Component.java:4996)
2026-07-02 23:25:11,256 [ERROR] LogOutputStream:75 - [STDERR_REDIRECT] 	at java.desktop/java.awt.Container.dispatchEventImpl(Container.java:2324)
2026-07-02 23:25:11,257 [ERROR] LogOutputStream:75 - [STDERR_REDIRECT] 	at java.desktop/java.awt.Component.dispatchEvent(Component.java:4828)
2026-07-02 23:25:11,258 [ERROR] LogOutputStream:75 - [STDERR_REDIRECT] 	at java.desktop/java.awt.LightweightDispatcher.retargetMouseEvent(Container.java:4948)
2026-07-02 23:25:11,259 [ERROR] LogOutputStream:75 - [STDERR_REDIRECT] 	at java.desktop/java.awt.LightweightDispatcher.processMouseEvent(Container.java:4584)
2026-07-02 23:25:11,260 [ERROR] LogOutputStream:75 - [STDERR_REDIRECT] 	at java.desktop/java.awt.LightweightDispatcher.dispatchEvent(Container.java:4516)
2026-07-02 23:25:11,261 [ERROR] LogOutputStream:75 - [STDERR_REDIRECT] 	at java.desktop/java.awt.Container.dispatchEventImpl(Container.java:2310)
2026-07-02 23:25:11,262 [ERROR] LogOutputStream:75 - [STDERR_REDIRECT] 	at java.desktop/java.awt.Component.dispatchEvent(Component.java:4828)
2026-07-02 23:25:11,263 [ERROR] LogOutputStream:75 - [STDERR_REDIRECT] 	at java.desktop/java.awt.EventQueue.dispatchEventImpl(EventQueue.java:775)
2026-07-02 23:25:11,264 [ERROR] LogOutputStream:75 - [STDERR_REDIRECT] 	at java.desktop/java.awt.EventQueue$4.run(EventQueue.java:720)
2026-07-02 23:25:11,265 [ERROR] LogOutputStream:75 - [STDERR_REDIRECT] 	at java.desktop/java.awt.EventQueue$4.run(EventQueue.java:714)
2026-07-02 23:25:11,266 [ERROR] LogOutputStream:75 - [STDERR_REDIRECT] 	at java.base/java.security.AccessController.doPrivileged(AccessController.java:400)
2026-07-02 23:25:11,268 [ERROR] LogOutputStream:75 - [STDERR_REDIRECT] 	at java.base/java.security.ProtectionDomain$JavaSecurityAccessImpl.doIntersectionPrivilege(ProtectionDomain.java:87)
2026-07-02 23:25:11,269 [ERROR] LogOutputStream:75 - [STDERR_REDIRECT] 	at java.base/java.security.ProtectionDomain$JavaSecurityAccessImpl.doIntersectionPrivilege(ProtectionDomain.java:98)
2026-07-02 23:25:11,270 [ERROR] LogOutputStream:75 - [STDERR_REDIRECT] 	at java.desktop/java.awt.EventQueue$5.run(EventQueue.java:747)
2026-07-02 23:25:11,271 [ERROR] LogOutputStream:75 - [STDERR_REDIRECT] 	at java.desktop/java.awt.EventQueue$5.run(EventQueue.java:745)
2026-07-02 23:25:11,272 [ERROR] LogOutputStream:75 - [STDERR_REDIRECT] 	at java.base/java.security.AccessController.doPrivileged(AccessController.java:400)
2026-07-02 23:25:11,274 [ERROR] LogOutputStream:75 - [STDERR_REDIRECT] 	at java.base/java.security.ProtectionDomain$JavaSecurityAccessImpl.doIntersectionPrivilege(ProtectionDomain.java:87)
2026-07-02 23:25:11,275 [ERROR] LogOutputStream:75 - [STDERR_REDIRECT] 	at java.desktop/java.awt.EventQueue.dispatchEvent(EventQueue.java:744)
2026-07-02 23:25:11,276 [ERROR] LogOutputStream:75 - [STDERR_REDIRECT] 	at java.desktop/java.awt.EventDispatchThread.pumpOneEventForFilters(EventDispatchThread.java:203)
2026-07-02 23:25:11,277 [ERROR] LogOutputStream:75 - [STDERR_REDIRECT] 	at java.desktop/java.awt.EventDispatchThread.pumpEventsForFilter(EventDispatchThread.java:124)
2026-07-02 23:25:11,278 [ERROR] LogOutputStream:75 - [STDERR_REDIRECT] 	at java.desktop/java.awt.EventDispatchThread.pumpEventsForHierarchy(EventDispatchThread.java:113)
2026-07-02 23:25:11,279 [ERROR] LogOutputStream:75 - [STDERR_REDIRECT] 	at java.desktop/java.awt.EventDispatchThread.pumpEvents(EventDispatchThread.java:109)
2026-07-02 23:25:11,280 [ERROR] LogOutputStream:75 - [STDERR_REDIRECT] 	at java.desktop/java.awt.EventDispatchThread.pumpEvents(EventDispatchThread.java:101)
2026-07-02 23:25:11,281 [ERROR] LogOutputStream:75 - [STDERR_REDIRECT] 	at java.desktop/java.awt.EventDispatchThread.run(EventDispatchThread.java:90)
2026-07-02 23:25:13,338 [INFO] Gpio:278 - dependency for GPIO [I2C1, RCC, SYS, TIM11, USART2]
2026-07-02 23:25:56,129 [INFO] MainUpdater:2872 - connection check result : 10
2026-07-02 23:25:56,129 [INFO] MainUpdater:2872 - connection check result : 10
2026-07-02 23:25:56,189 [INFO] MicroXplorer:468 - Change Database Path : 
2026-07-02 23:25:56,189 [INFO] MicroXplorer:498 - Change Database Version : DB.6.0.150
2026-07-02 23:25:56,199 [ERROR] ProjectManagerView:395 - 
java.lang.NullPointerException: Cannot invoke "javax.swing.JTextField.getText()" because the return value of "java.util.List.get(int)" is null
	at com.st.microxplorer.plugins.projectmanager.gui.ProjectChoiceTab$9.caretUpdate(ProjectChoiceTab.java:2706) ~[filemanager.jar:?]
	at javax.swing.text.JTextComponent.fireCaretUpdate(JTextComponent.java:408) ~[?:?]
	at javax.swing.text.JTextComponent$MutableCaretEvent.fire(JTextComponent.java:4484) ~[?:?]
	at javax.swing.text.JTextComponent$MutableCaretEvent.stateChanged(JTextComponent.java:4506) ~[?:?]
	at javax.swing.text.DefaultCaret.fireStateChanged(DefaultCaret.java:857) ~[?:?]
	at javax.swing.text.DefaultCaret.changeCaretPosition(DefaultCaret.java:1343) ~[?:?]
	at javax.swing.text.DefaultCaret.handleSetDot(DefaultCaret.java:1242) ~[?:?]
	at javax.swing.text.DefaultCaret.setDot(DefaultCaret.java:1223) ~[?:?]
	at javax.swing.text.DefaultCaret$Handler.insertUpdate(DefaultCaret.java:1819) ~[?:?]
	at javax.swing.text.AbstractDocument.fireInsertUpdate(AbstractDocument.java:227) ~[?:?]
	at javax.swing.text.AbstractDocument.handleInsertString(AbstractDocument.java:781) ~[?:?]
	at javax.swing.text.AbstractDocument.insertString(AbstractDocument.java:740) ~[?:?]
	at javax.swing.text.PlainDocument.insertString(PlainDocument.java:131) ~[?:?]
	at javax.swing.text.AbstractDocument.replace(AbstractDocument.java:699) ~[?:?]
	at javax.swing.text.JTextComponent.setText(JTextComponent.java:1725) ~[?:?]
	at com.st.microxplorer.plugins.projectmanager.gui.ProjectChoiceTab.createHeapStackFields(ProjectChoiceTab.java:993) ~[filemanager.jar:?]
	at com.st.microxplorer.plugins.projectmanager.gui.ProjectChoiceTab.buildLinkSettingsPanel(ProjectChoiceTab.java:3813) ~[filemanager.jar:?]
	at com.st.microxplorer.plugins.projectmanager.gui.ProjectChoiceTab.defineWindowsFields(ProjectChoiceTab.java:1987) ~[filemanager.jar:?]
	at com.st.microxplorer.plugins.projectmanager.gui.ProjectChoiceTab.updateSettings(ProjectChoiceTab.java:558) ~[filemanager.jar:?]
	at com.st.microxplorer.plugins.projectmanager.gui.ProjectSettingsPanel.UpdateDialog(ProjectSettingsPanel.java:247) ~[filemanager.jar:?]
	at com.st.microxplorer.plugins.projectmanager.ProjectManagerView.propertyChange(ProjectManagerView.java:392) ~[filemanager.jar:?]
	at java.beans.PropertyChangeSupport.fire(PropertyChangeSupport.java:343) ~[?:?]
	at java.beans.PropertyChangeSupport.firePropertyChange(PropertyChangeSupport.java:335) ~[?:?]
	at java.beans.PropertyChangeSupport.firePropertyChange(PropertyChangeSupport.java:268) ~[?:?]
	at com.st.microxplorer.util.MXPropertyChangeSupport.firePropertyChange(MXPropertyChangeSupport.java:54) ~[STM32CubeMX.jar:?]
	at com.st.microxplorer.mxsystem.MxSystem.closeConfig(MxSystem.java:899) ~[STM32CubeMX.jar:?]
	at com.st.microxplorer.maingui.MainPanel.closeConfig(MainPanel.java:792) ~[STM32CubeMX.jar:?]
	at com.st.microxplorer.plugins.filemanager.engine.OpenFileManager.loadConfigurationFile(OpenFileManager.java:288) ~[filemanager.jar:?]
	at com.st.microxplorer.plugins.filemanager.engine.MainFileManager.userLoadConfig(MainFileManager.java:364) ~[filemanager.jar:?]
	at com.st.microxplorer.plugins.filemanager.engine.MainFileManager.userLoadConfig(MainFileManager.java:342) ~[filemanager.jar:?]
	at com.st.microxplorer.plugins.filemanager.FileManagerView.getSpecificTask(FileManagerView.java:264) ~[filemanager.jar:?]
	at com.st.stm32cube.common.mx.editor.CubeMxEditor.getMxTabbedPaneInstance(CubeMxEditor.java:1198) ~[com.st.stm32cube.common.mx_6.15.0.202507011659/:?]
	at com.st.stm32cube.common.mx.editor.CubeMxEditor$12$1.createSwingComponent(CubeMxEditor.java:1068) ~[com.st.stm32cube.common.mx_6.15.0.202507011659/:?]
	at com.st.stm32cube.common.mx.oss.core.awtswtbridge.EmbeddedSwingComposite.doComponentCreation(EmbeddedSwingComposite.java:492) ~[com.st.stm32cube.common.mx.oss_6.15.0.202507011659/:?]
	at com.st.stm32cube.common.mx.oss.core.awtswtbridge.EmbeddedSwingComposite$4.run(EmbeddedSwingComposite.java:291) ~[com.st.stm32cube.common.mx.oss_6.15.0.202507011659/:?]
	at com.st.stm32cube.common.mx.oss.core.awtswtbridge.AwtEnvironment$2.run(AwtEnvironment.java:166) ~[com.st.stm32cube.common.mx.oss_6.15.0.202507011659/:?]
	at java.awt.event.InvocationEvent.dispatch(InvocationEvent.java:318) ~[?:?]
	at java.awt.EventQueue.dispatchEventImpl(EventQueue.java:773) ~[?:?]
	at java.awt.EventQueue$4.run(EventQueue.java:720) ~[?:?]
	at java.awt.EventQueue$4.run(EventQueue.java:714) ~[?:?]
	at java.security.AccessController.doPrivileged(AccessController.java:400) ~[?:?]
	at java.security.ProtectionDomain$JavaSecurityAccessImpl.doIntersectionPrivilege(ProtectionDomain.java:87) ~[?:?]
	at java.awt.EventQueue.dispatchEvent(EventQueue.java:742) ~[?:?]
	at java.awt.EventDispatchThread.pumpOneEventForFilters(EventDispatchThread.java:203) ~[?:?]
	at java.awt.EventDispatchThread.pumpEventsForFilter(EventDispatchThread.java:124) ~[?:?]
	at java.awt.EventDispatchThread.pumpEventsForHierarchy(EventDispatchThread.java:113) ~[?:?]
	at java.awt.EventDispatchThread.pumpEvents(EventDispatchThread.java:109) ~[?:?]
	at java.awt.EventDispatchThread.pumpEvents(EventDispatchThread.java:101) ~[?:?]
	at java.awt.EventDispatchThread.run(EventDispatchThread.java:90) ~[?:?]
2026-07-02 23:25:56,201 [WARN] ThirdParty:871 - waiting for thirdparty lock release [close project]
2026-07-02 23:25:56,201 [INFO] ThirdParty:873 - entering critical section [close project]
2026-07-02 23:25:56,201 [INFO] ThirdParty:883 - exiting critical section [close project]
2026-07-02 23:25:56,203 [INFO] PinOutPanel:1589 - setPackage(No Configuration,No Configuration)
2026-07-02 23:25:56,208 [WARN] IpParametersView:155 - Warning: This peripheral hasn't parameters
2026-07-02 23:25:56,210 [WARN] MainPanel:289 - <html><b><center>Warning: This peripheral has no parameters to be configured<br></b></html>
2026-07-02 23:25:56,212 [INFO] UtilMem:75 - Begin LoadConfig() Used Memory: 898977056 Bytes (1073741824)
2026-07-02 23:25:56,213 [INFO] MicroXplorer:468 - Change Database Path : 
2026-07-02 23:25:56,213 [INFO] MicroXplorer:498 - Change Database Version : DB.6.0.150
2026-07-02 23:25:56,213 [INFO] OpenFileManager:355 - Change cursor
2026-07-02 23:25:56,218 [INFO] Mcu:2029 - Initializing MCU STM32F401R(B-C)Tx STM32F401RCTx STM32F401RCT6TR
2026-07-02 23:25:56,824 [INFO] Context:786 - Trying to add GPIOservice into a context  which must be forbidden
2026-07-02 23:25:57,108 [INFO] ImportTextPane:234 - (OptionalMessage_ERROR) Pin21 (VP_RIF_VS_RIF1) cannot be retrieved for this MCU
2026-07-02 23:25:57,127 [WARN] ModelIntegratedComponent:63 - No mode defined for component null
2026-07-02 23:25:57,127 [WARN] ModelIntegratedComponent:63 - No mode defined for component null
2026-07-02 23:25:57,127 [WARN] ModelIntegratedComponent:63 - No mode defined for component null
2026-07-02 23:25:57,127 [WARN] ModelIntegratedComponent:63 - No mode defined for component null
2026-07-02 23:25:57,127 [WARN] ModelIntegratedComponent:63 - No mode defined for component null
2026-07-02 23:25:57,127 [WARN] ModelIntegratedComponent:63 - No mode defined for component null
2026-07-02 23:25:57,127 [WARN] ModelIntegratedComponent:63 - No mode defined for component null
2026-07-02 23:25:57,127 [WARN] ModelIntegratedComponent:63 - No mode defined for component null
2026-07-02 23:25:57,127 [WARN] ModelIntegratedComponent:63 - No mode defined for component null
2026-07-02 23:25:57,127 [WARN] ModelIntegratedComponent:63 - No mode defined for component null
2026-07-02 23:25:57,127 [WARN] ModelIntegratedComponent:63 - No mode defined for component null
2026-07-02 23:25:57,127 [WARN] ModelIntegratedComponent:63 - No mode defined for component null
2026-07-02 23:25:57,127 [WARN] ModelIntegratedComponent:63 - No mode defined for component null
2026-07-02 23:25:57,127 [WARN] ModelIntegratedComponent:63 - No mode defined for component null
2026-07-02 23:25:57,127 [WARN] ModelIntegratedComponent:63 - No mode defined for component null
2026-07-02 23:25:57,127 [WARN] ModelIntegratedComponent:63 - No mode defined for component null
2026-07-02 23:25:57,127 [WARN] ModelIntegratedComponent:63 - No mode defined for component null
2026-07-02 23:25:57,128 [WARN] ModelIntegratedComponent:63 - No mode defined for component null
2026-07-02 23:25:57,128 [WARN] ModelIntegratedComponent:63 - No mode defined for component null
2026-07-02 23:25:57,128 [WARN] ModelIntegratedComponent:63 - No mode defined for component null
2026-07-02 23:25:57,128 [WARN] ModelIntegratedComponent:63 - No mode defined for component null
2026-07-02 23:25:57,128 [WARN] ModelIntegratedComponent:63 - No mode defined for component null
2026-07-02 23:25:57,128 [WARN] ModelIntegratedComponent:63 - No mode defined for component null
2026-07-02 23:25:57,128 [WARN] ModelIntegratedComponent:63 - No mode defined for component null
2026-07-02 23:25:57,128 [WARN] ModelIntegratedComponent:63 - No mode defined for component null
2026-07-02 23:25:57,128 [WARN] ModelIntegratedComponent:63 - No mode defined for component null
2026-07-02 23:25:57,128 [WARN] ModelIntegratedComponent:63 - No mode defined for component null
2026-07-02 23:25:57,128 [WARN] ModelIntegratedComponent:63 - No mode defined for component null
2026-07-02 23:25:57,128 [WARN] ModelIntegratedComponent:63 - No mode defined for component null
2026-07-02 23:25:57,128 [WARN] ModelIntegratedComponent:63 - No mode defined for component null
2026-07-02 23:25:57,128 [WARN] ModelIntegratedComponent:63 - No mode defined for component null
2026-07-02 23:25:57,128 [WARN] ModelIntegratedComponent:63 - No mode defined for component null
2026-07-02 23:25:57,128 [WARN] ModelIntegratedComponent:63 - No mode defined for component null
2026-07-02 23:25:57,128 [WARN] ModelIntegratedComponent:63 - No mode defined for component null
2026-07-02 23:25:57,128 [WARN] ModelIntegratedComponent:63 - No mode defined for component null
2026-07-02 23:25:57,128 [WARN] ModelPack:524 - Component already loaded: STMicroelectronics:HAL Drivers:0.0.0:STMicroelectronics:Device:STMicro_Driver:XSPI:HAL::0.0.1:HAL_XSPI
2026-07-02 23:25:57,130 [INFO] RtosManager:558 - Registered RTOS mode: class=CMSIS, group=RTOS, mode=CMSIS_V1, owner=FREERTOS
2026-07-02 23:25:57,130 [INFO] RtosManager:558 - Registered RTOS mode: class=CMSIS, group=RTOS2, mode=CMSIS_V2, owner=FREERTOS
2026-07-02 23:25:57,130 [INFO] RtosManager:558 - Registered RTOS mode: class=RTOS, group=Core, mode=CMSIS_V1, owner=FREERTOS
2026-07-02 23:25:57,130 [INFO] RtosManager:558 - Registered RTOS mode: class=RTOS, group=Core, mode=CMSIS_V2, owner=FREERTOS
2026-07-02 23:25:57,130 [WARN] ModelIntegratedComponent:184 - Missing modes for component STMicroelectronics:FreeRTOS:0.0.1:STMicroelectronics:RTOS:FreeRTOS:Core:::10.2.0:
2026-07-02 23:25:57,130 [WARN] ModelIntegratedComponent:182 - Modes not found for component STMicroelectronics:USB_DEVICE:1.0.0:STMicroelectronics:USB::USB Device:Audio HS::1.0:USB_DEVICE_1_0_RESTRICTED_HS
2026-07-02 23:25:57,130 [WARN] ModelIntegratedComponent:188 - Modes not found for component STMicroelectronics:USB_DEVICE:1.0.0:STMicroelectronics:USB::USB Device:Audio HS::1.0:USB_DEVICE_1_0_RESTRICTED_HS
2026-07-02 23:25:57,130 [WARN] ModelIntegratedComponent:182 - Modes not found for component STMicroelectronics:USB_DEVICE:1.0.0:STMicroelectronics:USB::USB Device:CDC HS::1.0:USB_DEVICE_1_0_RESTRICTED_HS
2026-07-02 23:25:57,130 [WARN] ModelIntegratedComponent:188 - Modes not found for component STMicroelectronics:USB_DEVICE:1.0.0:STMicroelectronics:USB::USB Device:CDC HS::1.0:USB_DEVICE_1_0_RESTRICTED_HS
2026-07-02 23:25:57,130 [WARN] ModelIntegratedComponent:182 - Modes not found for component STMicroelectronics:USB_DEVICE:1.0.0:STMicroelectronics:USB::USB Device:DFU HS::1.0:USB_DEVICE_1_0_RESTRICTED_HS
2026-07-02 23:25:57,130 [WARN] ModelIntegratedComponent:188 - Modes not found for component STMicroelectronics:USB_DEVICE:1.0.0:STMicroelectronics:USB::USB Device:DFU HS::1.0:USB_DEVICE_1_0_RESTRICTED_HS
2026-07-02 23:25:57,131 [WARN] ModelIntegratedComponent:182 - Modes not found for component STMicroelectronics:USB_DEVICE:1.0.0:STMicroelectronics:USB::USB Device:HID HS::1.0:USB_DEVICE_1_0_RESTRICTED_HS
2026-07-02 23:25:57,131 [WARN] ModelIntegratedComponent:188 - Modes not found for component STMicroelectronics:USB_DEVICE:1.0.0:STMicroelectronics:USB::USB Device:HID HS::1.0:USB_DEVICE_1_0_RESTRICTED_HS
2026-07-02 23:25:57,131 [WARN] ModelIntegratedComponent:182 - Modes not found for component STMicroelectronics:USB_DEVICE:1.0.0:STMicroelectronics:USB::USB Device:Custom HID HS::1.0:USB_DEVICE_1_0_RESTRICTED_HS
2026-07-02 23:25:57,131 [WARN] ModelIntegratedComponent:188 - Modes not found for component STMicroelectronics:USB_DEVICE:1.0.0:STMicroelectronics:USB::USB Device:Custom HID HS::1.0:USB_DEVICE_1_0_RESTRICTED_HS
2026-07-02 23:25:57,131 [WARN] ModelIntegratedComponent:182 - Modes not found for component STMicroelectronics:USB_DEVICE:1.0.0:STMicroelectronics:USB::USB Device:MSC HS::1.0:USB_DEVICE_1_0_RESTRICTED_HS
2026-07-02 23:25:57,131 [WARN] ModelIntegratedComponent:188 - Modes not found for component STMicroelectronics:USB_DEVICE:1.0.0:STMicroelectronics:USB::USB Device:MSC HS::1.0:USB_DEVICE_1_0_RESTRICTED_HS
2026-07-02 23:25:57,138 [WARN] ModelIntegratedComponent:182 - Modes not found for component STMicroelectronics:USB_HOST:1.0.0:STMicroelectronics:USB::USB Host:Audio HS::1.0:USB_HOST_1_0_RESTRICTED_HS
2026-07-02 23:25:57,138 [WARN] ModelIntegratedComponent:188 - Modes not found for component STMicroelectronics:USB_HOST:1.0.0:STMicroelectronics:USB::USB Host:Audio HS::1.0:USB_HOST_1_0_RESTRICTED_HS
2026-07-02 23:25:57,138 [WARN] ModelIntegratedComponent:182 - Modes not found for component STMicroelectronics:USB_HOST:1.0.0:STMicroelectronics:USB::USB Host:CDC HS::1.0:USB_HOST_1_0_RESTRICTED_HS
2026-07-02 23:25:57,138 [WARN] ModelIntegratedComponent:188 - Modes not found for component STMicroelectronics:USB_HOST:1.0.0:STMicroelectronics:USB::USB Host:CDC HS::1.0:USB_HOST_1_0_RESTRICTED_HS
2026-07-02 23:25:57,138 [WARN] ModelIntegratedComponent:182 - Modes not found for component STMicroelectronics:USB_HOST:1.0.0:STMicroelectronics:USB::USB Host:MSC HS::1.0:USB_HOST_1_0_RESTRICTED_HS
2026-07-02 23:25:57,138 [WARN] ModelIntegratedComponent:188 - Modes not found for component STMicroelectronics:USB_HOST:1.0.0:STMicroelectronics:USB::USB Host:MSC HS::1.0:USB_HOST_1_0_RESTRICTED_HS
2026-07-02 23:25:57,138 [WARN] ModelIntegratedComponent:182 - Modes not found for component STMicroelectronics:USB_HOST:1.0.0:STMicroelectronics:USB::USB Host:HID HS::1.0:USB_HOST_1_0_RESTRICTED_HS
2026-07-02 23:25:57,138 [WARN] ModelIntegratedComponent:188 - Modes not found for component STMicroelectronics:USB_HOST:1.0.0:STMicroelectronics:USB::USB Host:HID HS::1.0:USB_HOST_1_0_RESTRICTED_HS
2026-07-02 23:25:57,138 [WARN] ModelIntegratedComponent:182 - Modes not found for component STMicroelectronics:USB_HOST:1.0.0:STMicroelectronics:USB::USB Host:MTP HS::1.0:USB_HOST_1_0_RESTRICTED_HS
2026-07-02 23:25:57,138 [WARN] ModelIntegratedComponent:188 - Modes not found for component STMicroelectronics:USB_HOST:1.0.0:STMicroelectronics:USB::USB Host:MTP HS::1.0:USB_HOST_1_0_RESTRICTED_HS
2026-07-02 23:25:57,140 [INFO] ThirdPartyModel:298 - Start build external matchings
2026-07-02 23:25:57,164 [INFO] ThirdPartyModel:316 - End build external matchings
2026-07-02 23:25:57,168 [INFO] ImportTextPane:234 - (OptionalMessage_ERROR) IP (RCC) : Parameter (RTCHSEDivFreq_Value) has invalid value (4000000)
2026-07-02 23:25:57,361 [INFO] UtilMem:75 - End LoadConfig() Used Memory: 921462440 Bytes (1073741824)
2026-07-02 23:25:57,442 [WARN] ThirdParty:833 - waiting for thirdparty lock release [change project]
2026-07-02 23:25:57,443 [INFO] ThirdParty:835 - entering critical section [change project]
2026-07-02 23:25:57,443 [INFO] ThirdParty:1030 - CMSIS Pack Vendor :STMicroelectronics X-CUBE-PM33A1 1.0.0
2026-07-02 23:25:57,443 [INFO] ThirdParty:1030 - CMSIS Pack Vendor :STMicroelectronics USBPD 4.1
2026-07-02 23:25:57,443 [INFO] ThirdParty:1030 - CMSIS Pack Vendor :STMicroelectronics X-CUBE-DISPLAY 3.0.0
2026-07-02 23:25:57,443 [INFO] ThirdParty:1030 - CMSIS Pack Vendor :STMicroelectronics X-CUBE-NFC9 1.0.0
2026-07-02 23:25:57,443 [INFO] ThirdParty:1030 - CMSIS Pack Vendor :STMicroelectronics X-CUBE-NFC7 2.0.0
2026-07-02 23:25:57,443 [INFO] ThirdParty:1030 - CMSIS Pack Vendor :STMicroelectronics X-CUBE-TCPP 4.2.0
2026-07-02 23:25:57,443 [INFO] ThirdParty:1030 - CMSIS Pack Vendor :STMicroelectronics USB_HOST 2.0.0
2026-07-02 23:25:57,443 [INFO] ThirdParty:1030 - CMSIS Pack Vendor :STMicroelectronics LIBJPEG 8.0.0
2026-07-02 23:25:57,443 [INFO] ThirdParty:1030 - CMSIS Pack Vendor :STMicroelectronics FP-ATR-ASTRA1 2.0.2
2026-07-02 23:25:57,443 [INFO] ThirdParty:1030 - CMSIS Pack Vendor :STMicroelectronics FP-ATR-SIGFOX1 3.2.0
2026-07-02 23:25:57,443 [INFO] ThirdParty:1030 - CMSIS Pack Vendor :STMicroelectronics X-CUBE-NFC10 1.0.0
2026-07-02 23:25:57,443 [INFO] ThirdParty:1030 - CMSIS Pack Vendor :STMicroelectronics X-CUBE-BLE1 7.1.0
2026-07-02 23:25:57,443 [INFO] ThirdParty:1030 - CMSIS Pack Vendor :STMicroelectronics USB_DEVICE 3.0.0
2026-07-02 23:25:57,443 [INFO] ThirdParty:1030 - CMSIS Pack Vendor :STMicroelectronics X-CUBE-ISPU 2.1.0
2026-07-02 23:25:57,443 [INFO] ThirdParty:1030 - CMSIS Pack Vendor :STMicroelectronics HAL Drivers 0.0.0
2026-07-02 23:25:57,443 [INFO] ThirdParty:1030 - CMSIS Pack Vendor :STMicroelectronics MBEDTLS 2.16.2
2026-07-02 23:25:57,443 [INFO] ThirdParty:1030 - CMSIS Pack Vendor :STMicroelectronics X-CUBE-ALS 1.0.2
2026-07-02 23:25:57,443 [INFO] ThirdParty:1030 - CMSIS Pack Vendor :STMicroelectronics MBEDTLS 2.14.1
2026-07-02 23:25:57,443 [INFO] ThirdParty:1030 - CMSIS Pack Vendor :STMicroelectronics USB_DEVICE 2.0.0
2026-07-02 23:25:57,443 [INFO] ThirdParty:1030 - CMSIS Pack Vendor :STMicroelectronics ThreadX 1.0.0
2026-07-02 23:25:57,443 [INFO] ThirdParty:1030 - CMSIS Pack Vendor :STMicroelectronics FP-SNS-SMARTAG2 1.2.0
2026-07-02 23:25:57,443 [INFO] ThirdParty:1030 - CMSIS Pack Vendor :STMicroelectronics FP-SNS-FLIGHT1 5.1.0
2026-07-02 23:25:57,443 [INFO] ThirdParty:1030 - CMSIS Pack Vendor :STMicroelectronics X-CUBE-DPower 1.3.0
2026-07-02 23:25:57,443 [INFO] ThirdParty:1030 - CMSIS Pack Vendor :STMicroelectronics FreeRTOS 0.0.1
2026-07-02 23:25:57,443 [INFO] ThirdParty:1030 - CMSIS Pack Vendor :STMicroelectronics USB_DEVICE 1.0.0
2026-07-02 23:25:57,443 [INFO] ThirdParty:1030 - CMSIS Pack Vendor :STMicroelectronics X-CUBE-NFC4 3.0.0
2026-07-02 23:25:57,443 [INFO] ThirdParty:1030 - CMSIS Pack Vendor :STMicroelectronics X-CUBE-SUBG2 5.0.0
2026-07-02 23:25:57,443 [INFO] ThirdParty:1030 - CMSIS Pack Vendor :STMicroelectronics STM32_WPAN 1.0.0
2026-07-02 23:25:57,443 [INFO] ThirdParty:1030 - CMSIS Pack Vendor :STMicroelectronics ThreadX 0.0.2
2026-07-02 23:25:57,443 [INFO] ThirdParty:1030 - CMSIS Pack Vendor :STMicroelectronics lwIP 2.0.3
2026-07-02 23:25:57,443 [INFO] ThirdParty:1030 - CMSIS Pack Vendor :STMicroelectronics lwIP 2.1.2
2026-07-02 23:25:57,444 [INFO] ThirdParty:1030 - CMSIS Pack Vendor :STMicroelectronics X-CUBE-SFXS2LP1 4.0.0
2026-07-02 23:25:57,444 [INFO] ThirdParty:1030 - CMSIS Pack Vendor :STMicroelectronics X-CUBE-BLE2 3.3.0
2026-07-02 23:25:57,444 [INFO] ThirdParty:1030 - CMSIS Pack Vendor :STMicroelectronics X-CUBE-TOF1 3.4.3
2026-07-02 23:25:57,444 [INFO] ThirdParty:1030 - CMSIS Pack Vendor :STMicroelectronics USB_HOST 1.0.0
2026-07-02 23:25:57,444 [INFO] ThirdParty:1030 - CMSIS Pack Vendor :STMicroelectronics PDM2PCM 3.1.0
2026-07-02 23:25:57,444 [INFO] ThirdParty:1030 - CMSIS Pack Vendor :STMicroelectronics PDM2PCM 3.2.0
2026-07-02 23:25:57,444 [INFO] ThirdParty:1030 - CMSIS Pack Vendor :STMicroelectronics PDM2PCM 3.3.0
2026-07-02 23:25:57,444 [INFO] ThirdParty:841 - exiting critical section [change project]
2026-07-02 23:25:57,541 [INFO] PinOutPanel:1589 - setPackage(No Configuration,No Configuration)
2026-07-02 23:25:57,542 [INFO] PinOutPanel:1589 - setPackage(STM32F401RCTx,LQFP64)
2026-07-02 23:25:57,735 [INFO] UtilMem:75 - Before build in PCC Used Memory: 811125352 Bytes (1073741824)
2026-07-02 23:25:57,871 [INFO] UtilMem:75 - After build in PCC Used Memory: 855165544 Bytes (1073741824)
2026-07-02 23:25:57,884 [INFO] IPUIPlugin:80 - create IPUIPlugin
2026-07-02 23:25:57,884 [INFO] IPUIPlugin:80 - create IPUIPlugin
2026-07-02 23:25:57,884 [INFO] IPUIPlugin:80 - create IPUIPlugin
2026-07-02 23:25:57,885 [INFO] IPUIPlugin:80 - create IPUIPlugin
2026-07-02 23:25:57,885 [INFO] IPUIPlugin:80 - create IPUIPlugin
2026-07-02 23:25:57,885 [INFO] IPUIPlugin:80 - create IPUIPlugin
2026-07-02 23:25:57,885 [INFO] IPUIPlugin:80 - create IPUIPlugin
2026-07-02 23:25:57,885 [INFO] IPUIPlugin:80 - create IPUIPlugin
2026-07-02 23:25:57,885 [INFO] IPUIPlugin:80 - create IPUIPlugin
2026-07-02 23:25:57,885 [INFO] IPUIPlugin:80 - create IPUIPlugin
2026-07-02 23:25:57,885 [INFO] IPUIPlugin:80 - create IPUIPlugin
2026-07-02 23:25:57,885 [INFO] IPUIPlugin:80 - create IPUIPlugin
2026-07-02 23:25:57,885 [INFO] IPUIPlugin:80 - create IPUIPlugin
2026-07-02 23:25:57,885 [INFO] IPUIPlugin:80 - create IPUIPlugin
2026-07-02 23:25:57,885 [INFO] IPUIPlugin:80 - create IPUIPlugin
2026-07-02 23:25:57,886 [INFO] IPUIPlugin:80 - create IPUIPlugin
2026-07-02 23:25:57,886 [INFO] IPUIPlugin:80 - create IPUIPlugin
2026-07-02 23:25:57,886 [INFO] IPUIPlugin:80 - create IPUIPlugin
2026-07-02 23:25:57,886 [INFO] IPUIPlugin:80 - create IPUIPlugin
2026-07-02 23:25:57,886 [INFO] IPUIPlugin:80 - create IPUIPlugin
2026-07-02 23:25:57,886 [INFO] IPUIPlugin:80 - create IPUIPlugin
2026-07-02 23:25:57,887 [INFO] IPUIPlugin:80 - create IPUIPlugin
2026-07-02 23:25:57,887 [INFO] IPUIPlugin:80 - create IPUIPlugin
2026-07-02 23:25:57,887 [INFO] IPUIPlugin:80 - create IPUIPlugin
2026-07-02 23:25:57,887 [INFO] IPUIPlugin:80 - create IPUIPlugin
2026-07-02 23:25:57,887 [INFO] IPUIPlugin:80 - create IPUIPlugin
2026-07-02 23:25:57,887 [INFO] IPUIPlugin:80 - create IPUIPlugin
2026-07-02 23:25:57,887 [INFO] IPUIPlugin:80 - create IPUIPlugin
2026-07-02 23:25:57,888 [INFO] IPUIPlugin:80 - create IPUIPlugin
2026-07-02 23:25:57,888 [INFO] IPUIPlugin:80 - create IPUIPlugin
2026-07-02 23:25:57,888 [INFO] IPUIPlugin:80 - create IPUIPlugin
2026-07-02 23:25:57,888 [INFO] IPUIPlugin:80 - create IPUIPlugin
2026-07-02 23:25:57,888 [INFO] IPUIPlugin:80 - create IPUIPlugin
2026-07-02 23:25:57,888 [INFO] IPUIPlugin:80 - create IPUIPlugin
2026-07-02 23:25:57,889 [INFO] IPUIPlugin:80 - create IPUIPlugin
2026-07-02 23:25:57,889 [INFO] IPUIPlugin:80 - create IPUIPlugin
2026-07-02 23:25:57,889 [INFO] IPUIPlugin:80 - create IPUIPlugin
2026-07-02 23:25:57,889 [INFO] IPUIPlugin:80 - create IPUIPlugin
2026-07-02 23:25:57,891 [INFO] ApiDbMcu:532 - Load IP Config File for PDM2PCM
2026-07-02 23:25:57,892 [WARN] IP:2250 - I2C_Coeff_DF not found: check if there is a RefParameter without a condition.
2026-07-02 23:25:57,892 [WARN] IP:2250 - Analog_Filter not found: check if there is a RefParameter without a condition.
2026-07-02 23:25:57,925 [INFO] CADModel:165 - CPN selected for project levelSTM32F401RCT6TR
2026-07-02 23:25:57,925 [INFO] CADModel:114 - Register for checkConnection events
2026-07-02 23:25:57,995 [INFO] OpenFileManager:386 - Restore cursor
2026-07-02 23:25:58,276 [WARN] IP:2250 - I2C_Coeff_DF not found: check if there is a RefParameter without a condition.
2026-07-02 23:25:58,276 [WARN] IP:2250 - Analog_Filter not found: check if there is a RefParameter without a condition.
2026-07-02 23:25:58,276 [WARN] IP:2250 - I2C_Coeff_DF not found: check if there is a RefParameter without a condition.
2026-07-02 23:25:58,276 [WARN] IP:2250 - Analog_Filter not found: check if there is a RefParameter without a condition.
2026-07-02 23:26:09,235 [WARN] IP:2250 - I2C_Coeff_DF not found: check if there is a RefParameter without a condition.
2026-07-02 23:26:09,235 [WARN] IP:2250 - Analog_Filter not found: check if there is a RefParameter without a condition.
2026-07-02 23:26:25,656 [INFO] NvicIntPanel:101 - NVIC parent = com.st.microxplorer.plugins.ip.nvic.MultiNvicIntPanel[,0,0,0x0,invalid,layout=javax.swing.BoxLayout,alignmentX=0.0,alignmentY=0.0,border=,flags=9,maximumSize=,minimumSize=,preferredSize=]
2026-07-02 23:26:30,661 [INFO] NvicIntPanel:101 - NVIC parent = com.st.microxplorer.plugins.ip.nvic.MultiNvicIntPanel[,0,0,0x0,invalid,layout=javax.swing.BoxLayout,alignmentX=0.0,alignmentY=0.0,border=,flags=9,maximumSize=,minimumSize=,preferredSize=]
2026-07-02 23:27:38,571 [INFO] NvicIntPanel:101 - NVIC parent = com.st.microxplorer.plugins.ip.nvic.MultiNvicIntPanel[,0,0,0x0,invalid,layout=javax.swing.BoxLayout,alignmentX=0.0,alignmentY=0.0,border=,flags=9,maximumSize=,minimumSize=,preferredSize=]
2026-07-02 23:27:55,691 [INFO] NvicIntPanel:101 - NVIC parent = com.st.microxplorer.plugins.ip.nvic.MultiNvicIntPanel[,0,0,0x0,invalid,layout=javax.swing.BoxLayout,alignmentX=0.0,alignmentY=0.0,border=,flags=9,maximumSize=,minimumSize=,preferredSize=]
2026-07-02 23:28:15,712 [INFO] NvicIntPanel:101 - NVIC parent = com.st.microxplorer.plugins.ip.nvic.MultiNvicIntPanel[,0,0,0x0,invalid,layout=javax.swing.BoxLayout,alignmentX=0.0,alignmentY=0.0,border=,flags=9,maximumSize=,minimumSize=,preferredSize=]
2026-07-02 23:28:16,748 [INFO] NvicIntPanel:101 - NVIC parent = com.st.microxplorer.plugins.ip.nvic.MultiNvicIntPanel[,0,0,0x0,invalid,layout=javax.swing.BoxLayout,alignmentX=0.0,alignmentY=0.0,border=,flags=9,maximumSize=,minimumSize=,preferredSize=]
2026-07-02 23:28:19,941 [ERROR] LogOutputStream:75 - [STDERR_REDIRECT] java.lang.Error: no ComponentUI class for: com.st.microxplorer.plugins.ip.nvic.CheckBoxHeader[,0,0,0x0,invalid,alignmentX=0.0,alignmentY=0.0,border=,flags=0,maximumSize=,minimumSize=,preferredSize=,defaultIcon=,disabledIcon=,disabledSelectedIcon=,margin=null,paintBorder=true,paintFocus=true,pressedIcon=,rolloverEnabled=false,rolloverIcon=,rolloverSelectedIcon=,selectedIcon=,text=]
2026-07-02 23:28:19,942 [ERROR] LogOutputStream:75 - [STDERR_REDIRECT] 	at java.desktop/javax.swing.UIDefaults.getUIError(UIDefaults.java:763)
2026-07-02 23:28:19,944 [ERROR] LogOutputStream:75 - [STDERR_REDIRECT] 	at java.desktop/javax.swing.MultiUIDefaults.getUIError(MultiUIDefaults.java:144)
2026-07-02 23:28:19,945 [ERROR] LogOutputStream:75 - [STDERR_REDIRECT] 	at java.desktop/javax.swing.UIDefaults.getUI(UIDefaults.java:793)
2026-07-02 23:28:19,946 [ERROR] LogOutputStream:75 - [STDERR_REDIRECT] 	at java.desktop/javax.swing.UIManager.getUI(UIManager.java:1070)
2026-07-02 23:28:19,947 [ERROR] LogOutputStream:75 - [STDERR_REDIRECT] 	at java.desktop/javax.swing.JCheckBox.updateUI(JCheckBox.java:228)
2026-07-02 23:28:19,948 [ERROR] LogOutputStream:75 - [STDERR_REDIRECT] 	at java.desktop/javax.swing.AbstractButton.init(AbstractButton.java:2141)
2026-07-02 23:28:19,950 [ERROR] LogOutputStream:75 - [STDERR_REDIRECT] 	at java.desktop/javax.swing.JToggleButton.<init>(JToggleButton.java:187)
2026-07-02 23:28:19,951 [ERROR] LogOutputStream:75 - [STDERR_REDIRECT] 	at java.desktop/javax.swing.JCheckBox.<init>(JCheckBox.java:176)
2026-07-02 23:28:19,953 [ERROR] LogOutputStream:75 - [STDERR_REDIRECT] 	at java.desktop/javax.swing.JCheckBox.<init>(JCheckBox.java:97)
2026-07-02 23:28:19,955 [ERROR] LogOutputStream:75 - [STDERR_REDIRECT] 	at com.st.microxplorer.plugins.ip.nvic.CheckBoxHeader.<init>(CheckBoxHeader.java:55)
2026-07-02 23:28:19,956 [ERROR] LogOutputStream:75 - [STDERR_REDIRECT] 	at com.st.microxplorer.plugins.ip.nvic.NvicCodeSelectionTable.<init>(NvicCodeSelectionTable.java:75)
2026-07-02 23:28:19,958 [ERROR] LogOutputStream:75 - [STDERR_REDIRECT] 	at com.st.microxplorer.plugins.ip.nvic.NvicCodePanel.initComponents(NvicCodePanel.java:102)
2026-07-02 23:28:19,959 [ERROR] LogOutputStream:75 - [STDERR_REDIRECT] 	at com.st.microxplorer.plugins.ip.nvic.NvicCodePanel.<init>(NvicCodePanel.java:78)
2026-07-02 23:28:19,961 [ERROR] LogOutputStream:75 - [STDERR_REDIRECT] 	at com.st.microxplorer.plugins.ip.nvic.NvicTabbedPanel.<init>(NvicTabbedPanel.java:57)
2026-07-02 23:28:19,962 [ERROR] LogOutputStream:75 - [STDERR_REDIRECT] 	at com.st.microxplorer.plugins.ip.nvic.Nvic.getUI(Nvic.java:73)
2026-07-02 23:28:19,964 [ERROR] LogOutputStream:75 - [STDERR_REDIRECT] 	at com.st.microxplorer.plugins.ipmanager.gui.BlockDiagram.createIpPanel(BlockDiagram.java:402)
2026-07-02 23:28:19,965 [ERROR] LogOutputStream:75 - [STDERR_REDIRECT] 	at com.st.microxplorer.plugins.ipmanager.gui.BlockDiagram.getIPConfigPanel(BlockDiagram.java:552)
2026-07-02 23:28:19,966 [ERROR] LogOutputStream:75 - [STDERR_REDIRECT] 	at com.st.microxplorer.plugins.ipmanager.gui.BlockDiagram.getIPConfigPanel(BlockDiagram.java:458)
2026-07-02 23:28:19,968 [ERROR] LogOutputStream:75 - [STDERR_REDIRECT] 	at com.st.microxplorer.plugins.ipmanager.gui.BlockDiagram.propertyChange(BlockDiagram.java:1389)
2026-07-02 23:28:19,969 [ERROR] LogOutputStream:75 - [STDERR_REDIRECT] 	at java.desktop/java.beans.PropertyChangeSupport.fire(PropertyChangeSupport.java:343)
2026-07-02 23:28:19,971 [ERROR] LogOutputStream:75 - [STDERR_REDIRECT] 	at java.desktop/java.beans.PropertyChangeSupport.firePropertyChange(PropertyChangeSupport.java:335)
2026-07-02 23:28:19,972 [ERROR] LogOutputStream:75 - [STDERR_REDIRECT] 	at java.desktop/java.beans.PropertyChangeSupport.firePropertyChange(PropertyChangeSupport.java:268)
2026-07-02 23:28:19,973 [ERROR] LogOutputStream:75 - [STDERR_REDIRECT] 	at com.st.microxplorer.util.MXPropertyChangeSupport.firePropertyChange(MXPropertyChangeSupport.java:54)
2026-07-02 23:28:19,974 [ERROR] LogOutputStream:75 - [STDERR_REDIRECT] 	at com.st.microxplorer.mxsystem.MxSystem.firePropertyChange(MxSystem.java:357)
2026-07-02 23:28:19,976 [ERROR] LogOutputStream:75 - [STDERR_REDIRECT] 	at com.st.microxplorer.plugins.pinoutconfig.guiV5.PeripheralsSelectionPanel.selectIP(PeripheralsSelectionPanel.java:409)
2026-07-02 23:28:19,978 [ERROR] LogOutputStream:75 - [STDERR_REDIRECT] 	at com.st.microxplorer.plugins.pinoutconfig.guiV5.PeripheralsListListener.mouseClicked(PeripheralsListListener.java:103)
2026-07-02 23:28:19,979 [ERROR] LogOutputStream:75 - [STDERR_REDIRECT] 	at java.desktop/java.awt.AWTEventMulticaster.mouseClicked(AWTEventMulticaster.java:278)
2026-07-02 23:28:19,980 [ERROR] LogOutputStream:75 - [STDERR_REDIRECT] 	at java.desktop/java.awt.Component.processMouseEvent(Component.java:6624)
2026-07-02 23:28:19,981 [ERROR] LogOutputStream:75 - [STDERR_REDIRECT] 	at java.desktop/javax.swing.JComponent.processMouseEvent(JComponent.java:3398)
2026-07-02 23:28:19,982 [ERROR] LogOutputStream:75 - [STDERR_REDIRECT] 	at java.desktop/java.awt.Component.processEvent(Component.java:6386)
2026-07-02 23:28:19,983 [ERROR] LogOutputStream:75 - [STDERR_REDIRECT] 	at java.desktop/java.awt.Container.processEvent(Container.java:2266)
2026-07-02 23:28:19,984 [ERROR] LogOutputStream:75 - [STDERR_REDIRECT] 	at java.desktop/java.awt.Component.dispatchEventImpl(Component.java:4996)
2026-07-02 23:28:19,986 [ERROR] LogOutputStream:75 - [STDERR_REDIRECT] 	at java.desktop/java.awt.Container.dispatchEventImpl(Container.java:2324)
2026-07-02 23:28:19,987 [ERROR] LogOutputStream:75 - [STDERR_REDIRECT] 	at java.desktop/java.awt.Component.dispatchEvent(Component.java:4828)
2026-07-02 23:28:19,988 [ERROR] LogOutputStream:75 - [STDERR_REDIRECT] 	at java.desktop/java.awt.LightweightDispatcher.retargetMouseEvent(Container.java:4948)
2026-07-02 23:28:19,989 [ERROR] LogOutputStream:75 - [STDERR_REDIRECT] 	at java.desktop/java.awt.LightweightDispatcher.processMouseEvent(Container.java:4584)
2026-07-02 23:28:19,990 [ERROR] LogOutputStream:75 - [STDERR_REDIRECT] 	at java.desktop/java.awt.LightweightDispatcher.dispatchEvent(Container.java:4516)
2026-07-02 23:28:19,991 [ERROR] LogOutputStream:75 - [STDERR_REDIRECT] 	at java.desktop/java.awt.Container.dispatchEventImpl(Container.java:2310)
2026-07-02 23:28:19,992 [ERROR] LogOutputStream:75 - [STDERR_REDIRECT] 	at java.desktop/java.awt.Component.dispatchEvent(Component.java:4828)
2026-07-02 23:28:19,993 [ERROR] LogOutputStream:75 - [STDERR_REDIRECT] 	at java.desktop/java.awt.EventQueue.dispatchEventImpl(EventQueue.java:775)
2026-07-02 23:28:19,994 [ERROR] LogOutputStream:75 - [STDERR_REDIRECT] 	at java.desktop/java.awt.EventQueue$4.run(EventQueue.java:720)
2026-07-02 23:28:19,995 [ERROR] LogOutputStream:75 - [STDERR_REDIRECT] 	at java.desktop/java.awt.EventQueue$4.run(EventQueue.java:714)
2026-07-02 23:28:19,996 [ERROR] LogOutputStream:75 - [STDERR_REDIRECT] 	at java.base/java.security.AccessController.doPrivileged(AccessController.java:400)
2026-07-02 23:28:19,998 [ERROR] LogOutputStream:75 - [STDERR_REDIRECT] 	at java.base/java.security.ProtectionDomain$JavaSecurityAccessImpl.doIntersectionPrivilege(ProtectionDomain.java:87)
2026-07-02 23:28:19,999 [ERROR] LogOutputStream:75 - [STDERR_REDIRECT] 	at java.base/java.security.ProtectionDomain$JavaSecurityAccessImpl.doIntersectionPrivilege(ProtectionDomain.java:98)
2026-07-02 23:28:20,000 [ERROR] LogOutputStream:75 - [STDERR_REDIRECT] 	at java.desktop/java.awt.EventQueue$5.run(EventQueue.java:747)
2026-07-02 23:28:20,001 [ERROR] LogOutputStream:75 - [STDERR_REDIRECT] 	at java.desktop/java.awt.EventQueue$5.run(EventQueue.java:745)
2026-07-02 23:28:20,003 [ERROR] LogOutputStream:75 - [STDERR_REDIRECT] 	at java.base/java.security.AccessController.doPrivileged(AccessController.java:400)
2026-07-02 23:28:20,004 [ERROR] LogOutputStream:75 - [STDERR_REDIRECT] 	at java.base/java.security.ProtectionDomain$JavaSecurityAccessImpl.doIntersectionPrivilege(ProtectionDomain.java:87)
2026-07-02 23:28:20,005 [ERROR] LogOutputStream:75 - [STDERR_REDIRECT] 	at java.desktop/java.awt.EventQueue.dispatchEvent(EventQueue.java:744)
2026-07-02 23:28:20,006 [ERROR] LogOutputStream:75 - [STDERR_REDIRECT] 	at java.desktop/java.awt.EventDispatchThread.pumpOneEventForFilters(EventDispatchThread.java:203)
2026-07-02 23:28:20,008 [ERROR] LogOutputStream:75 - [STDERR_REDIRECT] 	at java.desktop/java.awt.EventDispatchThread.pumpEventsForFilter(EventDispatchThread.java:124)
2026-07-02 23:28:20,009 [ERROR] LogOutputStream:75 - [STDERR_REDIRECT] 	at java.desktop/java.awt.EventDispatchThread.pumpEventsForHierarchy(EventDispatchThread.java:113)
2026-07-02 23:28:20,010 [ERROR] LogOutputStream:75 - [STDERR_REDIRECT] 	at java.desktop/java.awt.EventDispatchThread.pumpEvents(EventDispatchThread.java:109)
2026-07-02 23:28:20,011 [ERROR] LogOutputStream:75 - [STDERR_REDIRECT] 	at java.desktop/java.awt.EventDispatchThread.pumpEvents(EventDispatchThread.java:101)
2026-07-02 23:28:20,012 [ERROR] LogOutputStream:75 - [STDERR_REDIRECT] 	at java.desktop/java.awt.EventDispatchThread.run(EventDispatchThread.java:90)
2026-07-02 23:28:20,017 [ERROR] LogOutputStream:75 - [STDERR_REDIRECT] java.lang.Error: no ComponentUI class for: com.st.microxplorer.plugins.ip.nvic.CheckBoxHeader[,0,0,0x0,invalid,alignmentX=0.0,alignmentY=0.0,border=,flags=0,maximumSize=,minimumSize=,preferredSize=,defaultIcon=,disabledIcon=,disabledSelectedIcon=,margin=null,paintBorder=true,paintFocus=true,pressedIcon=,rolloverEnabled=false,rolloverIcon=,rolloverSelectedIcon=,selectedIcon=,text=]
2026-07-02 23:28:20,018 [ERROR] LogOutputStream:75 - [STDERR_REDIRECT] 	at java.desktop/javax.swing.UIDefaults.getUIError(UIDefaults.java:763)
2026-07-02 23:28:20,019 [ERROR] LogOutputStream:75 - [STDERR_REDIRECT] 	at java.desktop/javax.swing.MultiUIDefaults.getUIError(MultiUIDefaults.java:144)
2026-07-02 23:28:20,020 [ERROR] LogOutputStream:75 - [STDERR_REDIRECT] 	at java.desktop/javax.swing.UIDefaults.getUI(UIDefaults.java:793)
2026-07-02 23:28:20,021 [ERROR] LogOutputStream:75 - [STDERR_REDIRECT] 	at java.desktop/javax.swing.UIManager.getUI(UIManager.java:1070)
2026-07-02 23:28:20,022 [ERROR] LogOutputStream:75 - [STDERR_REDIRECT] 	at java.desktop/javax.swing.JCheckBox.updateUI(JCheckBox.java:228)
2026-07-02 23:28:20,023 [ERROR] LogOutputStream:75 - [STDERR_REDIRECT] 	at java.desktop/javax.swing.AbstractButton.init(AbstractButton.java:2141)
2026-07-02 23:28:20,024 [ERROR] LogOutputStream:75 - [STDERR_REDIRECT] 	at java.desktop/javax.swing.JToggleButton.<init>(JToggleButton.java:187)
2026-07-02 23:28:20,025 [ERROR] LogOutputStream:75 - [STDERR_REDIRECT] 	at java.desktop/javax.swing.JCheckBox.<init>(JCheckBox.java:176)
2026-07-02 23:28:20,026 [ERROR] LogOutputStream:75 - [STDERR_REDIRECT] 	at java.desktop/javax.swing.JCheckBox.<init>(JCheckBox.java:97)
2026-07-02 23:28:20,027 [ERROR] LogOutputStream:75 - [STDERR_REDIRECT] 	at com.st.microxplorer.plugins.ip.nvic.CheckBoxHeader.<init>(CheckBoxHeader.java:55)
2026-07-02 23:28:20,028 [ERROR] LogOutputStream:75 - [STDERR_REDIRECT] 	at com.st.microxplorer.plugins.ip.nvic.NvicCodeSelectionTable.<init>(NvicCodeSelectionTable.java:78)
2026-07-02 23:28:20,029 [ERROR] LogOutputStream:75 - [STDERR_REDIRECT] 	at com.st.microxplorer.plugins.ip.nvic.NvicCodePanel.initComponents(NvicCodePanel.java:102)
2026-07-02 23:28:20,030 [ERROR] LogOutputStream:75 - [STDERR_REDIRECT] 	at com.st.microxplorer.plugins.ip.nvic.NvicCodePanel.<init>(NvicCodePanel.java:78)
2026-07-02 23:28:20,032 [ERROR] LogOutputStream:75 - [STDERR_REDIRECT] 	at com.st.microxplorer.plugins.ip.nvic.NvicTabbedPanel.<init>(NvicTabbedPanel.java:57)
2026-07-02 23:28:20,033 [ERROR] LogOutputStream:75 - [STDERR_REDIRECT] 	at com.st.microxplorer.plugins.ip.nvic.Nvic.getUI(Nvic.java:73)
2026-07-02 23:28:20,034 [ERROR] LogOutputStream:75 - [STDERR_REDIRECT] 	at com.st.microxplorer.plugins.ipmanager.gui.BlockDiagram.createIpPanel(BlockDiagram.java:402)
2026-07-02 23:28:20,035 [ERROR] LogOutputStream:75 - [STDERR_REDIRECT] 	at com.st.microxplorer.plugins.ipmanager.gui.BlockDiagram.getIPConfigPanel(BlockDiagram.java:552)
2026-07-02 23:28:20,037 [ERROR] LogOutputStream:75 - [STDERR_REDIRECT] 	at com.st.microxplorer.plugins.ipmanager.gui.BlockDiagram.getIPConfigPanel(BlockDiagram.java:458)
2026-07-02 23:28:20,038 [ERROR] LogOutputStream:75 - [STDERR_REDIRECT] 	at com.st.microxplorer.plugins.ipmanager.gui.BlockDiagram.propertyChange(BlockDiagram.java:1389)
2026-07-02 23:28:20,039 [ERROR] LogOutputStream:75 - [STDERR_REDIRECT] 	at java.desktop/java.beans.PropertyChangeSupport.fire(PropertyChangeSupport.java:343)
2026-07-02 23:28:20,041 [ERROR] LogOutputStream:75 - [STDERR_REDIRECT] 	at java.desktop/java.beans.PropertyChangeSupport.firePropertyChange(PropertyChangeSupport.java:335)
2026-07-02 23:28:20,042 [ERROR] LogOutputStream:75 - [STDERR_REDIRECT] 	at java.desktop/java.beans.PropertyChangeSupport.firePropertyChange(PropertyChangeSupport.java:268)
2026-07-02 23:28:20,043 [ERROR] LogOutputStream:75 - [STDERR_REDIRECT] 	at com.st.microxplorer.util.MXPropertyChangeSupport.firePropertyChange(MXPropertyChangeSupport.java:54)
2026-07-02 23:28:20,045 [ERROR] LogOutputStream:75 - [STDERR_REDIRECT] 	at com.st.microxplorer.mxsystem.MxSystem.firePropertyChange(MxSystem.java:357)
2026-07-02 23:28:20,046 [ERROR] LogOutputStream:75 - [STDERR_REDIRECT] 	at com.st.microxplorer.plugins.pinoutconfig.guiV5.PeripheralsSelectionPanel.selectIP(PeripheralsSelectionPanel.java:409)
2026-07-02 23:28:20,048 [ERROR] LogOutputStream:75 - [STDERR_REDIRECT] 	at com.st.microxplorer.plugins.pinoutconfig.guiV5.PeripheralsListListener.mouseClicked(PeripheralsListListener.java:103)
2026-07-02 23:28:20,049 [ERROR] LogOutputStream:75 - [STDERR_REDIRECT] 	at java.desktop/java.awt.AWTEventMulticaster.mouseClicked(AWTEventMulticaster.java:278)
2026-07-02 23:28:20,050 [ERROR] LogOutputStream:75 - [STDERR_REDIRECT] 	at java.desktop/java.awt.Component.processMouseEvent(Component.java:6624)
2026-07-02 23:28:20,051 [ERROR] LogOutputStream:75 - [STDERR_REDIRECT] 	at java.desktop/javax.swing.JComponent.processMouseEvent(JComponent.java:3398)
2026-07-02 23:28:20,053 [ERROR] LogOutputStream:75 - [STDERR_REDIRECT] 	at java.desktop/java.awt.Component.processEvent(Component.java:6386)
2026-07-02 23:28:20,054 [ERROR] LogOutputStream:75 - [STDERR_REDIRECT] 	at java.desktop/java.awt.Container.processEvent(Container.java:2266)
2026-07-02 23:28:20,055 [ERROR] LogOutputStream:75 - [STDERR_REDIRECT] 	at java.desktop/java.awt.Component.dispatchEventImpl(Component.java:4996)
2026-07-02 23:28:20,056 [ERROR] LogOutputStream:75 - [STDERR_REDIRECT] 	at java.desktop/java.awt.Container.dispatchEventImpl(Container.java:2324)
2026-07-02 23:28:20,057 [ERROR] LogOutputStream:75 - [STDERR_REDIRECT] 	at java.desktop/java.awt.Component.dispatchEvent(Component.java:4828)
2026-07-02 23:28:20,058 [ERROR] LogOutputStream:75 - [STDERR_REDIRECT] 	at java.desktop/java.awt.LightweightDispatcher.retargetMouseEvent(Container.java:4948)
2026-07-02 23:28:20,059 [ERROR] LogOutputStream:75 - [STDERR_REDIRECT] 	at java.desktop/java.awt.LightweightDispatcher.processMouseEvent(Container.java:4584)
2026-07-02 23:28:20,060 [ERROR] LogOutputStream:75 - [STDERR_REDIRECT] 	at java.desktop/java.awt.LightweightDispatcher.dispatchEvent(Container.java:4516)
2026-07-02 23:28:20,061 [ERROR] LogOutputStream:75 - [STDERR_REDIRECT] 	at java.desktop/java.awt.Container.dispatchEventImpl(Container.java:2310)
2026-07-02 23:28:20,062 [ERROR] LogOutputStream:75 - [STDERR_REDIRECT] 	at java.desktop/java.awt.Component.dispatchEvent(Component.java:4828)
2026-07-02 23:28:20,063 [ERROR] LogOutputStream:75 - [STDERR_REDIRECT] 	at java.desktop/java.awt.EventQueue.dispatchEventImpl(EventQueue.java:775)
2026-07-02 23:28:20,064 [ERROR] LogOutputStream:75 - [STDERR_REDIRECT] 	at java.desktop/java.awt.EventQueue$4.run(EventQueue.java:720)
2026-07-02 23:28:20,065 [ERROR] LogOutputStream:75 - [STDERR_REDIRECT] 	at java.desktop/java.awt.EventQueue$4.run(EventQueue.java:714)
2026-07-02 23:28:20,066 [ERROR] LogOutputStream:75 - [STDERR_REDIRECT] 	at java.base/java.security.AccessController.doPrivileged(AccessController.java:400)
2026-07-02 23:28:20,068 [ERROR] LogOutputStream:75 - [STDERR_REDIRECT] 	at java.base/java.security.ProtectionDomain$JavaSecurityAccessImpl.doIntersectionPrivilege(ProtectionDomain.java:87)
2026-07-02 23:28:20,069 [ERROR] LogOutputStream:75 - [STDERR_REDIRECT] 	at java.base/java.security.ProtectionDomain$JavaSecurityAccessImpl.doIntersectionPrivilege(ProtectionDomain.java:98)
2026-07-02 23:28:20,070 [ERROR] LogOutputStream:75 - [STDERR_REDIRECT] 	at java.desktop/java.awt.EventQueue$5.run(EventQueue.java:747)
2026-07-02 23:28:20,071 [ERROR] LogOutputStream:75 - [STDERR_REDIRECT] 	at java.desktop/java.awt.EventQueue$5.run(EventQueue.java:745)
2026-07-02 23:28:20,072 [ERROR] LogOutputStream:75 - [STDERR_REDIRECT] 	at java.base/java.security.AccessController.doPrivileged(AccessController.java:400)
2026-07-02 23:28:20,074 [ERROR] LogOutputStream:75 - [STDERR_REDIRECT] 	at java.base/java.security.ProtectionDomain$JavaSecurityAccessImpl.doIntersectionPrivilege(ProtectionDomain.java:87)
2026-07-02 23:28:20,075 [ERROR] LogOutputStream:75 - [STDERR_REDIRECT] 	at java.desktop/java.awt.EventQueue.dispatchEvent(EventQueue.java:744)
2026-07-02 23:28:20,076 [ERROR] LogOutputStream:75 - [STDERR_REDIRECT] 	at java.desktop/java.awt.EventDispatchThread.pumpOneEventForFilters(EventDispatchThread.java:203)
2026-07-02 23:28:20,078 [ERROR] LogOutputStream:75 - [STDERR_REDIRECT] 	at java.desktop/java.awt.EventDispatchThread.pumpEventsForFilter(EventDispatchThread.java:124)
2026-07-02 23:28:20,079 [ERROR] LogOutputStream:75 - [STDERR_REDIRECT] 	at java.desktop/java.awt.EventDispatchThread.pumpEventsForHierarchy(EventDispatchThread.java:113)
2026-07-02 23:28:20,080 [ERROR] LogOutputStream:75 - [STDERR_REDIRECT] 	at java.desktop/java.awt.EventDispatchThread.pumpEvents(EventDispatchThread.java:109)
2026-07-02 23:28:20,081 [ERROR] LogOutputStream:75 - [STDERR_REDIRECT] 	at java.desktop/java.awt.EventDispatchThread.pumpEvents(EventDispatchThread.java:101)
2026-07-02 23:28:20,082 [ERROR] LogOutputStream:75 - [STDERR_REDIRECT] 	at java.desktop/java.awt.EventDispatchThread.run(EventDispatchThread.java:90)
2026-07-02 23:28:34,076 [INFO] UtilMem:75 - End SaveConfig() Used Memory: 934622888 Bytes (1073741824)
2026-07-02 23:28:35,145 [INFO] UtilMem:75 - End SaveConfig() Used Memory: 954310856 Bytes (1073741824)
2026-07-02 23:28:36,992 [INFO] UtilMem:75 - End SaveConfig() Used Memory: 781895120 Bytes (1073741824)
2026-07-02 23:28:37,103 [INFO] BlockDiagram:2775 - set Specific Code input for plugin: NVIC
2026-07-02 23:28:37,103 [INFO] BlockDiagram:2775 - set Specific Code input for plugin: TIM1_8
2026-07-02 23:28:37,103 [INFO] BlockDiagram:2775 - set Specific Code input for plugin: TIM1_8
2026-07-02 23:28:37,103 [INFO] BlockDiagram:2775 - set Specific Code input for plugin: TIM1_8
2026-07-02 23:28:37,103 [INFO] BlockDiagram:2775 - set Specific Code input for plugin: SYS
2026-07-02 23:28:37,103 [INFO] BlockDiagram:2775 - set Specific Code input for plugin: GPIO
2026-07-02 23:28:37,103 [INFO] BlockDiagram:2775 - set Specific Code input for plugin: RCC
2026-07-02 23:28:37,103 [INFO] BlockDiagram:2775 - set Specific Code input for plugin: I2C
2026-07-02 23:28:37,104 [INFO] CodeGenerator:892 - code generatio: config db path: C:\ST\STM32CubeIDE_1.19.0\STM32CubeIDE\plugins\com.st.stm32cube.common.mx_6.15.0.202507011659\\db\
2026-07-02 23:28:37,105 [WARN] IP:2250 - I2C_Coeff_DF not found: check if there is a RefParameter without a condition.
2026-07-02 23:28:37,105 [WARN] IP:2250 - Analog_Filter not found: check if there is a RefParameter without a condition.
2026-07-02 23:28:37,215 [INFO] CodeEngine:265 - oldGeneratedFile, E:\Git\Personal_Projects\Heated_Cabinet_PCB\MXTmpFiles\license.tmp_save
2026-07-02 23:28:37,428 [INFO] CodeEngine:289 - Generated code: E:\Git\Personal_Projects\Heated_Cabinet_PCB\MXTmpFiles\license.tmp
2026-07-02 23:28:37,467 [INFO] CodeEngine:265 - oldGeneratedFile, E:\Git\Personal_Projects\Heated_Cabinet_PCB\MXTmpFiles\gpio.tmp_save
2026-07-02 23:28:37,610 [INFO] CodeEngine:289 - Generated code: E:\Git\Personal_Projects\Heated_Cabinet_PCB\MXTmpFiles\gpio.tmp
2026-07-02 23:28:37,754 [INFO] CodeEngine:265 - oldGeneratedFile, E:\Git\Personal_Projects\Heated_Cabinet_PCB\Core\Src\stm32f4xx_it.c_save
2026-07-02 23:28:37,856 [INFO] CodeEngine:289 - Generated code: E:\Git\Personal_Projects\Heated_Cabinet_PCB\Core\Src\stm32f4xx_it.c
2026-07-02 23:28:37,862 [INFO] CodeEngine:265 - oldGeneratedFile, E:\Git\Personal_Projects\Heated_Cabinet_PCB\Core\Inc\stm32f4xx_it.h_save
2026-07-02 23:28:37,932 [INFO] CodeEngine:289 - Generated code: E:\Git\Personal_Projects\Heated_Cabinet_PCB\Core\Inc\stm32f4xx_it.h
2026-07-02 23:28:37,947 [INFO] CodeEngine:265 - oldGeneratedFile, E:\Git\Personal_Projects\Heated_Cabinet_PCB\Core\Src\stm32f4xx_hal_msp.c_save
2026-07-02 23:28:38,088 [INFO] CodeEngine:289 - Generated code: E:\Git\Personal_Projects\Heated_Cabinet_PCB\Core\Src\stm32f4xx_hal_msp.c
2026-07-02 23:28:38,093 [INFO] CodeEngine:265 - oldGeneratedFile, E:\Git\Personal_Projects\Heated_Cabinet_PCB\MXTmpFiles\system.tmp_save
2026-07-02 23:28:38,154 [INFO] CodeEngine:289 - Generated code: E:\Git\Personal_Projects\Heated_Cabinet_PCB\MXTmpFiles\system.tmp
2026-07-02 23:28:38,164 [INFO] CodeEngine:321 - oldGeneratedFile, E:\Git\Personal_Projects\Heated_Cabinet_PCB\Core\Inc\stm32f4xx_hal_conf.h_save
2026-07-02 23:28:38,241 [INFO] CodeEngine:345 - Generated code: E:\Git\Personal_Projects\Heated_Cabinet_PCB\Core\Inc\stm32f4xx_hal_conf.h
2026-07-02 23:28:38,263 [INFO] ApiDbMcu:532 - Load IP Config File for I2C1
2026-07-02 23:28:38,274 [INFO] ApiDbMcu:532 - Load IP Config File for TIM9
2026-07-02 23:28:38,284 [INFO] ApiDbMcu:532 - Load IP Config File for TIM10
2026-07-02 23:28:38,298 [INFO] ApiDbMcu:532 - Load IP Config File for TIM11
2026-07-02 23:28:38,303 [INFO] ApiDbMcu:532 - Load IP Config File for RCC
2026-07-02 23:28:38,304 [WARN] IPConfigManager:3811 - IP not found : TIM
2026-07-02 23:28:38,305 [WARN] CodeGenerator:4259 - IP not found : null
2026-07-02 23:28:38,314 [INFO] CodeEngine:265 - oldGeneratedFile, E:\Git\Personal_Projects\Heated_Cabinet_PCB\Core\Inc\main.h_save
2026-07-02 23:28:38,385 [INFO] CodeEngine:289 - Generated code: E:\Git\Personal_Projects\Heated_Cabinet_PCB\Core\Inc\main.h
2026-07-02 23:28:38,392 [INFO] CodeEngine:265 - oldGeneratedFile, E:\Git\Personal_Projects\Heated_Cabinet_PCB\Core\Src\main.c_save
2026-07-02 23:28:38,496 [INFO] CodeEngine:289 - Generated code: E:\Git\Personal_Projects\Heated_Cabinet_PCB\Core\Src\main.c
2026-07-02 23:28:38,945 [INFO] ProjectBuilder:3606 - Time for Copy HAL[1] : 246mS.
2026-07-02 23:28:38,948 [INFO] ProjectBuilder:5216 - Project Generator version: 4.7.0-B52
2026-07-02 23:28:39,032 [INFO] ConfigFileManager:1595 - The Die is : DIE423
2026-07-02 23:28:39,036 [INFO] ApiDbMcu:532 - Load IP Config File for FATFS
2026-07-02 23:28:39,042 [INFO] ApiDbMcu:532 - Load IP Config File for FREERTOS
2026-07-02 23:28:39,045 [INFO] ApiDbMcu:532 - Load IP Config File for LIBJPEG
2026-07-02 23:28:39,051 [INFO] ApiDbMcu:532 - Load IP Config File for MBEDTLS
2026-07-02 23:28:39,058 [INFO] ApiDbMcu:532 - Load IP Config File for USB_DEVICE
2026-07-02 23:28:39,062 [INFO] ApiDbMcu:532 - Load IP Config File for USB_HOST
2026-07-02 23:28:39,981 [INFO] ProjectBuilder:5496 - Time for Generating toolchain IDE Files: 1033mS.
2026-07-02 23:28:39,992 [INFO] ProjectBuilder:3463 - Time for Copy CMSIS : 10mS.
2026-07-02 23:28:39,995 [INFO] ProjectBuilder:3463 - Time for Copy CMSIS : 0mS.
2026-07-02 23:28:41,866 [INFO] MainUpdater:2872 - connection check result : 10
2026-07-02 23:28:41,866 [INFO] MainUpdater:2872 - connection check result : 10
2026-07-02 23:28:41,915 [INFO] MicroXplorer:468 - Change Database Path : 
2026-07-02 23:28:41,916 [INFO] MicroXplorer:498 - Change Database Version : DB.6.0.150
2026-07-02 23:28:41,924 [ERROR] ProjectManagerView:395 - 
java.lang.NullPointerException: Cannot invoke "javax.swing.JTextField.getText()" because the return value of "java.util.List.get(int)" is null
	at com.st.microxplorer.plugins.projectmanager.gui.ProjectChoiceTab$9.caretUpdate(ProjectChoiceTab.java:2706) ~[filemanager.jar:?]
	at javax.swing.text.JTextComponent.fireCaretUpdate(JTextComponent.java:408) ~[?:?]
	at javax.swing.text.JTextComponent$MutableCaretEvent.fire(JTextComponent.java:4484) ~[?:?]
	at javax.swing.text.JTextComponent$MutableCaretEvent.stateChanged(JTextComponent.java:4506) ~[?:?]
	at javax.swing.text.DefaultCaret.fireStateChanged(DefaultCaret.java:857) ~[?:?]
	at javax.swing.text.DefaultCaret.changeCaretPosition(DefaultCaret.java:1343) ~[?:?]
	at javax.swing.text.DefaultCaret.handleSetDot(DefaultCaret.java:1242) ~[?:?]
	at javax.swing.text.DefaultCaret.setDot(DefaultCaret.java:1223) ~[?:?]
	at javax.swing.text.DefaultCaret$Handler.insertUpdate(DefaultCaret.java:1819) ~[?:?]
	at javax.swing.text.AbstractDocument.fireInsertUpdate(AbstractDocument.java:227) ~[?:?]
	at javax.swing.text.AbstractDocument.handleInsertString(AbstractDocument.java:781) ~[?:?]
	at javax.swing.text.AbstractDocument.insertString(AbstractDocument.java:740) ~[?:?]
	at javax.swing.text.PlainDocument.insertString(PlainDocument.java:131) ~[?:?]
	at javax.swing.text.AbstractDocument.replace(AbstractDocument.java:699) ~[?:?]
	at javax.swing.text.JTextComponent.setText(JTextComponent.java:1725) ~[?:?]
	at com.st.microxplorer.plugins.projectmanager.gui.ProjectChoiceTab.createHeapStackFields(ProjectChoiceTab.java:993) ~[filemanager.jar:?]
	at com.st.microxplorer.plugins.projectmanager.gui.ProjectChoiceTab.buildLinkSettingsPanel(ProjectChoiceTab.java:3813) ~[filemanager.jar:?]
	at com.st.microxplorer.plugins.projectmanager.gui.ProjectChoiceTab.defineWindowsFields(ProjectChoiceTab.java:1987) ~[filemanager.jar:?]
	at com.st.microxplorer.plugins.projectmanager.gui.ProjectChoiceTab.updateSettings(ProjectChoiceTab.java:558) ~[filemanager.jar:?]
	at com.st.microxplorer.plugins.projectmanager.gui.ProjectSettingsPanel.UpdateDialog(ProjectSettingsPanel.java:247) ~[filemanager.jar:?]
	at com.st.microxplorer.plugins.projectmanager.ProjectManagerView.propertyChange(ProjectManagerView.java:392) ~[filemanager.jar:?]
	at java.beans.PropertyChangeSupport.fire(PropertyChangeSupport.java:343) ~[?:?]
	at java.beans.PropertyChangeSupport.firePropertyChange(PropertyChangeSupport.java:335) ~[?:?]
	at java.beans.PropertyChangeSupport.firePropertyChange(PropertyChangeSupport.java:268) ~[?:?]
	at com.st.microxplorer.util.MXPropertyChangeSupport.firePropertyChange(MXPropertyChangeSupport.java:54) ~[STM32CubeMX.jar:?]
	at com.st.microxplorer.mxsystem.MxSystem.closeConfig(MxSystem.java:899) ~[STM32CubeMX.jar:?]
	at com.st.microxplorer.maingui.MainPanel.closeConfig(MainPanel.java:792) ~[STM32CubeMX.jar:?]
	at com.st.microxplorer.plugins.filemanager.engine.OpenFileManager.loadConfigurationFile(OpenFileManager.java:288) ~[filemanager.jar:?]
	at com.st.microxplorer.plugins.filemanager.engine.MainFileManager.userLoadConfig(MainFileManager.java:364) ~[filemanager.jar:?]
	at com.st.microxplorer.plugins.filemanager.engine.MainFileManager.userLoadConfig(MainFileManager.java:342) ~[filemanager.jar:?]
	at com.st.microxplorer.plugins.filemanager.FileManagerView.getSpecificTask(FileManagerView.java:264) ~[filemanager.jar:?]
	at com.st.stm32cube.common.mx.editor.CubeMxEditor.getMxTabbedPaneInstance(CubeMxEditor.java:1198) ~[com.st.stm32cube.common.mx_6.15.0.202507011659/:?]
	at com.st.stm32cube.common.mx.editor.CubeMxEditor$12$1.createSwingComponent(CubeMxEditor.java:1068) ~[com.st.stm32cube.common.mx_6.15.0.202507011659/:?]
	at com.st.stm32cube.common.mx.oss.core.awtswtbridge.EmbeddedSwingComposite.doComponentCreation(EmbeddedSwingComposite.java:492) ~[com.st.stm32cube.common.mx.oss_6.15.0.202507011659/:?]
	at com.st.stm32cube.common.mx.oss.core.awtswtbridge.EmbeddedSwingComposite$4.run(EmbeddedSwingComposite.java:291) ~[com.st.stm32cube.common.mx.oss_6.15.0.202507011659/:?]
	at com.st.stm32cube.common.mx.oss.core.awtswtbridge.AwtEnvironment$2.run(AwtEnvironment.java:166) ~[com.st.stm32cube.common.mx.oss_6.15.0.202507011659/:?]
	at java.awt.event.InvocationEvent.dispatch(InvocationEvent.java:318) ~[?:?]
	at java.awt.EventQueue.dispatchEventImpl(EventQueue.java:773) ~[?:?]
	at java.awt.EventQueue$4.run(EventQueue.java:720) ~[?:?]
	at java.awt.EventQueue$4.run(EventQueue.java:714) ~[?:?]
	at java.security.AccessController.doPrivileged(AccessController.java:400) ~[?:?]
	at java.security.ProtectionDomain$JavaSecurityAccessImpl.doIntersectionPrivilege(ProtectionDomain.java:87) ~[?:?]
	at java.awt.EventQueue.dispatchEvent(EventQueue.java:742) ~[?:?]
	at java.awt.EventDispatchThread.pumpOneEventForFilters(EventDispatchThread.java:203) ~[?:?]
	at java.awt.EventDispatchThread.pumpEventsForFilter(EventDispatchThread.java:124) ~[?:?]
	at java.awt.EventDispatchThread.pumpEventsForHierarchy(EventDispatchThread.java:113) ~[?:?]
	at java.awt.EventDispatchThread.pumpEvents(EventDispatchThread.java:109) ~[?:?]
	at java.awt.EventDispatchThread.pumpEvents(EventDispatchThread.java:101) ~[?:?]
	at java.awt.EventDispatchThread.run(EventDispatchThread.java:90) ~[?:?]
2026-07-02 23:28:41,925 [WARN] ThirdParty:871 - waiting for thirdparty lock release [close project]
2026-07-02 23:28:41,925 [INFO] ThirdParty:873 - entering critical section [close project]
2026-07-02 23:28:41,925 [INFO] ThirdParty:883 - exiting critical section [close project]
2026-07-02 23:28:41,926 [INFO] PinOutPanel:1589 - setPackage(No Configuration,No Configuration)
2026-07-02 23:28:41,930 [WARN] IpParametersView:155 - Warning: This peripheral hasn't parameters
2026-07-02 23:28:41,932 [WARN] MainPanel:289 - <html><b><center>Warning: This peripheral has no parameters to be configured<br></b></html>
2026-07-02 23:28:41,935 [INFO] UtilMem:75 - Begin LoadConfig() Used Memory: 916971024 Bytes (1073741824)
2026-07-02 23:28:41,935 [INFO] MicroXplorer:468 - Change Database Path : 
2026-07-02 23:28:41,935 [INFO] MicroXplorer:498 - Change Database Version : DB.6.0.150
2026-07-02 23:28:41,935 [INFO] OpenFileManager:355 - Change cursor
2026-07-02 23:28:41,946 [INFO] RulesReader:64 - Compatibility file has been processed (317 Rules)
2026-07-02 23:28:41,949 [INFO] Mcu:2029 - Initializing MCU STM32F401R(D-E)Tx STM32F401RETx STM32F401RET6
2026-07-02 23:28:42,633 [INFO] Context:786 - Trying to add GPIOservice into a context  which must be forbidden
2026-07-02 23:28:43,064 [INFO] ImportTextPane:234 - (OptionalMessage_ERROR) Pin29 (VP_RIF_VS_RIF1) cannot be retrieved for this MCU
2026-07-02 23:28:43,090 [WARN] ModelIntegratedComponent:63 - No mode defined for component null
2026-07-02 23:28:43,090 [WARN] ModelIntegratedComponent:63 - No mode defined for component null
2026-07-02 23:28:43,090 [WARN] ModelIntegratedComponent:63 - No mode defined for component null
2026-07-02 23:28:43,090 [WARN] ModelIntegratedComponent:63 - No mode defined for component null
2026-07-02 23:28:43,090 [WARN] ModelIntegratedComponent:63 - No mode defined for component null
2026-07-02 23:28:43,090 [WARN] ModelIntegratedComponent:63 - No mode defined for component null
2026-07-02 23:28:43,090 [WARN] ModelIntegratedComponent:63 - No mode defined for component null
2026-07-02 23:28:43,090 [WARN] ModelIntegratedComponent:63 - No mode defined for component null
2026-07-02 23:28:43,090 [WARN] ModelIntegratedComponent:63 - No mode defined for component null
2026-07-02 23:28:43,090 [WARN] ModelIntegratedComponent:63 - No mode defined for component null
2026-07-02 23:28:43,090 [WARN] ModelIntegratedComponent:63 - No mode defined for component null
2026-07-02 23:28:43,091 [WARN] ModelIntegratedComponent:63 - No mode defined for component null
2026-07-02 23:28:43,091 [WARN] ModelIntegratedComponent:63 - No mode defined for component null
2026-07-02 23:28:43,091 [WARN] ModelIntegratedComponent:63 - No mode defined for component null
2026-07-02 23:28:43,091 [WARN] ModelIntegratedComponent:63 - No mode defined for component null
2026-07-02 23:28:43,091 [WARN] ModelIntegratedComponent:63 - No mode defined for component null
2026-07-02 23:28:43,091 [WARN] ModelIntegratedComponent:63 - No mode defined for component null
2026-07-02 23:28:43,091 [WARN] ModelIntegratedComponent:63 - No mode defined for component null
2026-07-02 23:28:43,091 [WARN] ModelIntegratedComponent:63 - No mode defined for component null
2026-07-02 23:28:43,091 [WARN] ModelIntegratedComponent:63 - No mode defined for component null
2026-07-02 23:28:43,091 [WARN] ModelIntegratedComponent:63 - No mode defined for component null
2026-07-02 23:28:43,091 [WARN] ModelIntegratedComponent:63 - No mode defined for component null
2026-07-02 23:28:43,091 [WARN] ModelIntegratedComponent:63 - No mode defined for component null
2026-07-02 23:28:43,091 [WARN] ModelIntegratedComponent:63 - No mode defined for component null
2026-07-02 23:28:43,091 [WARN] ModelIntegratedComponent:63 - No mode defined for component null
2026-07-02 23:28:43,091 [WARN] ModelIntegratedComponent:63 - No mode defined for component null
2026-07-02 23:28:43,091 [WARN] ModelIntegratedComponent:63 - No mode defined for component null
2026-07-02 23:28:43,091 [WARN] ModelIntegratedComponent:63 - No mode defined for component null
2026-07-02 23:28:43,091 [WARN] ModelIntegratedComponent:63 - No mode defined for component null
2026-07-02 23:28:43,091 [WARN] ModelIntegratedComponent:63 - No mode defined for component null
2026-07-02 23:28:43,091 [WARN] ModelIntegratedComponent:63 - No mode defined for component null
2026-07-02 23:28:43,091 [WARN] ModelIntegratedComponent:63 - No mode defined for component null
2026-07-02 23:28:43,091 [WARN] ModelIntegratedComponent:63 - No mode defined for component null
2026-07-02 23:28:43,091 [WARN] ModelIntegratedComponent:63 - No mode defined for component null
2026-07-02 23:28:43,091 [WARN] ModelIntegratedComponent:63 - No mode defined for component null
2026-07-02 23:28:43,092 [WARN] ModelPack:524 - Component already loaded: STMicroelectronics:HAL Drivers:0.0.0:STMicroelectronics:Device:STMicro_Driver:XSPI:HAL::0.0.1:HAL_XSPI
2026-07-02 23:28:43,095 [INFO] RtosManager:558 - Registered RTOS mode: class=CMSIS, group=RTOS, mode=CMSIS_V1, owner=FREERTOS
2026-07-02 23:28:43,095 [INFO] RtosManager:558 - Registered RTOS mode: class=CMSIS, group=RTOS2, mode=CMSIS_V2, owner=FREERTOS
2026-07-02 23:28:43,095 [INFO] RtosManager:558 - Registered RTOS mode: class=RTOS, group=Core, mode=CMSIS_V1, owner=FREERTOS
2026-07-02 23:28:43,095 [INFO] RtosManager:558 - Registered RTOS mode: class=RTOS, group=Core, mode=CMSIS_V2, owner=FREERTOS
2026-07-02 23:28:43,095 [WARN] ModelIntegratedComponent:184 - Missing modes for component STMicroelectronics:FreeRTOS:0.0.1:STMicroelectronics:RTOS:FreeRTOS:Core:::10.2.0:
2026-07-02 23:28:43,146 [INFO] ThirdPartyModel:298 - Start build external matchings
2026-07-02 23:28:43,178 [INFO] ThirdPartyModel:316 - End build external matchings
2026-07-02 23:28:43,183 [INFO] ImportTextPane:234 - (OptionalMessage_ERROR) IP (RCC) : Parameter (RTCHSEDivFreq_Value) has invalid value (4000000)
2026-07-02 23:28:43,387 [INFO] UtilMem:75 - End LoadConfig() Used Memory: 925894856 Bytes (1073741824)
2026-07-02 23:28:43,458 [WARN] ThirdParty:833 - waiting for thirdparty lock release [change project]
2026-07-02 23:28:43,458 [INFO] ThirdParty:835 - entering critical section [change project]
2026-07-02 23:28:43,458 [INFO] ThirdParty:1030 - CMSIS Pack Vendor :STMicroelectronics X-CUBE-PM33A1 1.0.0
2026-07-02 23:28:43,458 [INFO] ThirdParty:1030 - CMSIS Pack Vendor :STMicroelectronics USBPD 4.1
2026-07-02 23:28:43,458 [INFO] ThirdParty:1030 - CMSIS Pack Vendor :STMicroelectronics X-CUBE-DISPLAY 3.0.0
2026-07-02 23:28:43,458 [INFO] ThirdParty:1030 - CMSIS Pack Vendor :STMicroelectronics X-CUBE-NFC9 1.0.0
2026-07-02 23:28:43,458 [INFO] ThirdParty:1030 - CMSIS Pack Vendor :STMicroelectronics X-CUBE-NFC7 2.0.0
2026-07-02 23:28:43,458 [INFO] ThirdParty:1030 - CMSIS Pack Vendor :STMicroelectronics X-CUBE-TCPP 4.2.0
2026-07-02 23:28:43,458 [INFO] ThirdParty:1030 - CMSIS Pack Vendor :STMicroelectronics USB_HOST 2.0.0
2026-07-02 23:28:43,458 [INFO] ThirdParty:1030 - CMSIS Pack Vendor :STMicroelectronics LIBJPEG 8.0.0
2026-07-02 23:28:43,458 [INFO] ThirdParty:1030 - CMSIS Pack Vendor :STMicroelectronics FP-ATR-ASTRA1 2.0.2
2026-07-02 23:28:43,458 [INFO] ThirdParty:1030 - CMSIS Pack Vendor :STMicroelectronics FP-ATR-SIGFOX1 3.2.0
2026-07-02 23:28:43,458 [INFO] ThirdParty:1030 - CMSIS Pack Vendor :STMicroelectronics X-CUBE-NFC10 1.0.0
2026-07-02 23:28:43,458 [INFO] ThirdParty:1030 - CMSIS Pack Vendor :STMicroelectronics X-CUBE-BLE1 7.1.0
2026-07-02 23:28:43,458 [INFO] ThirdParty:1030 - CMSIS Pack Vendor :STMicroelectronics USB_DEVICE 3.0.0
2026-07-02 23:28:43,458 [INFO] ThirdParty:1030 - CMSIS Pack Vendor :STMicroelectronics X-CUBE-ISPU 2.1.0
2026-07-02 23:28:43,459 [INFO] ThirdParty:1030 - CMSIS Pack Vendor :STMicroelectronics HAL Drivers 0.0.0
2026-07-02 23:28:43,459 [INFO] ThirdParty:1030 - CMSIS Pack Vendor :STMicroelectronics MBEDTLS 2.16.2
2026-07-02 23:28:43,459 [INFO] ThirdParty:1030 - CMSIS Pack Vendor :STMicroelectronics X-CUBE-ALS 1.0.2
2026-07-02 23:28:43,459 [INFO] ThirdParty:1030 - CMSIS Pack Vendor :STMicroelectronics MBEDTLS 2.14.1
2026-07-02 23:28:43,459 [INFO] ThirdParty:1030 - CMSIS Pack Vendor :STMicroelectronics USB_DEVICE 2.0.0
2026-07-02 23:28:43,459 [INFO] ThirdParty:1030 - CMSIS Pack Vendor :STMicroelectronics ThreadX 1.0.0
2026-07-02 23:28:43,459 [INFO] ThirdParty:1030 - CMSIS Pack Vendor :STMicroelectronics FP-SNS-SMARTAG2 1.2.0
2026-07-02 23:28:43,459 [INFO] ThirdParty:1030 - CMSIS Pack Vendor :STMicroelectronics FP-SNS-FLIGHT1 5.1.0
2026-07-02 23:28:43,459 [INFO] ThirdParty:1030 - CMSIS Pack Vendor :STMicroelectronics X-CUBE-DPower 1.3.0
2026-07-02 23:28:43,459 [INFO] ThirdParty:1030 - CMSIS Pack Vendor :STMicroelectronics FreeRTOS 0.0.1
2026-07-02 23:28:43,459 [INFO] ThirdParty:1030 - CMSIS Pack Vendor :STMicroelectronics USB_DEVICE 1.0.0
2026-07-02 23:28:43,459 [INFO] ThirdParty:1030 - CMSIS Pack Vendor :STMicroelectronics X-CUBE-NFC4 3.0.0
2026-07-02 23:28:43,459 [INFO] ThirdParty:1030 - CMSIS Pack Vendor :STMicroelectronics X-CUBE-SUBG2 5.0.0
2026-07-02 23:28:43,459 [INFO] ThirdParty:1030 - CMSIS Pack Vendor :STMicroelectronics STM32_WPAN 1.0.0
2026-07-02 23:28:43,459 [INFO] ThirdParty:1030 - CMSIS Pack Vendor :STMicroelectronics ThreadX 0.0.2
2026-07-02 23:28:43,459 [INFO] ThirdParty:1030 - CMSIS Pack Vendor :STMicroelectronics lwIP 2.0.3
2026-07-02 23:28:43,459 [INFO] ThirdParty:1030 - CMSIS Pack Vendor :STMicroelectronics lwIP 2.1.2
2026-07-02 23:28:43,459 [INFO] ThirdParty:1030 - CMSIS Pack Vendor :STMicroelectronics X-CUBE-SFXS2LP1 4.0.0
2026-07-02 23:28:43,459 [INFO] ThirdParty:1030 - CMSIS Pack Vendor :STMicroelectronics X-CUBE-BLE2 3.3.0
2026-07-02 23:28:43,459 [INFO] ThirdParty:1030 - CMSIS Pack Vendor :STMicroelectronics X-CUBE-TOF1 3.4.3
2026-07-02 23:28:43,459 [INFO] ThirdParty:1030 - CMSIS Pack Vendor :STMicroelectronics USB_HOST 1.0.0
2026-07-02 23:28:43,459 [INFO] ThirdParty:1030 - CMSIS Pack Vendor :STMicroelectronics PDM2PCM 3.1.0
2026-07-02 23:28:43,459 [INFO] ThirdParty:1030 - CMSIS Pack Vendor :STMicroelectronics PDM2PCM 3.2.0
2026-07-02 23:28:43,459 [INFO] ThirdParty:1030 - CMSIS Pack Vendor :STMicroelectronics PDM2PCM 3.3.0
2026-07-02 23:28:43,459 [INFO] ThirdParty:841 - exiting critical section [change project]
2026-07-02 23:28:43,562 [INFO] PinOutPanel:1589 - setPackage(No Configuration,No Configuration)
2026-07-02 23:28:43,563 [INFO] PinOutPanel:1589 - setPackage(STM32F401RETx,LQFP64)
2026-07-02 23:28:43,871 [INFO] UtilMem:75 - Before build in PCC Used Memory: 795080928 Bytes (1073741824)
2026-07-02 23:28:44,186 [INFO] UtilMem:75 - After build in PCC Used Memory: 842266848 Bytes (1073741824)
2026-07-02 23:28:44,201 [INFO] IPUIPlugin:80 - create IPUIPlugin
2026-07-02 23:28:44,201 [INFO] IPUIPlugin:80 - create IPUIPlugin
2026-07-02 23:28:44,201 [INFO] IPUIPlugin:80 - create IPUIPlugin
2026-07-02 23:28:44,201 [INFO] IPUIPlugin:80 - create IPUIPlugin
2026-07-02 23:28:44,201 [INFO] IPUIPlugin:80 - create IPUIPlugin
2026-07-02 23:28:44,201 [INFO] IPUIPlugin:80 - create IPUIPlugin
2026-07-02 23:28:44,201 [INFO] IPUIPlugin:80 - create IPUIPlugin
2026-07-02 23:28:44,202 [INFO] IPUIPlugin:80 - create IPUIPlugin
2026-07-02 23:28:44,202 [INFO] IPUIPlugin:80 - create IPUIPlugin
2026-07-02 23:28:44,202 [INFO] IPUIPlugin:80 - create IPUIPlugin
2026-07-02 23:28:44,202 [INFO] IPUIPlugin:80 - create IPUIPlugin
2026-07-02 23:28:44,202 [INFO] IPUIPlugin:80 - create IPUIPlugin
2026-07-02 23:28:44,202 [INFO] IPUIPlugin:80 - create IPUIPlugin
2026-07-02 23:28:44,202 [INFO] IPUIPlugin:80 - create IPUIPlugin
2026-07-02 23:28:44,203 [INFO] IPUIPlugin:80 - create IPUIPlugin
2026-07-02 23:28:44,203 [INFO] IPUIPlugin:80 - create IPUIPlugin
2026-07-02 23:28:44,203 [INFO] IPUIPlugin:80 - create IPUIPlugin
2026-07-02 23:28:44,203 [INFO] IPUIPlugin:80 - create IPUIPlugin
2026-07-02 23:28:44,203 [INFO] IPUIPlugin:80 - create IPUIPlugin
2026-07-02 23:28:44,204 [INFO] IPUIPlugin:80 - create IPUIPlugin
2026-07-02 23:28:44,204 [INFO] IPUIPlugin:80 - create IPUIPlugin
2026-07-02 23:28:44,204 [INFO] IPUIPlugin:80 - create IPUIPlugin
2026-07-02 23:28:44,204 [INFO] IPUIPlugin:80 - create IPUIPlugin
2026-07-02 23:28:44,204 [INFO] IPUIPlugin:80 - create IPUIPlugin
2026-07-02 23:28:44,204 [INFO] IPUIPlugin:80 - create IPUIPlugin
2026-07-02 23:28:44,205 [INFO] IPUIPlugin:80 - create IPUIPlugin
2026-07-02 23:28:44,205 [INFO] IPUIPlugin:80 - create IPUIPlugin
2026-07-02 23:28:44,205 [INFO] IPUIPlugin:80 - create IPUIPlugin
2026-07-02 23:28:44,205 [INFO] IPUIPlugin:80 - create IPUIPlugin
2026-07-02 23:28:44,205 [INFO] IPUIPlugin:80 - create IPUIPlugin
2026-07-02 23:28:44,205 [INFO] IPUIPlugin:80 - create IPUIPlugin
2026-07-02 23:28:44,206 [INFO] IPUIPlugin:80 - create IPUIPlugin
2026-07-02 23:28:44,206 [INFO] IPUIPlugin:80 - create IPUIPlugin
2026-07-02 23:28:44,206 [INFO] IPUIPlugin:80 - create IPUIPlugin
2026-07-02 23:28:44,206 [INFO] IPUIPlugin:80 - create IPUIPlugin
2026-07-02 23:28:44,207 [INFO] IPUIPlugin:80 - create IPUIPlugin
2026-07-02 23:28:44,207 [INFO] IPUIPlugin:80 - create IPUIPlugin
2026-07-02 23:28:44,207 [INFO] IPUIPlugin:80 - create IPUIPlugin
2026-07-02 23:28:44,210 [INFO] ApiDbMcu:532 - Load IP Config File for PDM2PCM
2026-07-02 23:28:44,211 [WARN] IP:2250 - I2C_Coeff_DF not found: check if there is a RefParameter without a condition.
2026-07-02 23:28:44,211 [WARN] IP:2250 - Analog_Filter not found: check if there is a RefParameter without a condition.
2026-07-02 23:28:44,243 [INFO] CADModel:165 - CPN selected for project levelSTM32F401RET6
2026-07-02 23:28:44,243 [INFO] CADModel:114 - Register for checkConnection events
2026-07-02 23:28:44,311 [INFO] OpenFileManager:386 - Restore cursor
2026-07-02 23:28:44,632 [WARN] IP:2250 - I2C_Coeff_DF not found: check if there is a RefParameter without a condition.
2026-07-02 23:28:44,632 [WARN] IP:2250 - Analog_Filter not found: check if there is a RefParameter without a condition.
2026-07-02 23:28:44,632 [WARN] IP:2250 - I2C_Coeff_DF not found: check if there is a RefParameter without a condition.
2026-07-02 23:28:44,632 [WARN] IP:2250 - Analog_Filter not found: check if there is a RefParameter without a condition.
2026-07-02 23:29:14,330 [INFO] NvicIntPanel:101 - NVIC parent = com.st.microxplorer.plugins.ip.nvic.MultiNvicIntPanel[,0,0,0x0,invalid,layout=javax.swing.BoxLayout,alignmentX=0.0,alignmentY=0.0,border=,flags=9,maximumSize=,minimumSize=,preferredSize=]
2026-07-02 23:29:17,294 [INFO] NvicIntPanel:101 - NVIC parent = com.st.microxplorer.plugins.ip.nvic.MultiNvicIntPanel[,0,0,0x0,invalid,layout=javax.swing.BoxLayout,alignmentX=0.0,alignmentY=0.0,border=,flags=9,maximumSize=,minimumSize=,preferredSize=]
2026-07-02 23:29:19,047 [INFO] NvicIntPanel:101 - NVIC parent = com.st.microxplorer.plugins.ip.nvic.MultiNvicIntPanel[,0,0,0x0,invalid,layout=javax.swing.BoxLayout,alignmentX=0.0,alignmentY=0.0,border=,flags=9,maximumSize=,minimumSize=,preferredSize=]
2026-07-02 23:29:19,694 [INFO] NvicIntPanel:101 - NVIC parent = com.st.microxplorer.plugins.ip.nvic.MultiNvicIntPanel[,0,0,0x0,invalid,layout=javax.swing.BoxLayout,alignmentX=0.0,alignmentY=0.0,border=,flags=9,maximumSize=,minimumSize=,preferredSize=]
2026-07-02 23:29:23,507 [ERROR] LogOutputStream:75 - [STDERR_REDIRECT] java.lang.Error: no ComponentUI class for: com.st.microxplorer.plugins.ip.nvic.CheckBoxHeader[,0,0,0x0,invalid,alignmentX=0.0,alignmentY=0.0,border=,flags=0,maximumSize=,minimumSize=,preferredSize=,defaultIcon=,disabledIcon=,disabledSelectedIcon=,margin=null,paintBorder=true,paintFocus=true,pressedIcon=,rolloverEnabled=false,rolloverIcon=,rolloverSelectedIcon=,selectedIcon=,text=]
2026-07-02 23:29:23,509 [ERROR] LogOutputStream:75 - [STDERR_REDIRECT] 	at java.desktop/javax.swing.UIDefaults.getUIError(UIDefaults.java:763)
2026-07-02 23:29:23,510 [ERROR] LogOutputStream:75 - [STDERR_REDIRECT] 	at java.desktop/javax.swing.MultiUIDefaults.getUIError(MultiUIDefaults.java:144)
2026-07-02 23:29:23,511 [ERROR] LogOutputStream:75 - [STDERR_REDIRECT] 	at java.desktop/javax.swing.UIDefaults.getUI(UIDefaults.java:793)
2026-07-02 23:29:23,512 [ERROR] LogOutputStream:75 - [STDERR_REDIRECT] 	at java.desktop/javax.swing.UIManager.getUI(UIManager.java:1070)
2026-07-02 23:29:23,513 [ERROR] LogOutputStream:75 - [STDERR_REDIRECT] 	at java.desktop/javax.swing.JCheckBox.updateUI(JCheckBox.java:228)
2026-07-02 23:29:23,514 [ERROR] LogOutputStream:75 - [STDERR_REDIRECT] 	at java.desktop/javax.swing.AbstractButton.init(AbstractButton.java:2141)
2026-07-02 23:29:23,514 [ERROR] LogOutputStream:75 - [STDERR_REDIRECT] 	at java.desktop/javax.swing.JToggleButton.<init>(JToggleButton.java:187)
2026-07-02 23:29:23,515 [ERROR] LogOutputStream:75 - [STDERR_REDIRECT] 	at java.desktop/javax.swing.JCheckBox.<init>(JCheckBox.java:176)
2026-07-02 23:29:23,516 [ERROR] LogOutputStream:75 - [STDERR_REDIRECT] 	at java.desktop/javax.swing.JCheckBox.<init>(JCheckBox.java:97)
2026-07-02 23:29:23,518 [ERROR] LogOutputStream:75 - [STDERR_REDIRECT] 	at com.st.microxplorer.plugins.ip.nvic.CheckBoxHeader.<init>(CheckBoxHeader.java:55)
2026-07-02 23:29:23,519 [ERROR] LogOutputStream:75 - [STDERR_REDIRECT] 	at com.st.microxplorer.plugins.ip.nvic.NvicCodeSelectionTable.<init>(NvicCodeSelectionTable.java:75)
2026-07-02 23:29:23,520 [ERROR] LogOutputStream:75 - [STDERR_REDIRECT] 	at com.st.microxplorer.plugins.ip.nvic.NvicCodePanel.initComponents(NvicCodePanel.java:102)
2026-07-02 23:29:23,521 [ERROR] LogOutputStream:75 - [STDERR_REDIRECT] 	at com.st.microxplorer.plugins.ip.nvic.NvicCodePanel.<init>(NvicCodePanel.java:78)
2026-07-02 23:29:23,523 [ERROR] LogOutputStream:75 - [STDERR_REDIRECT] 	at com.st.microxplorer.plugins.ip.nvic.NvicTabbedPanel.<init>(NvicTabbedPanel.java:57)
2026-07-02 23:29:23,523 [ERROR] LogOutputStream:75 - [STDERR_REDIRECT] 	at com.st.microxplorer.plugins.ip.nvic.Nvic.getUI(Nvic.java:73)
2026-07-02 23:29:23,525 [ERROR] LogOutputStream:75 - [STDERR_REDIRECT] 	at com.st.microxplorer.plugins.ipmanager.gui.BlockDiagram.createIpPanel(BlockDiagram.java:402)
2026-07-02 23:29:23,526 [ERROR] LogOutputStream:75 - [STDERR_REDIRECT] 	at com.st.microxplorer.plugins.ipmanager.gui.BlockDiagram.getIPConfigPanel(BlockDiagram.java:552)
2026-07-02 23:29:23,527 [ERROR] LogOutputStream:75 - [STDERR_REDIRECT] 	at com.st.microxplorer.plugins.ipmanager.gui.BlockDiagram.getIPConfigPanel(BlockDiagram.java:458)
2026-07-02 23:29:23,528 [ERROR] LogOutputStream:75 - [STDERR_REDIRECT] 	at com.st.microxplorer.plugins.ipmanager.gui.BlockDiagram.propertyChange(BlockDiagram.java:1389)
2026-07-02 23:29:23,530 [ERROR] LogOutputStream:75 - [STDERR_REDIRECT] 	at java.desktop/java.beans.PropertyChangeSupport.fire(PropertyChangeSupport.java:343)
2026-07-02 23:29:23,531 [ERROR] LogOutputStream:75 - [STDERR_REDIRECT] 	at java.desktop/java.beans.PropertyChangeSupport.firePropertyChange(PropertyChangeSupport.java:335)
2026-07-02 23:29:23,532 [ERROR] LogOutputStream:75 - [STDERR_REDIRECT] 	at java.desktop/java.beans.PropertyChangeSupport.firePropertyChange(PropertyChangeSupport.java:268)
2026-07-02 23:29:23,533 [ERROR] LogOutputStream:75 - [STDERR_REDIRECT] 	at com.st.microxplorer.util.MXPropertyChangeSupport.firePropertyChange(MXPropertyChangeSupport.java:54)
2026-07-02 23:29:23,534 [ERROR] LogOutputStream:75 - [STDERR_REDIRECT] 	at com.st.microxplorer.mxsystem.MxSystem.firePropertyChange(MxSystem.java:357)
2026-07-02 23:29:23,536 [ERROR] LogOutputStream:75 - [STDERR_REDIRECT] 	at com.st.microxplorer.plugins.pinoutconfig.guiV5.PeripheralsSelectionPanel.selectIP(PeripheralsSelectionPanel.java:409)
2026-07-02 23:29:23,538 [ERROR] LogOutputStream:75 - [STDERR_REDIRECT] 	at com.st.microxplorer.plugins.pinoutconfig.guiV5.PeripheralsListListener.mouseClicked(PeripheralsListListener.java:103)
2026-07-02 23:29:23,539 [ERROR] LogOutputStream:75 - [STDERR_REDIRECT] 	at java.desktop/java.awt.AWTEventMulticaster.mouseClicked(AWTEventMulticaster.java:278)
2026-07-02 23:29:23,540 [ERROR] LogOutputStream:75 - [STDERR_REDIRECT] 	at java.desktop/java.awt.AWTEventMulticaster.mouseClicked(AWTEventMulticaster.java:277)
2026-07-02 23:29:23,541 [ERROR] LogOutputStream:75 - [STDERR_REDIRECT] 	at java.desktop/java.awt.Component.processMouseEvent(Component.java:6624)
2026-07-02 23:29:23,542 [ERROR] LogOutputStream:75 - [STDERR_REDIRECT] 	at java.desktop/javax.swing.JComponent.processMouseEvent(JComponent.java:3398)
2026-07-02 23:29:23,543 [ERROR] LogOutputStream:75 - [STDERR_REDIRECT] 	at java.desktop/java.awt.Component.processEvent(Component.java:6386)
2026-07-02 23:29:23,544 [ERROR] LogOutputStream:75 - [STDERR_REDIRECT] 	at java.desktop/java.awt.Container.processEvent(Container.java:2266)
2026-07-02 23:29:23,545 [ERROR] LogOutputStream:75 - [STDERR_REDIRECT] 	at java.desktop/java.awt.Component.dispatchEventImpl(Component.java:4996)
2026-07-02 23:29:23,546 [ERROR] LogOutputStream:75 - [STDERR_REDIRECT] 	at java.desktop/java.awt.Container.dispatchEventImpl(Container.java:2324)
2026-07-02 23:29:23,547 [ERROR] LogOutputStream:75 - [STDERR_REDIRECT] 	at java.desktop/java.awt.Component.dispatchEvent(Component.java:4828)
2026-07-02 23:29:23,548 [ERROR] LogOutputStream:75 - [STDERR_REDIRECT] 	at java.desktop/java.awt.LightweightDispatcher.retargetMouseEvent(Container.java:4948)
2026-07-02 23:29:23,549 [ERROR] LogOutputStream:75 - [STDERR_REDIRECT] 	at java.desktop/java.awt.LightweightDispatcher.processMouseEvent(Container.java:4584)
2026-07-02 23:29:23,550 [ERROR] LogOutputStream:75 - [STDERR_REDIRECT] 	at java.desktop/java.awt.LightweightDispatcher.dispatchEvent(Container.java:4516)
2026-07-02 23:29:23,551 [ERROR] LogOutputStream:75 - [STDERR_REDIRECT] 	at java.desktop/java.awt.Container.dispatchEventImpl(Container.java:2310)
2026-07-02 23:29:23,552 [ERROR] LogOutputStream:75 - [STDERR_REDIRECT] 	at java.desktop/java.awt.Component.dispatchEvent(Component.java:4828)
2026-07-02 23:29:23,553 [ERROR] LogOutputStream:75 - [STDERR_REDIRECT] 	at java.desktop/java.awt.EventQueue.dispatchEventImpl(EventQueue.java:775)
2026-07-02 23:29:23,554 [ERROR] LogOutputStream:75 - [STDERR_REDIRECT] 	at java.desktop/java.awt.EventQueue$4.run(EventQueue.java:720)
2026-07-02 23:29:23,555 [ERROR] LogOutputStream:75 - [STDERR_REDIRECT] 	at java.desktop/java.awt.EventQueue$4.run(EventQueue.java:714)
2026-07-02 23:29:23,556 [ERROR] LogOutputStream:75 - [STDERR_REDIRECT] 	at java.base/java.security.AccessController.doPrivileged(AccessController.java:400)
2026-07-02 23:29:23,557 [ERROR] LogOutputStream:75 - [STDERR_REDIRECT] 	at java.base/java.security.ProtectionDomain$JavaSecurityAccessImpl.doIntersectionPrivilege(ProtectionDomain.java:87)
2026-07-02 23:29:23,559 [ERROR] LogOutputStream:75 - [STDERR_REDIRECT] 	at java.base/java.security.ProtectionDomain$JavaSecurityAccessImpl.doIntersectionPrivilege(ProtectionDomain.java:98)
2026-07-02 23:29:23,560 [ERROR] LogOutputStream:75 - [STDERR_REDIRECT] 	at java.desktop/java.awt.EventQueue$5.run(EventQueue.java:747)
2026-07-02 23:29:23,560 [ERROR] LogOutputStream:75 - [STDERR_REDIRECT] 	at java.desktop/java.awt.EventQueue$5.run(EventQueue.java:745)
2026-07-02 23:29:23,561 [ERROR] LogOutputStream:75 - [STDERR_REDIRECT] 	at java.base/java.security.AccessController.doPrivileged(AccessController.java:400)
2026-07-02 23:29:23,563 [ERROR] LogOutputStream:75 - [STDERR_REDIRECT] 	at java.base/java.security.ProtectionDomain$JavaSecurityAccessImpl.doIntersectionPrivilege(ProtectionDomain.java:87)
2026-07-02 23:29:23,564 [ERROR] LogOutputStream:75 - [STDERR_REDIRECT] 	at java.desktop/java.awt.EventQueue.dispatchEvent(EventQueue.java:744)
2026-07-02 23:29:23,565 [ERROR] LogOutputStream:75 - [STDERR_REDIRECT] 	at java.desktop/java.awt.EventDispatchThread.pumpOneEventForFilters(EventDispatchThread.java:203)
2026-07-02 23:29:23,567 [ERROR] LogOutputStream:75 - [STDERR_REDIRECT] 	at java.desktop/java.awt.EventDispatchThread.pumpEventsForFilter(EventDispatchThread.java:124)
2026-07-02 23:29:23,568 [ERROR] LogOutputStream:75 - [STDERR_REDIRECT] 	at java.desktop/java.awt.EventDispatchThread.pumpEventsForHierarchy(EventDispatchThread.java:113)
2026-07-02 23:29:23,570 [ERROR] LogOutputStream:75 - [STDERR_REDIRECT] 	at java.desktop/java.awt.EventDispatchThread.pumpEvents(EventDispatchThread.java:109)
2026-07-02 23:29:23,571 [ERROR] LogOutputStream:75 - [STDERR_REDIRECT] 	at java.desktop/java.awt.EventDispatchThread.pumpEvents(EventDispatchThread.java:101)
2026-07-02 23:29:23,572 [ERROR] LogOutputStream:75 - [STDERR_REDIRECT] 	at java.desktop/java.awt.EventDispatchThread.run(EventDispatchThread.java:90)
2026-07-02 23:29:23,577 [ERROR] LogOutputStream:75 - [STDERR_REDIRECT] java.lang.Error: no ComponentUI class for: com.st.microxplorer.plugins.ip.nvic.CheckBoxHeader[,0,0,0x0,invalid,alignmentX=0.0,alignmentY=0.0,border=,flags=0,maximumSize=,minimumSize=,preferredSize=,defaultIcon=,disabledIcon=,disabledSelectedIcon=,margin=null,paintBorder=true,paintFocus=true,pressedIcon=,rolloverEnabled=false,rolloverIcon=,rolloverSelectedIcon=,selectedIcon=,text=]
2026-07-02 23:29:23,578 [ERROR] LogOutputStream:75 - [STDERR_REDIRECT] 	at java.desktop/javax.swing.UIDefaults.getUIError(UIDefaults.java:763)
2026-07-02 23:29:23,579 [ERROR] LogOutputStream:75 - [STDERR_REDIRECT] 	at java.desktop/javax.swing.MultiUIDefaults.getUIError(MultiUIDefaults.java:144)
2026-07-02 23:29:23,580 [ERROR] LogOutputStream:75 - [STDERR_REDIRECT] 	at java.desktop/javax.swing.UIDefaults.getUI(UIDefaults.java:793)
2026-07-02 23:29:23,581 [ERROR] LogOutputStream:75 - [STDERR_REDIRECT] 	at java.desktop/javax.swing.UIManager.getUI(UIManager.java:1070)
2026-07-02 23:29:23,582 [ERROR] LogOutputStream:75 - [STDERR_REDIRECT] 	at java.desktop/javax.swing.JCheckBox.updateUI(JCheckBox.java:228)
2026-07-02 23:29:23,583 [ERROR] LogOutputStream:75 - [STDERR_REDIRECT] 	at java.desktop/javax.swing.AbstractButton.init(AbstractButton.java:2141)
2026-07-02 23:29:23,584 [ERROR] LogOutputStream:75 - [STDERR_REDIRECT] 	at java.desktop/javax.swing.JToggleButton.<init>(JToggleButton.java:187)
2026-07-02 23:29:23,585 [ERROR] LogOutputStream:75 - [STDERR_REDIRECT] 	at java.desktop/javax.swing.JCheckBox.<init>(JCheckBox.java:176)
2026-07-02 23:29:23,586 [ERROR] LogOutputStream:75 - [STDERR_REDIRECT] 	at java.desktop/javax.swing.JCheckBox.<init>(JCheckBox.java:97)
2026-07-02 23:29:23,587 [ERROR] LogOutputStream:75 - [STDERR_REDIRECT] 	at com.st.microxplorer.plugins.ip.nvic.CheckBoxHeader.<init>(CheckBoxHeader.java:55)
2026-07-02 23:29:23,589 [ERROR] LogOutputStream:75 - [STDERR_REDIRECT] 	at com.st.microxplorer.plugins.ip.nvic.NvicCodeSelectionTable.<init>(NvicCodeSelectionTable.java:78)
2026-07-02 23:29:23,590 [ERROR] LogOutputStream:75 - [STDERR_REDIRECT] 	at com.st.microxplorer.plugins.ip.nvic.NvicCodePanel.initComponents(NvicCodePanel.java:102)
2026-07-02 23:29:23,591 [ERROR] LogOutputStream:75 - [STDERR_REDIRECT] 	at com.st.microxplorer.plugins.ip.nvic.NvicCodePanel.<init>(NvicCodePanel.java:78)
2026-07-02 23:29:23,593 [ERROR] LogOutputStream:75 - [STDERR_REDIRECT] 	at com.st.microxplorer.plugins.ip.nvic.NvicTabbedPanel.<init>(NvicTabbedPanel.java:57)
2026-07-02 23:29:23,594 [ERROR] LogOutputStream:75 - [STDERR_REDIRECT] 	at com.st.microxplorer.plugins.ip.nvic.Nvic.getUI(Nvic.java:73)
2026-07-02 23:29:23,595 [ERROR] LogOutputStream:75 - [STDERR_REDIRECT] 	at com.st.microxplorer.plugins.ipmanager.gui.BlockDiagram.createIpPanel(BlockDiagram.java:402)
2026-07-02 23:29:23,597 [ERROR] LogOutputStream:75 - [STDERR_REDIRECT] 	at com.st.microxplorer.plugins.ipmanager.gui.BlockDiagram.getIPConfigPanel(BlockDiagram.java:552)
2026-07-02 23:29:23,598 [ERROR] LogOutputStream:75 - [STDERR_REDIRECT] 	at com.st.microxplorer.plugins.ipmanager.gui.BlockDiagram.getIPConfigPanel(BlockDiagram.java:458)
2026-07-02 23:29:23,600 [ERROR] LogOutputStream:75 - [STDERR_REDIRECT] 	at com.st.microxplorer.plugins.ipmanager.gui.BlockDiagram.propertyChange(BlockDiagram.java:1389)
2026-07-02 23:29:23,601 [ERROR] LogOutputStream:75 - [STDERR_REDIRECT] 	at java.desktop/java.beans.PropertyChangeSupport.fire(PropertyChangeSupport.java:343)
2026-07-02 23:29:23,602 [ERROR] LogOutputStream:75 - [STDERR_REDIRECT] 	at java.desktop/java.beans.PropertyChangeSupport.firePropertyChange(PropertyChangeSupport.java:335)
2026-07-02 23:29:23,604 [ERROR] LogOutputStream:75 - [STDERR_REDIRECT] 	at java.desktop/java.beans.PropertyChangeSupport.firePropertyChange(PropertyChangeSupport.java:268)
2026-07-02 23:29:23,605 [ERROR] LogOutputStream:75 - [STDERR_REDIRECT] 	at com.st.microxplorer.util.MXPropertyChangeSupport.firePropertyChange(MXPropertyChangeSupport.java:54)
2026-07-02 23:29:23,607 [ERROR] LogOutputStream:75 - [STDERR_REDIRECT] 	at com.st.microxplorer.mxsystem.MxSystem.firePropertyChange(MxSystem.java:357)
2026-07-02 23:29:23,608 [ERROR] LogOutputStream:75 - [STDERR_REDIRECT] 	at com.st.microxplorer.plugins.pinoutconfig.guiV5.PeripheralsSelectionPanel.selectIP(PeripheralsSelectionPanel.java:409)
2026-07-02 23:29:23,610 [ERROR] LogOutputStream:75 - [STDERR_REDIRECT] 	at com.st.microxplorer.plugins.pinoutconfig.guiV5.PeripheralsListListener.mouseClicked(PeripheralsListListener.java:103)
2026-07-02 23:29:23,611 [ERROR] LogOutputStream:75 - [STDERR_REDIRECT] 	at java.desktop/java.awt.AWTEventMulticaster.mouseClicked(AWTEventMulticaster.java:278)
2026-07-02 23:29:23,613 [ERROR] LogOutputStream:75 - [STDERR_REDIRECT] 	at java.desktop/java.awt.AWTEventMulticaster.mouseClicked(AWTEventMulticaster.java:277)
2026-07-02 23:29:23,614 [ERROR] LogOutputStream:75 - [STDERR_REDIRECT] 	at java.desktop/java.awt.Component.processMouseEvent(Component.java:6624)
2026-07-02 23:29:23,615 [ERROR] LogOutputStream:75 - [STDERR_REDIRECT] 	at java.desktop/javax.swing.JComponent.processMouseEvent(JComponent.java:3398)
2026-07-02 23:29:23,616 [ERROR] LogOutputStream:75 - [STDERR_REDIRECT] 	at java.desktop/java.awt.Component.processEvent(Component.java:6386)
2026-07-02 23:29:23,617 [ERROR] LogOutputStream:75 - [STDERR_REDIRECT] 	at java.desktop/java.awt.Container.processEvent(Container.java:2266)
2026-07-02 23:29:23,618 [ERROR] LogOutputStream:75 - [STDERR_REDIRECT] 	at java.desktop/java.awt.Component.dispatchEventImpl(Component.java:4996)
2026-07-02 23:29:23,619 [ERROR] LogOutputStream:75 - [STDERR_REDIRECT] 	at java.desktop/java.awt.Container.dispatchEventImpl(Container.java:2324)
2026-07-02 23:29:23,620 [ERROR] LogOutputStream:75 - [STDERR_REDIRECT] 	at java.desktop/java.awt.Component.dispatchEvent(Component.java:4828)
2026-07-02 23:29:23,621 [ERROR] LogOutputStream:75 - [STDERR_REDIRECT] 	at java.desktop/java.awt.LightweightDispatcher.retargetMouseEvent(Container.java:4948)
2026-07-02 23:29:23,622 [ERROR] LogOutputStream:75 - [STDERR_REDIRECT] 	at java.desktop/java.awt.LightweightDispatcher.processMouseEvent(Container.java:4584)
2026-07-02 23:29:23,624 [ERROR] LogOutputStream:75 - [STDERR_REDIRECT] 	at java.desktop/java.awt.LightweightDispatcher.dispatchEvent(Container.java:4516)
2026-07-02 23:29:23,625 [ERROR] LogOutputStream:75 - [STDERR_REDIRECT] 	at java.desktop/java.awt.Container.dispatchEventImpl(Container.java:2310)
2026-07-02 23:29:23,626 [ERROR] LogOutputStream:75 - [STDERR_REDIRECT] 	at java.desktop/java.awt.Component.dispatchEvent(Component.java:4828)
2026-07-02 23:29:23,627 [ERROR] LogOutputStream:75 - [STDERR_REDIRECT] 	at java.desktop/java.awt.EventQueue.dispatchEventImpl(EventQueue.java:775)
2026-07-02 23:29:23,628 [ERROR] LogOutputStream:75 - [STDERR_REDIRECT] 	at java.desktop/java.awt.EventQueue$4.run(EventQueue.java:720)
2026-07-02 23:29:23,628 [ERROR] LogOutputStream:75 - [STDERR_REDIRECT] 	at java.desktop/java.awt.EventQueue$4.run(EventQueue.java:714)
2026-07-02 23:29:23,630 [ERROR] LogOutputStream:75 - [STDERR_REDIRECT] 	at java.base/java.security.AccessController.doPrivileged(AccessController.java:400)
2026-07-02 23:29:23,631 [ERROR] LogOutputStream:75 - [STDERR_REDIRECT] 	at java.base/java.security.ProtectionDomain$JavaSecurityAccessImpl.doIntersectionPrivilege(ProtectionDomain.java:87)
2026-07-02 23:29:23,633 [ERROR] LogOutputStream:75 - [STDERR_REDIRECT] 	at java.base/java.security.ProtectionDomain$JavaSecurityAccessImpl.doIntersectionPrivilege(ProtectionDomain.java:98)
2026-07-02 23:29:23,634 [ERROR] LogOutputStream:75 - [STDERR_REDIRECT] 	at java.desktop/java.awt.EventQueue$5.run(EventQueue.java:747)
2026-07-02 23:29:23,635 [ERROR] LogOutputStream:75 - [STDERR_REDIRECT] 	at java.desktop/java.awt.EventQueue$5.run(EventQueue.java:745)
2026-07-02 23:29:23,637 [ERROR] LogOutputStream:75 - [STDERR_REDIRECT] 	at java.base/java.security.AccessController.doPrivileged(AccessController.java:400)
2026-07-02 23:29:23,638 [ERROR] LogOutputStream:75 - [STDERR_REDIRECT] 	at java.base/java.security.ProtectionDomain$JavaSecurityAccessImpl.doIntersectionPrivilege(ProtectionDomain.java:87)
2026-07-02 23:29:23,639 [ERROR] LogOutputStream:75 - [STDERR_REDIRECT] 	at java.desktop/java.awt.EventQueue.dispatchEvent(EventQueue.java:744)
2026-07-02 23:29:23,641 [ERROR] LogOutputStream:75 - [STDERR_REDIRECT] 	at java.desktop/java.awt.EventDispatchThread.pumpOneEventForFilters(EventDispatchThread.java:203)
2026-07-02 23:29:23,642 [ERROR] LogOutputStream:75 - [STDERR_REDIRECT] 	at java.desktop/java.awt.EventDispatchThread.pumpEventsForFilter(EventDispatchThread.java:124)
2026-07-02 23:29:23,644 [ERROR] LogOutputStream:75 - [STDERR_REDIRECT] 	at java.desktop/java.awt.EventDispatchThread.pumpEventsForHierarchy(EventDispatchThread.java:113)
2026-07-02 23:29:23,645 [ERROR] LogOutputStream:75 - [STDERR_REDIRECT] 	at java.desktop/java.awt.EventDispatchThread.pumpEvents(EventDispatchThread.java:109)
2026-07-02 23:29:23,646 [ERROR] LogOutputStream:75 - [STDERR_REDIRECT] 	at java.desktop/java.awt.EventDispatchThread.pumpEvents(EventDispatchThread.java:101)
2026-07-02 23:29:23,647 [ERROR] LogOutputStream:75 - [STDERR_REDIRECT] 	at java.desktop/java.awt.EventDispatchThread.run(EventDispatchThread.java:90)
2026-07-02 23:36:01,917 [INFO] WebApp:194 - Connection lost
2026-07-02 23:36:02,878 [INFO] WebApp:191 - Connection restablished
2026-07-02 23:39:40,869 [INFO] WebApp:194 - Connection lost
2026-07-02 23:39:41,027 [INFO] WebApp:191 - Connection restablished
2026-07-02 23:40:36,763 [INFO] MainUpdater:2872 - connection check result : 10
2026-07-02 23:40:36,763 [INFO] MainUpdater:2872 - connection check result : 10
2026-07-02 23:40:36,824 [INFO] MicroXplorer:468 - Change Database Path : 
2026-07-02 23:40:36,824 [INFO] MicroXplorer:498 - Change Database Version : DB.6.0.150
2026-07-02 23:40:36,841 [ERROR] ProjectManagerView:395 - 
java.lang.NullPointerException: Cannot invoke "javax.swing.JTextField.getText()" because the return value of "java.util.List.get(int)" is null
	at com.st.microxplorer.plugins.projectmanager.gui.ProjectChoiceTab$9.caretUpdate(ProjectChoiceTab.java:2706) ~[filemanager.jar:?]
	at javax.swing.text.JTextComponent.fireCaretUpdate(JTextComponent.java:408) ~[?:?]
	at javax.swing.text.JTextComponent$MutableCaretEvent.fire(JTextComponent.java:4484) ~[?:?]
	at javax.swing.text.JTextComponent$MutableCaretEvent.stateChanged(JTextComponent.java:4506) ~[?:?]
	at javax.swing.text.DefaultCaret.fireStateChanged(DefaultCaret.java:857) ~[?:?]
	at javax.swing.text.DefaultCaret.changeCaretPosition(DefaultCaret.java:1343) ~[?:?]
	at javax.swing.text.DefaultCaret.handleSetDot(DefaultCaret.java:1242) ~[?:?]
	at javax.swing.text.DefaultCaret.setDot(DefaultCaret.java:1223) ~[?:?]
	at javax.swing.text.DefaultCaret$Handler.insertUpdate(DefaultCaret.java:1819) ~[?:?]
	at javax.swing.text.AbstractDocument.fireInsertUpdate(AbstractDocument.java:227) ~[?:?]
	at javax.swing.text.AbstractDocument.handleInsertString(AbstractDocument.java:781) ~[?:?]
	at javax.swing.text.AbstractDocument.insertString(AbstractDocument.java:740) ~[?:?]
	at javax.swing.text.PlainDocument.insertString(PlainDocument.java:131) ~[?:?]
	at javax.swing.text.AbstractDocument.replace(AbstractDocument.java:699) ~[?:?]
	at javax.swing.text.JTextComponent.setText(JTextComponent.java:1725) ~[?:?]
	at com.st.microxplorer.plugins.projectmanager.gui.ProjectChoiceTab.createHeapStackFields(ProjectChoiceTab.java:993) ~[filemanager.jar:?]
	at com.st.microxplorer.plugins.projectmanager.gui.ProjectChoiceTab.buildLinkSettingsPanel(ProjectChoiceTab.java:3813) ~[filemanager.jar:?]
	at com.st.microxplorer.plugins.projectmanager.gui.ProjectChoiceTab.defineWindowsFields(ProjectChoiceTab.java:1987) ~[filemanager.jar:?]
	at com.st.microxplorer.plugins.projectmanager.gui.ProjectChoiceTab.updateSettings(ProjectChoiceTab.java:558) ~[filemanager.jar:?]
	at com.st.microxplorer.plugins.projectmanager.gui.ProjectSettingsPanel.UpdateDialog(ProjectSettingsPanel.java:247) ~[filemanager.jar:?]
	at com.st.microxplorer.plugins.projectmanager.ProjectManagerView.propertyChange(ProjectManagerView.java:392) ~[filemanager.jar:?]
	at java.beans.PropertyChangeSupport.fire(PropertyChangeSupport.java:343) ~[?:?]
	at java.beans.PropertyChangeSupport.firePropertyChange(PropertyChangeSupport.java:335) ~[?:?]
	at java.beans.PropertyChangeSupport.firePropertyChange(PropertyChangeSupport.java:268) ~[?:?]
	at com.st.microxplorer.util.MXPropertyChangeSupport.firePropertyChange(MXPropertyChangeSupport.java:54) ~[STM32CubeMX.jar:?]
	at com.st.microxplorer.mxsystem.MxSystem.closeConfig(MxSystem.java:899) ~[STM32CubeMX.jar:?]
	at com.st.microxplorer.maingui.MainPanel.closeConfig(MainPanel.java:792) ~[STM32CubeMX.jar:?]
	at com.st.microxplorer.plugins.filemanager.engine.OpenFileManager.loadConfigurationFile(OpenFileManager.java:288) ~[filemanager.jar:?]
	at com.st.microxplorer.plugins.filemanager.engine.MainFileManager.userLoadConfig(MainFileManager.java:364) ~[filemanager.jar:?]
	at com.st.microxplorer.plugins.filemanager.engine.MainFileManager.userLoadConfig(MainFileManager.java:342) ~[filemanager.jar:?]
	at com.st.microxplorer.plugins.filemanager.FileManagerView.getSpecificTask(FileManagerView.java:264) ~[filemanager.jar:?]
	at com.st.stm32cube.common.mx.editor.CubeMxEditor.getMxTabbedPaneInstance(CubeMxEditor.java:1198) ~[com.st.stm32cube.common.mx_6.15.0.202507011659/:?]
	at com.st.stm32cube.common.mx.editor.CubeMxEditor$12$1.createSwingComponent(CubeMxEditor.java:1068) ~[com.st.stm32cube.common.mx_6.15.0.202507011659/:?]
	at com.st.stm32cube.common.mx.oss.core.awtswtbridge.EmbeddedSwingComposite.doComponentCreation(EmbeddedSwingComposite.java:492) ~[com.st.stm32cube.common.mx.oss_6.15.0.202507011659/:?]
	at com.st.stm32cube.common.mx.oss.core.awtswtbridge.EmbeddedSwingComposite$4.run(EmbeddedSwingComposite.java:291) ~[com.st.stm32cube.common.mx.oss_6.15.0.202507011659/:?]
	at com.st.stm32cube.common.mx.oss.core.awtswtbridge.AwtEnvironment$2.run(AwtEnvironment.java:166) ~[com.st.stm32cube.common.mx.oss_6.15.0.202507011659/:?]
	at java.awt.event.InvocationEvent.dispatch(InvocationEvent.java:318) ~[?:?]
	at java.awt.EventQueue.dispatchEventImpl(EventQueue.java:773) ~[?:?]
	at java.awt.EventQueue$4.run(EventQueue.java:720) ~[?:?]
	at java.awt.EventQueue$4.run(EventQueue.java:714) ~[?:?]
	at java.security.AccessController.doPrivileged(AccessController.java:400) ~[?:?]
	at java.security.ProtectionDomain$JavaSecurityAccessImpl.doIntersectionPrivilege(ProtectionDomain.java:87) ~[?:?]
	at java.awt.EventQueue.dispatchEvent(EventQueue.java:742) ~[?:?]
	at java.awt.EventDispatchThread.pumpOneEventForFilters(EventDispatchThread.java:203) ~[?:?]
	at java.awt.EventDispatchThread.pumpEventsForFilter(EventDispatchThread.java:124) ~[?:?]
	at java.awt.EventDispatchThread.pumpEventsForHierarchy(EventDispatchThread.java:113) ~[?:?]
	at java.awt.EventDispatchThread.pumpEvents(EventDispatchThread.java:109) ~[?:?]
	at java.awt.EventDispatchThread.pumpEvents(EventDispatchThread.java:101) ~[?:?]
	at java.awt.EventDispatchThread.run(EventDispatchThread.java:90) ~[?:?]
2026-07-02 23:40:36,842 [WARN] ThirdParty:871 - waiting for thirdparty lock release [close project]
2026-07-02 23:40:36,842 [INFO] ThirdParty:873 - entering critical section [close project]
2026-07-02 23:40:36,842 [INFO] ThirdParty:883 - exiting critical section [close project]
2026-07-02 23:40:36,844 [INFO] PinOutPanel:1589 - setPackage(No Configuration,No Configuration)
2026-07-02 23:40:36,852 [WARN] IpParametersView:155 - Warning: This peripheral hasn't parameters
2026-07-02 23:40:36,856 [WARN] MainPanel:289 - <html><b><center>Warning: This peripheral has no parameters to be configured<br></b></html>
2026-07-02 23:40:36,860 [INFO] UtilMem:75 - Begin LoadConfig() Used Memory: 830302968 Bytes (1073741824)
2026-07-02 23:40:36,861 [INFO] MicroXplorer:468 - Change Database Path : 
2026-07-02 23:40:36,861 [INFO] MicroXplorer:498 - Change Database Version : DB.6.0.150
2026-07-02 23:40:36,861 [INFO] OpenFileManager:355 - Change cursor
2026-07-02 23:40:36,870 [INFO] Mcu:2029 - Initializing MCU STM32F401R(B-C)Tx STM32F401RCTx STM32F401RCT6TR
2026-07-02 23:40:37,587 [INFO] Context:786 - Trying to add GPIOservice into a context  which must be forbidden
2026-07-02 23:40:38,006 [INFO] ImportTextPane:234 - (OptionalMessage_ERROR) Pin23 (VP_RIF_VS_RIF1) cannot be retrieved for this MCU
2026-07-02 23:40:38,027 [WARN] ModelIntegratedComponent:63 - No mode defined for component null
2026-07-02 23:40:38,027 [WARN] ModelIntegratedComponent:63 - No mode defined for component null
2026-07-02 23:40:38,027 [WARN] ModelIntegratedComponent:63 - No mode defined for component null
2026-07-02 23:40:38,027 [WARN] ModelIntegratedComponent:63 - No mode defined for component null
2026-07-02 23:40:38,027 [WARN] ModelIntegratedComponent:63 - No mode defined for component null
2026-07-02 23:40:38,028 [WARN] ModelIntegratedComponent:63 - No mode defined for component null
2026-07-02 23:40:38,028 [WARN] ModelIntegratedComponent:63 - No mode defined for component null
2026-07-02 23:40:38,028 [WARN] ModelIntegratedComponent:63 - No mode defined for component null
2026-07-02 23:40:38,028 [WARN] ModelIntegratedComponent:63 - No mode defined for component null
2026-07-02 23:40:38,028 [WARN] ModelIntegratedComponent:63 - No mode defined for component null
2026-07-02 23:40:38,028 [WARN] ModelIntegratedComponent:63 - No mode defined for component null
2026-07-02 23:40:38,028 [WARN] ModelIntegratedComponent:63 - No mode defined for component null
2026-07-02 23:40:38,028 [WARN] ModelIntegratedComponent:63 - No mode defined for component null
2026-07-02 23:40:38,028 [WARN] ModelIntegratedComponent:63 - No mode defined for component null
2026-07-02 23:40:38,028 [WARN] ModelIntegratedComponent:63 - No mode defined for component null
2026-07-02 23:40:38,028 [WARN] ModelIntegratedComponent:63 - No mode defined for component null
2026-07-02 23:40:38,028 [WARN] ModelIntegratedComponent:63 - No mode defined for component null
2026-07-02 23:40:38,028 [WARN] ModelIntegratedComponent:63 - No mode defined for component null
2026-07-02 23:40:38,028 [WARN] ModelIntegratedComponent:63 - No mode defined for component null
2026-07-02 23:40:38,028 [WARN] ModelIntegratedComponent:63 - No mode defined for component null
2026-07-02 23:40:38,028 [WARN] ModelIntegratedComponent:63 - No mode defined for component null
2026-07-02 23:40:38,028 [WARN] ModelIntegratedComponent:63 - No mode defined for component null
2026-07-02 23:40:38,028 [WARN] ModelIntegratedComponent:63 - No mode defined for component null
2026-07-02 23:40:38,028 [WARN] ModelIntegratedComponent:63 - No mode defined for component null
2026-07-02 23:40:38,028 [WARN] ModelIntegratedComponent:63 - No mode defined for component null
2026-07-02 23:40:38,028 [WARN] ModelIntegratedComponent:63 - No mode defined for component null
2026-07-02 23:40:38,028 [WARN] ModelIntegratedComponent:63 - No mode defined for component null
2026-07-02 23:40:38,028 [WARN] ModelIntegratedComponent:63 - No mode defined for component null
2026-07-02 23:40:38,028 [WARN] ModelIntegratedComponent:63 - No mode defined for component null
2026-07-02 23:40:38,028 [WARN] ModelIntegratedComponent:63 - No mode defined for component null
2026-07-02 23:40:38,028 [WARN] ModelIntegratedComponent:63 - No mode defined for component null
2026-07-02 23:40:38,028 [WARN] ModelIntegratedComponent:63 - No mode defined for component null
2026-07-02 23:40:38,028 [WARN] ModelIntegratedComponent:63 - No mode defined for component null
2026-07-02 23:40:38,029 [WARN] ModelIntegratedComponent:63 - No mode defined for component null
2026-07-02 23:40:38,029 [WARN] ModelIntegratedComponent:63 - No mode defined for component null
2026-07-02 23:40:38,029 [WARN] ModelPack:524 - Component already loaded: STMicroelectronics:HAL Drivers:0.0.0:STMicroelectronics:Device:STMicro_Driver:XSPI:HAL::0.0.1:HAL_XSPI
2026-07-02 23:40:38,030 [INFO] RtosManager:558 - Registered RTOS mode: class=CMSIS, group=RTOS, mode=CMSIS_V1, owner=FREERTOS
2026-07-02 23:40:38,030 [INFO] RtosManager:558 - Registered RTOS mode: class=CMSIS, group=RTOS2, mode=CMSIS_V2, owner=FREERTOS
2026-07-02 23:40:38,030 [INFO] RtosManager:558 - Registered RTOS mode: class=RTOS, group=Core, mode=CMSIS_V1, owner=FREERTOS
2026-07-02 23:40:38,030 [INFO] RtosManager:558 - Registered RTOS mode: class=RTOS, group=Core, mode=CMSIS_V2, owner=FREERTOS
2026-07-02 23:40:38,030 [WARN] ModelIntegratedComponent:184 - Missing modes for component STMicroelectronics:FreeRTOS:0.0.1:STMicroelectronics:RTOS:FreeRTOS:Core:::10.2.0:
2026-07-02 23:40:38,031 [WARN] ModelIntegratedComponent:182 - Modes not found for component STMicroelectronics:USB_DEVICE:1.0.0:STMicroelectronics:USB::USB Device:Audio HS::1.0:USB_DEVICE_1_0_RESTRICTED_HS
2026-07-02 23:40:38,031 [WARN] ModelIntegratedComponent:188 - Modes not found for component STMicroelectronics:USB_DEVICE:1.0.0:STMicroelectronics:USB::USB Device:Audio HS::1.0:USB_DEVICE_1_0_RESTRICTED_HS
2026-07-02 23:40:38,031 [WARN] ModelIntegratedComponent:182 - Modes not found for component STMicroelectronics:USB_DEVICE:1.0.0:STMicroelectronics:USB::USB Device:CDC HS::1.0:USB_DEVICE_1_0_RESTRICTED_HS
2026-07-02 23:40:38,031 [WARN] ModelIntegratedComponent:188 - Modes not found for component STMicroelectronics:USB_DEVICE:1.0.0:STMicroelectronics:USB::USB Device:CDC HS::1.0:USB_DEVICE_1_0_RESTRICTED_HS
2026-07-02 23:40:38,031 [WARN] ModelIntegratedComponent:182 - Modes not found for component STMicroelectronics:USB_DEVICE:1.0.0:STMicroelectronics:USB::USB Device:DFU HS::1.0:USB_DEVICE_1_0_RESTRICTED_HS
2026-07-02 23:40:38,031 [WARN] ModelIntegratedComponent:188 - Modes not found for component STMicroelectronics:USB_DEVICE:1.0.0:STMicroelectronics:USB::USB Device:DFU HS::1.0:USB_DEVICE_1_0_RESTRICTED_HS
2026-07-02 23:40:38,031 [WARN] ModelIntegratedComponent:182 - Modes not found for component STMicroelectronics:USB_DEVICE:1.0.0:STMicroelectronics:USB::USB Device:HID HS::1.0:USB_DEVICE_1_0_RESTRICTED_HS
2026-07-02 23:40:38,031 [WARN] ModelIntegratedComponent:188 - Modes not found for component STMicroelectronics:USB_DEVICE:1.0.0:STMicroelectronics:USB::USB Device:HID HS::1.0:USB_DEVICE_1_0_RESTRICTED_HS
2026-07-02 23:40:38,031 [WARN] ModelIntegratedComponent:182 - Modes not found for component STMicroelectronics:USB_DEVICE:1.0.0:STMicroelectronics:USB::USB Device:Custom HID HS::1.0:USB_DEVICE_1_0_RESTRICTED_HS
2026-07-02 23:40:38,031 [WARN] ModelIntegratedComponent:188 - Modes not found for component STMicroelectronics:USB_DEVICE:1.0.0:STMicroelectronics:USB::USB Device:Custom HID HS::1.0:USB_DEVICE_1_0_RESTRICTED_HS
2026-07-02 23:40:38,031 [WARN] ModelIntegratedComponent:182 - Modes not found for component STMicroelectronics:USB_DEVICE:1.0.0:STMicroelectronics:USB::USB Device:MSC HS::1.0:USB_DEVICE_1_0_RESTRICTED_HS
2026-07-02 23:40:38,031 [WARN] ModelIntegratedComponent:188 - Modes not found for component STMicroelectronics:USB_DEVICE:1.0.0:STMicroelectronics:USB::USB Device:MSC HS::1.0:USB_DEVICE_1_0_RESTRICTED_HS
2026-07-02 23:40:38,040 [WARN] ModelIntegratedComponent:182 - Modes not found for component STMicroelectronics:USB_HOST:1.0.0:STMicroelectronics:USB::USB Host:Audio HS::1.0:USB_HOST_1_0_RESTRICTED_HS
2026-07-02 23:40:38,040 [WARN] ModelIntegratedComponent:188 - Modes not found for component STMicroelectronics:USB_HOST:1.0.0:STMicroelectronics:USB::USB Host:Audio HS::1.0:USB_HOST_1_0_RESTRICTED_HS
2026-07-02 23:40:38,040 [WARN] ModelIntegratedComponent:182 - Modes not found for component STMicroelectronics:USB_HOST:1.0.0:STMicroelectronics:USB::USB Host:CDC HS::1.0:USB_HOST_1_0_RESTRICTED_HS
2026-07-02 23:40:38,040 [WARN] ModelIntegratedComponent:188 - Modes not found for component STMicroelectronics:USB_HOST:1.0.0:STMicroelectronics:USB::USB Host:CDC HS::1.0:USB_HOST_1_0_RESTRICTED_HS
2026-07-02 23:40:38,040 [WARN] ModelIntegratedComponent:182 - Modes not found for component STMicroelectronics:USB_HOST:1.0.0:STMicroelectronics:USB::USB Host:MSC HS::1.0:USB_HOST_1_0_RESTRICTED_HS
2026-07-02 23:40:38,040 [WARN] ModelIntegratedComponent:188 - Modes not found for component STMicroelectronics:USB_HOST:1.0.0:STMicroelectronics:USB::USB Host:MSC HS::1.0:USB_HOST_1_0_RESTRICTED_HS
2026-07-02 23:40:38,040 [WARN] ModelIntegratedComponent:182 - Modes not found for component STMicroelectronics:USB_HOST:1.0.0:STMicroelectronics:USB::USB Host:HID HS::1.0:USB_HOST_1_0_RESTRICTED_HS
2026-07-02 23:40:38,040 [WARN] ModelIntegratedComponent:188 - Modes not found for component STMicroelectronics:USB_HOST:1.0.0:STMicroelectronics:USB::USB Host:HID HS::1.0:USB_HOST_1_0_RESTRICTED_HS
2026-07-02 23:40:38,040 [WARN] ModelIntegratedComponent:182 - Modes not found for component STMicroelectronics:USB_HOST:1.0.0:STMicroelectronics:USB::USB Host:MTP HS::1.0:USB_HOST_1_0_RESTRICTED_HS
2026-07-02 23:40:38,040 [WARN] ModelIntegratedComponent:188 - Modes not found for component STMicroelectronics:USB_HOST:1.0.0:STMicroelectronics:USB::USB Host:MTP HS::1.0:USB_HOST_1_0_RESTRICTED_HS
2026-07-02 23:40:38,042 [INFO] ThirdPartyModel:298 - Start build external matchings
2026-07-02 23:40:38,070 [INFO] ThirdPartyModel:316 - End build external matchings
2026-07-02 23:40:38,075 [INFO] ImportTextPane:234 - (OptionalMessage_ERROR) IP (RCC) : Parameter (RTCHSEDivFreq_Value) has invalid value (4000000)
2026-07-02 23:40:38,310 [INFO] UtilMem:75 - End LoadConfig() Used Memory: 904632576 Bytes (1073741824)
2026-07-02 23:40:38,438 [WARN] ThirdParty:833 - waiting for thirdparty lock release [change project]
2026-07-02 23:40:38,438 [INFO] ThirdParty:835 - entering critical section [change project]
2026-07-02 23:40:38,438 [INFO] ThirdParty:1030 - CMSIS Pack Vendor :STMicroelectronics X-CUBE-PM33A1 1.0.0
2026-07-02 23:40:38,438 [INFO] ThirdParty:1030 - CMSIS Pack Vendor :STMicroelectronics USBPD 4.1
2026-07-02 23:40:38,438 [INFO] ThirdParty:1030 - CMSIS Pack Vendor :STMicroelectronics X-CUBE-DISPLAY 3.0.0
2026-07-02 23:40:38,438 [INFO] ThirdParty:1030 - CMSIS Pack Vendor :STMicroelectronics X-CUBE-NFC9 1.0.0
2026-07-02 23:40:38,438 [INFO] ThirdParty:1030 - CMSIS Pack Vendor :STMicroelectronics X-CUBE-NFC7 2.0.0
2026-07-02 23:40:38,438 [INFO] ThirdParty:1030 - CMSIS Pack Vendor :STMicroelectronics X-CUBE-TCPP 4.2.0
2026-07-02 23:40:38,438 [INFO] ThirdParty:1030 - CMSIS Pack Vendor :STMicroelectronics USB_HOST 2.0.0
2026-07-02 23:40:38,439 [INFO] ThirdParty:1030 - CMSIS Pack Vendor :STMicroelectronics LIBJPEG 8.0.0
2026-07-02 23:40:38,439 [INFO] ThirdParty:1030 - CMSIS Pack Vendor :STMicroelectronics FP-ATR-ASTRA1 2.0.2
2026-07-02 23:40:38,439 [INFO] ThirdParty:1030 - CMSIS Pack Vendor :STMicroelectronics FP-ATR-SIGFOX1 3.2.0
2026-07-02 23:40:38,439 [INFO] ThirdParty:1030 - CMSIS Pack Vendor :STMicroelectronics X-CUBE-NFC10 1.0.0
2026-07-02 23:40:38,439 [INFO] ThirdParty:1030 - CMSIS Pack Vendor :STMicroelectronics X-CUBE-BLE1 7.1.0
2026-07-02 23:40:38,439 [INFO] ThirdParty:1030 - CMSIS Pack Vendor :STMicroelectronics USB_DEVICE 3.0.0
2026-07-02 23:40:38,439 [INFO] ThirdParty:1030 - CMSIS Pack Vendor :STMicroelectronics X-CUBE-ISPU 2.1.0
2026-07-02 23:40:38,439 [INFO] ThirdParty:1030 - CMSIS Pack Vendor :STMicroelectronics HAL Drivers 0.0.0
2026-07-02 23:40:38,439 [INFO] ThirdParty:1030 - CMSIS Pack Vendor :STMicroelectronics MBEDTLS 2.16.2
2026-07-02 23:40:38,439 [INFO] ThirdParty:1030 - CMSIS Pack Vendor :STMicroelectronics X-CUBE-ALS 1.0.2
2026-07-02 23:40:38,439 [INFO] ThirdParty:1030 - CMSIS Pack Vendor :STMicroelectronics MBEDTLS 2.14.1
2026-07-02 23:40:38,439 [INFO] ThirdParty:1030 - CMSIS Pack Vendor :STMicroelectronics USB_DEVICE 2.0.0
2026-07-02 23:40:38,439 [INFO] ThirdParty:1030 - CMSIS Pack Vendor :STMicroelectronics ThreadX 1.0.0
2026-07-02 23:40:38,439 [INFO] ThirdParty:1030 - CMSIS Pack Vendor :STMicroelectronics FP-SNS-SMARTAG2 1.2.0
2026-07-02 23:40:38,439 [INFO] ThirdParty:1030 - CMSIS Pack Vendor :STMicroelectronics FP-SNS-FLIGHT1 5.1.0
2026-07-02 23:40:38,439 [INFO] ThirdParty:1030 - CMSIS Pack Vendor :STMicroelectronics X-CUBE-DPower 1.3.0
2026-07-02 23:40:38,439 [INFO] ThirdParty:1030 - CMSIS Pack Vendor :STMicroelectronics FreeRTOS 0.0.1
2026-07-02 23:40:38,439 [INFO] ThirdParty:1030 - CMSIS Pack Vendor :STMicroelectronics USB_DEVICE 1.0.0
2026-07-02 23:40:38,439 [INFO] ThirdParty:1030 - CMSIS Pack Vendor :STMicroelectronics X-CUBE-NFC4 3.0.0
2026-07-02 23:40:38,439 [INFO] ThirdParty:1030 - CMSIS Pack Vendor :STMicroelectronics X-CUBE-SUBG2 5.0.0
2026-07-02 23:40:38,439 [INFO] ThirdParty:1030 - CMSIS Pack Vendor :STMicroelectronics STM32_WPAN 1.0.0
2026-07-02 23:40:38,439 [INFO] ThirdParty:1030 - CMSIS Pack Vendor :STMicroelectronics ThreadX 0.0.2
2026-07-02 23:40:38,439 [INFO] ThirdParty:1030 - CMSIS Pack Vendor :STMicroelectronics lwIP 2.0.3
2026-07-02 23:40:38,439 [INFO] ThirdParty:1030 - CMSIS Pack Vendor :STMicroelectronics lwIP 2.1.2
2026-07-02 23:40:38,439 [INFO] ThirdParty:1030 - CMSIS Pack Vendor :STMicroelectronics X-CUBE-SFXS2LP1 4.0.0
2026-07-02 23:40:38,439 [INFO] ThirdParty:1030 - CMSIS Pack Vendor :STMicroelectronics X-CUBE-BLE2 3.3.0
2026-07-02 23:40:38,439 [INFO] ThirdParty:1030 - CMSIS Pack Vendor :STMicroelectronics X-CUBE-TOF1 3.4.3
2026-07-02 23:40:38,439 [INFO] ThirdParty:1030 - CMSIS Pack Vendor :STMicroelectronics USB_HOST 1.0.0
2026-07-02 23:40:38,440 [INFO] ThirdParty:1030 - CMSIS Pack Vendor :STMicroelectronics PDM2PCM 3.1.0
2026-07-02 23:40:38,440 [INFO] ThirdParty:1030 - CMSIS Pack Vendor :STMicroelectronics PDM2PCM 3.2.0
2026-07-02 23:40:38,440 [INFO] ThirdParty:1030 - CMSIS Pack Vendor :STMicroelectronics PDM2PCM 3.3.0
2026-07-02 23:40:38,440 [INFO] ThirdParty:841 - exiting critical section [change project]
2026-07-02 23:40:38,675 [INFO] PinOutPanel:1589 - setPackage(No Configuration,No Configuration)
2026-07-02 23:40:38,676 [INFO] PinOutPanel:1589 - setPackage(STM32F401RCTx,LQFP64)
2026-07-02 23:40:39,078 [INFO] UtilMem:75 - Before build in PCC Used Memory: 810040888 Bytes (1073741824)
2026-07-02 23:40:39,389 [INFO] UtilMem:75 - After build in PCC Used Memory: 856704568 Bytes (1073741824)
2026-07-02 23:40:39,416 [INFO] IPUIPlugin:80 - create IPUIPlugin
2026-07-02 23:40:39,416 [INFO] IPUIPlugin:80 - create IPUIPlugin
2026-07-02 23:40:39,417 [INFO] IPUIPlugin:80 - create IPUIPlugin
2026-07-02 23:40:39,417 [INFO] IPUIPlugin:80 - create IPUIPlugin
2026-07-02 23:40:39,417 [INFO] IPUIPlugin:80 - create IPUIPlugin
2026-07-02 23:40:39,417 [INFO] IPUIPlugin:80 - create IPUIPlugin
2026-07-02 23:40:39,417 [INFO] IPUIPlugin:80 - create IPUIPlugin
2026-07-02 23:40:39,417 [INFO] IPUIPlugin:80 - create IPUIPlugin
2026-07-02 23:40:39,417 [INFO] IPUIPlugin:80 - create IPUIPlugin
2026-07-02 23:40:39,417 [INFO] IPUIPlugin:80 - create IPUIPlugin
2026-07-02 23:40:39,417 [INFO] IPUIPlugin:80 - create IPUIPlugin
2026-07-02 23:40:39,418 [INFO] IPUIPlugin:80 - create IPUIPlugin
2026-07-02 23:40:39,418 [INFO] IPUIPlugin:80 - create IPUIPlugin
2026-07-02 23:40:39,418 [INFO] IPUIPlugin:80 - create IPUIPlugin
2026-07-02 23:40:39,418 [INFO] IPUIPlugin:80 - create IPUIPlugin
2026-07-02 23:40:39,418 [INFO] IPUIPlugin:80 - create IPUIPlugin
2026-07-02 23:40:39,418 [INFO] IPUIPlugin:80 - create IPUIPlugin
2026-07-02 23:40:39,418 [INFO] IPUIPlugin:80 - create IPUIPlugin
2026-07-02 23:40:39,419 [INFO] IPUIPlugin:80 - create IPUIPlugin
2026-07-02 23:40:39,419 [INFO] IPUIPlugin:80 - create IPUIPlugin
2026-07-02 23:40:39,419 [INFO] IPUIPlugin:80 - create IPUIPlugin
2026-07-02 23:40:39,419 [INFO] IPUIPlugin:80 - create IPUIPlugin
2026-07-02 23:40:39,419 [INFO] IPUIPlugin:80 - create IPUIPlugin
2026-07-02 23:40:39,419 [INFO] IPUIPlugin:80 - create IPUIPlugin
2026-07-02 23:40:39,420 [INFO] IPUIPlugin:80 - create IPUIPlugin
2026-07-02 23:40:39,421 [INFO] IPUIPlugin:80 - create IPUIPlugin
2026-07-02 23:40:39,421 [INFO] IPUIPlugin:80 - create IPUIPlugin
2026-07-02 23:40:39,421 [INFO] IPUIPlugin:80 - create IPUIPlugin
2026-07-02 23:40:39,421 [INFO] IPUIPlugin:80 - create IPUIPlugin
2026-07-02 23:40:39,422 [INFO] IPUIPlugin:80 - create IPUIPlugin
2026-07-02 23:40:39,422 [INFO] IPUIPlugin:80 - create IPUIPlugin
2026-07-02 23:40:39,422 [INFO] IPUIPlugin:80 - create IPUIPlugin
2026-07-02 23:40:39,423 [INFO] IPUIPlugin:80 - create IPUIPlugin
2026-07-02 23:40:39,423 [INFO] IPUIPlugin:80 - create IPUIPlugin
2026-07-02 23:40:39,423 [INFO] IPUIPlugin:80 - create IPUIPlugin
2026-07-02 23:40:39,423 [INFO] IPUIPlugin:80 - create IPUIPlugin
2026-07-02 23:40:39,424 [INFO] IPUIPlugin:80 - create IPUIPlugin
2026-07-02 23:40:39,424 [INFO] IPUIPlugin:80 - create IPUIPlugin
2026-07-02 23:40:39,427 [INFO] ApiDbMcu:532 - Load IP Config File for PDM2PCM
2026-07-02 23:40:39,427 [WARN] IP:2250 - I2C_Coeff_DF not found: check if there is a RefParameter without a condition.
2026-07-02 23:40:39,428 [WARN] IP:2250 - Analog_Filter not found: check if there is a RefParameter without a condition.
2026-07-02 23:40:39,465 [INFO] CADModel:165 - CPN selected for project levelSTM32F401RCT6TR
2026-07-02 23:40:39,465 [INFO] CADModel:114 - Register for checkConnection events
2026-07-02 23:40:39,537 [INFO] OpenFileManager:386 - Restore cursor
2026-07-02 23:40:39,844 [WARN] IP:2250 - I2C_Coeff_DF not found: check if there is a RefParameter without a condition.
2026-07-02 23:40:39,844 [WARN] IP:2250 - Analog_Filter not found: check if there is a RefParameter without a condition.
2026-07-02 23:40:39,844 [WARN] IP:2250 - I2C_Coeff_DF not found: check if there is a RefParameter without a condition.
2026-07-02 23:40:39,844 [WARN] IP:2250 - Analog_Filter not found: check if there is a RefParameter without a condition.
2026-07-02 23:41:11,285 [INFO] MainUpdater:2872 - connection check result : 10
2026-07-02 23:41:11,285 [INFO] MainUpdater:2872 - connection check result : 10
2026-07-02 23:41:11,330 [INFO] MicroXplorer:468 - Change Database Path : 
2026-07-02 23:41:11,330 [INFO] MicroXplorer:498 - Change Database Version : DB.6.0.150
2026-07-02 23:41:11,337 [ERROR] ProjectManagerView:395 - 
java.lang.NullPointerException: Cannot invoke "javax.swing.JTextField.getText()" because the return value of "java.util.List.get(int)" is null
	at com.st.microxplorer.plugins.projectmanager.gui.ProjectChoiceTab$9.caretUpdate(ProjectChoiceTab.java:2706) ~[filemanager.jar:?]
	at javax.swing.text.JTextComponent.fireCaretUpdate(JTextComponent.java:408) ~[?:?]
	at javax.swing.text.JTextComponent$MutableCaretEvent.fire(JTextComponent.java:4484) ~[?:?]
	at javax.swing.text.JTextComponent$MutableCaretEvent.stateChanged(JTextComponent.java:4506) ~[?:?]
	at javax.swing.text.DefaultCaret.fireStateChanged(DefaultCaret.java:857) ~[?:?]
	at javax.swing.text.DefaultCaret.changeCaretPosition(DefaultCaret.java:1343) ~[?:?]
	at javax.swing.text.DefaultCaret.handleSetDot(DefaultCaret.java:1242) ~[?:?]
	at javax.swing.text.DefaultCaret.setDot(DefaultCaret.java:1223) ~[?:?]
	at javax.swing.text.DefaultCaret$Handler.insertUpdate(DefaultCaret.java:1819) ~[?:?]
	at javax.swing.text.AbstractDocument.fireInsertUpdate(AbstractDocument.java:227) ~[?:?]
	at javax.swing.text.AbstractDocument.handleInsertString(AbstractDocument.java:781) ~[?:?]
	at javax.swing.text.AbstractDocument.insertString(AbstractDocument.java:740) ~[?:?]
	at javax.swing.text.PlainDocument.insertString(PlainDocument.java:131) ~[?:?]
	at javax.swing.text.AbstractDocument.replace(AbstractDocument.java:699) ~[?:?]
	at javax.swing.text.JTextComponent.setText(JTextComponent.java:1725) ~[?:?]
	at com.st.microxplorer.plugins.projectmanager.gui.ProjectChoiceTab.createHeapStackFields(ProjectChoiceTab.java:993) ~[filemanager.jar:?]
	at com.st.microxplorer.plugins.projectmanager.gui.ProjectChoiceTab.buildLinkSettingsPanel(ProjectChoiceTab.java:3813) ~[filemanager.jar:?]
	at com.st.microxplorer.plugins.projectmanager.gui.ProjectChoiceTab.defineWindowsFields(ProjectChoiceTab.java:1987) ~[filemanager.jar:?]
	at com.st.microxplorer.plugins.projectmanager.gui.ProjectChoiceTab.updateSettings(ProjectChoiceTab.java:558) ~[filemanager.jar:?]
	at com.st.microxplorer.plugins.projectmanager.gui.ProjectSettingsPanel.UpdateDialog(ProjectSettingsPanel.java:247) ~[filemanager.jar:?]
	at com.st.microxplorer.plugins.projectmanager.ProjectManagerView.propertyChange(ProjectManagerView.java:392) ~[filemanager.jar:?]
	at java.beans.PropertyChangeSupport.fire(PropertyChangeSupport.java:343) ~[?:?]
	at java.beans.PropertyChangeSupport.firePropertyChange(PropertyChangeSupport.java:335) ~[?:?]
	at java.beans.PropertyChangeSupport.firePropertyChange(PropertyChangeSupport.java:268) ~[?:?]
	at com.st.microxplorer.util.MXPropertyChangeSupport.firePropertyChange(MXPropertyChangeSupport.java:54) ~[STM32CubeMX.jar:?]
	at com.st.microxplorer.mxsystem.MxSystem.closeConfig(MxSystem.java:899) ~[STM32CubeMX.jar:?]
	at com.st.microxplorer.maingui.MainPanel.closeConfig(MainPanel.java:792) ~[STM32CubeMX.jar:?]
	at com.st.microxplorer.plugins.filemanager.engine.OpenFileManager.loadConfigurationFile(OpenFileManager.java:288) ~[filemanager.jar:?]
	at com.st.microxplorer.plugins.filemanager.engine.MainFileManager.userLoadConfig(MainFileManager.java:364) ~[filemanager.jar:?]
	at com.st.microxplorer.plugins.filemanager.engine.MainFileManager.userLoadConfig(MainFileManager.java:342) ~[filemanager.jar:?]
	at com.st.microxplorer.plugins.filemanager.FileManagerView.getSpecificTask(FileManagerView.java:264) ~[filemanager.jar:?]
	at com.st.stm32cube.common.mx.editor.CubeMxEditor.getMxTabbedPaneInstance(CubeMxEditor.java:1198) ~[com.st.stm32cube.common.mx_6.15.0.202507011659/:?]
	at com.st.stm32cube.common.mx.editor.CubeMxEditor$12$1.createSwingComponent(CubeMxEditor.java:1068) ~[com.st.stm32cube.common.mx_6.15.0.202507011659/:?]
	at com.st.stm32cube.common.mx.oss.core.awtswtbridge.EmbeddedSwingComposite.doComponentCreation(EmbeddedSwingComposite.java:492) ~[com.st.stm32cube.common.mx.oss_6.15.0.202507011659/:?]
	at com.st.stm32cube.common.mx.oss.core.awtswtbridge.EmbeddedSwingComposite$4.run(EmbeddedSwingComposite.java:291) ~[com.st.stm32cube.common.mx.oss_6.15.0.202507011659/:?]
	at com.st.stm32cube.common.mx.oss.core.awtswtbridge.AwtEnvironment$2.run(AwtEnvironment.java:166) ~[com.st.stm32cube.common.mx.oss_6.15.0.202507011659/:?]
	at java.awt.event.InvocationEvent.dispatch(InvocationEvent.java:318) ~[?:?]
	at java.awt.EventQueue.dispatchEventImpl(EventQueue.java:773) ~[?:?]
	at java.awt.EventQueue$4.run(EventQueue.java:720) ~[?:?]
	at java.awt.EventQueue$4.run(EventQueue.java:714) ~[?:?]
	at java.security.AccessController.doPrivileged(AccessController.java:400) ~[?:?]
	at java.security.ProtectionDomain$JavaSecurityAccessImpl.doIntersectionPrivilege(ProtectionDomain.java:87) ~[?:?]
	at java.awt.EventQueue.dispatchEvent(EventQueue.java:742) ~[?:?]
	at java.awt.EventDispatchThread.pumpOneEventForFilters(EventDispatchThread.java:203) ~[?:?]
	at java.awt.EventDispatchThread.pumpEventsForFilter(EventDispatchThread.java:124) ~[?:?]
	at java.awt.EventDispatchThread.pumpEventsForHierarchy(EventDispatchThread.java:113) ~[?:?]
	at java.awt.EventDispatchThread.pumpEvents(EventDispatchThread.java:109) ~[?:?]
	at java.awt.EventDispatchThread.pumpEvents(EventDispatchThread.java:101) ~[?:?]
	at java.awt.EventDispatchThread.run(EventDispatchThread.java:90) ~[?:?]
2026-07-02 23:41:11,338 [WARN] ThirdParty:871 - waiting for thirdparty lock release [close project]
2026-07-02 23:41:11,338 [INFO] ThirdParty:873 - entering critical section [close project]
2026-07-02 23:41:11,338 [INFO] ThirdParty:883 - exiting critical section [close project]
2026-07-02 23:41:11,339 [INFO] PinOutPanel:1589 - setPackage(No Configuration,No Configuration)
2026-07-02 23:41:11,343 [WARN] IpParametersView:155 - Warning: This peripheral hasn't parameters
2026-07-02 23:41:11,346 [WARN] MainPanel:289 - <html><b><center>Warning: This peripheral has no parameters to be configured<br></b></html>
2026-07-02 23:41:11,347 [INFO] UtilMem:75 - Begin LoadConfig() Used Memory: 997473832 Bytes (1073741824)
2026-07-02 23:41:11,348 [INFO] MicroXplorer:468 - Change Database Path : 
2026-07-02 23:41:11,348 [INFO] MicroXplorer:498 - Change Database Version : DB.6.0.150
2026-07-02 23:41:11,348 [INFO] OpenFileManager:355 - Change cursor
2026-07-02 23:41:11,354 [INFO] Mcu:2029 - Initializing MCU STM32F401R(D-E)Tx STM32F401RETx STM32F401RET6
2026-07-02 23:41:11,957 [INFO] Context:786 - Trying to add GPIOservice into a context  which must be forbidden
2026-07-02 23:41:12,166 [INFO] ImportTextPane:234 - (OptionalMessage_ERROR) Pin29 (VP_RIF_VS_RIF1) cannot be retrieved for this MCU
2026-07-02 23:41:12,192 [WARN] ModelIntegratedComponent:63 - No mode defined for component null
2026-07-02 23:41:12,192 [WARN] ModelIntegratedComponent:63 - No mode defined for component null
2026-07-02 23:41:12,192 [WARN] ModelIntegratedComponent:63 - No mode defined for component null
2026-07-02 23:41:12,192 [WARN] ModelIntegratedComponent:63 - No mode defined for component null
2026-07-02 23:41:12,192 [WARN] ModelIntegratedComponent:63 - No mode defined for component null
2026-07-02 23:41:12,192 [WARN] ModelIntegratedComponent:63 - No mode defined for component null
2026-07-02 23:41:12,192 [WARN] ModelIntegratedComponent:63 - No mode defined for component null
2026-07-02 23:41:12,192 [WARN] ModelIntegratedComponent:63 - No mode defined for component null
2026-07-02 23:41:12,192 [WARN] ModelIntegratedComponent:63 - No mode defined for component null
2026-07-02 23:41:12,192 [WARN] ModelIntegratedComponent:63 - No mode defined for component null
2026-07-02 23:41:12,192 [WARN] ModelIntegratedComponent:63 - No mode defined for component null
2026-07-02 23:41:12,192 [WARN] ModelIntegratedComponent:63 - No mode defined for component null
2026-07-02 23:41:12,192 [WARN] ModelIntegratedComponent:63 - No mode defined for component null
2026-07-02 23:41:12,193 [WARN] ModelIntegratedComponent:63 - No mode defined for component null
2026-07-02 23:41:12,193 [WARN] ModelIntegratedComponent:63 - No mode defined for component null
2026-07-02 23:41:12,193 [WARN] ModelIntegratedComponent:63 - No mode defined for component null
2026-07-02 23:41:12,193 [WARN] ModelIntegratedComponent:63 - No mode defined for component null
2026-07-02 23:41:12,193 [WARN] ModelIntegratedComponent:63 - No mode defined for component null
2026-07-02 23:41:12,193 [WARN] ModelIntegratedComponent:63 - No mode defined for component null
2026-07-02 23:41:12,193 [WARN] ModelIntegratedComponent:63 - No mode defined for component null
2026-07-02 23:41:12,193 [WARN] ModelIntegratedComponent:63 - No mode defined for component null
2026-07-02 23:41:12,193 [WARN] ModelIntegratedComponent:63 - No mode defined for component null
2026-07-02 23:41:12,193 [WARN] ModelIntegratedComponent:63 - No mode defined for component null
2026-07-02 23:41:12,193 [WARN] ModelIntegratedComponent:63 - No mode defined for component null
2026-07-02 23:41:12,193 [WARN] ModelIntegratedComponent:63 - No mode defined for component null
2026-07-02 23:41:12,193 [WARN] ModelIntegratedComponent:63 - No mode defined for component null
2026-07-02 23:41:12,193 [WARN] ModelIntegratedComponent:63 - No mode defined for component null
2026-07-02 23:41:12,193 [WARN] ModelIntegratedComponent:63 - No mode defined for component null
2026-07-02 23:41:12,193 [WARN] ModelIntegratedComponent:63 - No mode defined for component null
2026-07-02 23:41:12,193 [WARN] ModelIntegratedComponent:63 - No mode defined for component null
2026-07-02 23:41:12,193 [WARN] ModelIntegratedComponent:63 - No mode defined for component null
2026-07-02 23:41:12,193 [WARN] ModelIntegratedComponent:63 - No mode defined for component null
2026-07-02 23:41:12,193 [WARN] ModelIntegratedComponent:63 - No mode defined for component null
2026-07-02 23:41:12,193 [WARN] ModelIntegratedComponent:63 - No mode defined for component null
2026-07-02 23:41:12,193 [WARN] ModelIntegratedComponent:63 - No mode defined for component null
2026-07-02 23:41:12,194 [WARN] ModelPack:524 - Component already loaded: STMicroelectronics:HAL Drivers:0.0.0:STMicroelectronics:Device:STMicro_Driver:XSPI:HAL::0.0.1:HAL_XSPI
2026-07-02 23:41:12,195 [INFO] RtosManager:558 - Registered RTOS mode: class=CMSIS, group=RTOS, mode=CMSIS_V1, owner=FREERTOS
2026-07-02 23:41:12,195 [INFO] RtosManager:558 - Registered RTOS mode: class=CMSIS, group=RTOS2, mode=CMSIS_V2, owner=FREERTOS
2026-07-02 23:41:12,195 [INFO] RtosManager:558 - Registered RTOS mode: class=RTOS, group=Core, mode=CMSIS_V1, owner=FREERTOS
2026-07-02 23:41:12,195 [INFO] RtosManager:558 - Registered RTOS mode: class=RTOS, group=Core, mode=CMSIS_V2, owner=FREERTOS
2026-07-02 23:41:12,195 [WARN] ModelIntegratedComponent:184 - Missing modes for component STMicroelectronics:FreeRTOS:0.0.1:STMicroelectronics:RTOS:FreeRTOS:Core:::10.2.0:
2026-07-02 23:41:12,205 [INFO] ThirdPartyModel:298 - Start build external matchings
2026-07-02 23:41:12,233 [INFO] ThirdPartyModel:316 - End build external matchings
2026-07-02 23:41:12,239 [INFO] ImportTextPane:234 - (OptionalMessage_ERROR) IP (RCC) : Parameter (RTCHSEDivFreq_Value) has invalid value (4000000)
2026-07-02 23:41:12,463 [INFO] UtilMem:75 - End LoadConfig() Used Memory: 992511344 Bytes (1073741824)
2026-07-02 23:41:12,556 [WARN] ThirdParty:833 - waiting for thirdparty lock release [change project]
2026-07-02 23:41:12,556 [INFO] ThirdParty:835 - entering critical section [change project]
2026-07-02 23:41:12,556 [INFO] ThirdParty:1030 - CMSIS Pack Vendor :STMicroelectronics X-CUBE-PM33A1 1.0.0
2026-07-02 23:41:12,556 [INFO] ThirdParty:1030 - CMSIS Pack Vendor :STMicroelectronics USBPD 4.1
2026-07-02 23:41:12,556 [INFO] ThirdParty:1030 - CMSIS Pack Vendor :STMicroelectronics X-CUBE-DISPLAY 3.0.0
2026-07-02 23:41:12,556 [INFO] ThirdParty:1030 - CMSIS Pack Vendor :STMicroelectronics X-CUBE-NFC9 1.0.0
2026-07-02 23:41:12,557 [INFO] ThirdParty:1030 - CMSIS Pack Vendor :STMicroelectronics X-CUBE-NFC7 2.0.0
2026-07-02 23:41:12,557 [INFO] ThirdParty:1030 - CMSIS Pack Vendor :STMicroelectronics X-CUBE-TCPP 4.2.0
2026-07-02 23:41:12,557 [INFO] ThirdParty:1030 - CMSIS Pack Vendor :STMicroelectronics USB_HOST 2.0.0
2026-07-02 23:41:12,557 [INFO] ThirdParty:1030 - CMSIS Pack Vendor :STMicroelectronics LIBJPEG 8.0.0
2026-07-02 23:41:12,557 [INFO] ThirdParty:1030 - CMSIS Pack Vendor :STMicroelectronics FP-ATR-ASTRA1 2.0.2
2026-07-02 23:41:12,557 [INFO] ThirdParty:1030 - CMSIS Pack Vendor :STMicroelectronics FP-ATR-SIGFOX1 3.2.0
2026-07-02 23:41:12,557 [INFO] ThirdParty:1030 - CMSIS Pack Vendor :STMicroelectronics X-CUBE-NFC10 1.0.0
2026-07-02 23:41:12,557 [INFO] ThirdParty:1030 - CMSIS Pack Vendor :STMicroelectronics X-CUBE-BLE1 7.1.0
2026-07-02 23:41:12,557 [INFO] ThirdParty:1030 - CMSIS Pack Vendor :STMicroelectronics USB_DEVICE 3.0.0
2026-07-02 23:41:12,557 [INFO] ThirdParty:1030 - CMSIS Pack Vendor :STMicroelectronics X-CUBE-ISPU 2.1.0
2026-07-02 23:41:12,557 [INFO] ThirdParty:1030 - CMSIS Pack Vendor :STMicroelectronics HAL Drivers 0.0.0
2026-07-02 23:41:12,557 [INFO] ThirdParty:1030 - CMSIS Pack Vendor :STMicroelectronics MBEDTLS 2.16.2
2026-07-02 23:41:12,557 [INFO] ThirdParty:1030 - CMSIS Pack Vendor :STMicroelectronics X-CUBE-ALS 1.0.2
2026-07-02 23:41:12,557 [INFO] ThirdParty:1030 - CMSIS Pack Vendor :STMicroelectronics MBEDTLS 2.14.1
2026-07-02 23:41:12,557 [INFO] ThirdParty:1030 - CMSIS Pack Vendor :STMicroelectronics USB_DEVICE 2.0.0
2026-07-02 23:41:12,557 [INFO] ThirdParty:1030 - CMSIS Pack Vendor :STMicroelectronics ThreadX 1.0.0
2026-07-02 23:41:12,557 [INFO] ThirdParty:1030 - CMSIS Pack Vendor :STMicroelectronics FP-SNS-SMARTAG2 1.2.0
2026-07-02 23:41:12,557 [INFO] ThirdParty:1030 - CMSIS Pack Vendor :STMicroelectronics FP-SNS-FLIGHT1 5.1.0
2026-07-02 23:41:12,557 [INFO] ThirdParty:1030 - CMSIS Pack Vendor :STMicroelectronics X-CUBE-DPower 1.3.0
2026-07-02 23:41:12,557 [INFO] ThirdParty:1030 - CMSIS Pack Vendor :STMicroelectronics FreeRTOS 0.0.1
2026-07-02 23:41:12,557 [INFO] ThirdParty:1030 - CMSIS Pack Vendor :STMicroelectronics USB_DEVICE 1.0.0
2026-07-02 23:41:12,557 [INFO] ThirdParty:1030 - CMSIS Pack Vendor :STMicroelectronics X-CUBE-NFC4 3.0.0
2026-07-02 23:41:12,557 [INFO] ThirdParty:1030 - CMSIS Pack Vendor :STMicroelectronics X-CUBE-SUBG2 5.0.0
2026-07-02 23:41:12,557 [INFO] ThirdParty:1030 - CMSIS Pack Vendor :STMicroelectronics STM32_WPAN 1.0.0
2026-07-02 23:41:12,557 [INFO] ThirdParty:1030 - CMSIS Pack Vendor :STMicroelectronics ThreadX 0.0.2
2026-07-02 23:41:12,557 [INFO] ThirdParty:1030 - CMSIS Pack Vendor :STMicroelectronics lwIP 2.0.3
2026-07-02 23:41:12,557 [INFO] ThirdParty:1030 - CMSIS Pack Vendor :STMicroelectronics lwIP 2.1.2
2026-07-02 23:41:12,557 [INFO] ThirdParty:1030 - CMSIS Pack Vendor :STMicroelectronics X-CUBE-SFXS2LP1 4.0.0
2026-07-02 23:41:12,557 [INFO] ThirdParty:1030 - CMSIS Pack Vendor :STMicroelectronics X-CUBE-BLE2 3.3.0
2026-07-02 23:41:12,557 [INFO] ThirdParty:1030 - CMSIS Pack Vendor :STMicroelectronics X-CUBE-TOF1 3.4.3
2026-07-02 23:41:12,557 [INFO] ThirdParty:1030 - CMSIS Pack Vendor :STMicroelectronics USB_HOST 1.0.0
2026-07-02 23:41:12,557 [INFO] ThirdParty:1030 - CMSIS Pack Vendor :STMicroelectronics PDM2PCM 3.1.0
2026-07-02 23:41:12,557 [INFO] ThirdParty:1030 - CMSIS Pack Vendor :STMicroelectronics PDM2PCM 3.2.0
2026-07-02 23:41:12,557 [INFO] ThirdParty:1030 - CMSIS Pack Vendor :STMicroelectronics PDM2PCM 3.3.0
2026-07-02 23:41:12,557 [INFO] ThirdParty:841 - exiting critical section [change project]
2026-07-02 23:41:12,699 [INFO] PinOutPanel:1589 - setPackage(No Configuration,No Configuration)
2026-07-02 23:41:12,700 [INFO] PinOutPanel:1589 - setPackage(STM32F401RETx,LQFP64)
2026-07-02 23:41:12,871 [INFO] UtilMem:75 - Before build in PCC Used Memory: 876470848 Bytes (1073741824)
2026-07-02 23:41:13,001 [INFO] UtilMem:75 - After build in PCC Used Memory: 921033280 Bytes (1073741824)
2026-07-02 23:41:13,016 [INFO] IPUIPlugin:80 - create IPUIPlugin
2026-07-02 23:41:13,016 [INFO] IPUIPlugin:80 - create IPUIPlugin
2026-07-02 23:41:13,016 [INFO] IPUIPlugin:80 - create IPUIPlugin
2026-07-02 23:41:13,016 [INFO] IPUIPlugin:80 - create IPUIPlugin
2026-07-02 23:41:13,016 [INFO] IPUIPlugin:80 - create IPUIPlugin
2026-07-02 23:41:13,017 [INFO] IPUIPlugin:80 - create IPUIPlugin
2026-07-02 23:41:13,017 [INFO] IPUIPlugin:80 - create IPUIPlugin
2026-07-02 23:41:13,017 [INFO] IPUIPlugin:80 - create IPUIPlugin
2026-07-02 23:41:13,017 [INFO] IPUIPlugin:80 - create IPUIPlugin
2026-07-02 23:41:13,017 [INFO] IPUIPlugin:80 - create IPUIPlugin
2026-07-02 23:41:13,017 [INFO] IPUIPlugin:80 - create IPUIPlugin
2026-07-02 23:41:13,017 [INFO] IPUIPlugin:80 - create IPUIPlugin
2026-07-02 23:41:13,017 [INFO] IPUIPlugin:80 - create IPUIPlugin
2026-07-02 23:41:13,017 [INFO] IPUIPlugin:80 - create IPUIPlugin
2026-07-02 23:41:13,017 [INFO] IPUIPlugin:80 - create IPUIPlugin
2026-07-02 23:41:13,017 [INFO] IPUIPlugin:80 - create IPUIPlugin
2026-07-02 23:41:13,017 [INFO] IPUIPlugin:80 - create IPUIPlugin
2026-07-02 23:41:13,018 [INFO] IPUIPlugin:80 - create IPUIPlugin
2026-07-02 23:41:13,018 [INFO] IPUIPlugin:80 - create IPUIPlugin
2026-07-02 23:41:13,018 [INFO] IPUIPlugin:80 - create IPUIPlugin
2026-07-02 23:41:13,018 [INFO] IPUIPlugin:80 - create IPUIPlugin
2026-07-02 23:41:13,018 [INFO] IPUIPlugin:80 - create IPUIPlugin
2026-07-02 23:41:13,018 [INFO] IPUIPlugin:80 - create IPUIPlugin
2026-07-02 23:41:13,018 [INFO] IPUIPlugin:80 - create IPUIPlugin
2026-07-02 23:41:13,019 [INFO] IPUIPlugin:80 - create IPUIPlugin
2026-07-02 23:41:13,019 [INFO] IPUIPlugin:80 - create IPUIPlugin
2026-07-02 23:41:13,019 [INFO] IPUIPlugin:80 - create IPUIPlugin
2026-07-02 23:41:13,019 [INFO] IPUIPlugin:80 - create IPUIPlugin
2026-07-02 23:41:13,019 [INFO] IPUIPlugin:80 - create IPUIPlugin
2026-07-02 23:41:13,019 [INFO] IPUIPlugin:80 - create IPUIPlugin
2026-07-02 23:41:13,019 [INFO] IPUIPlugin:80 - create IPUIPlugin
2026-07-02 23:41:13,020 [INFO] IPUIPlugin:80 - create IPUIPlugin
2026-07-02 23:41:13,020 [INFO] IPUIPlugin:80 - create IPUIPlugin
2026-07-02 23:41:13,021 [INFO] IPUIPlugin:80 - create IPUIPlugin
2026-07-02 23:41:13,021 [INFO] IPUIPlugin:80 - create IPUIPlugin
2026-07-02 23:41:13,021 [INFO] IPUIPlugin:80 - create IPUIPlugin
2026-07-02 23:41:13,021 [INFO] IPUIPlugin:80 - create IPUIPlugin
2026-07-02 23:41:13,022 [INFO] IPUIPlugin:80 - create IPUIPlugin
2026-07-02 23:41:13,024 [INFO] ApiDbMcu:532 - Load IP Config File for PDM2PCM
2026-07-02 23:41:13,025 [WARN] IP:2250 - I2C_Coeff_DF not found: check if there is a RefParameter without a condition.
2026-07-02 23:41:13,025 [WARN] IP:2250 - Analog_Filter not found: check if there is a RefParameter without a condition.
2026-07-02 23:41:13,059 [INFO] CADModel:165 - CPN selected for project levelSTM32F401RET6
2026-07-02 23:41:13,059 [INFO] CADModel:114 - Register for checkConnection events
2026-07-02 23:41:13,134 [INFO] OpenFileManager:386 - Restore cursor
2026-07-02 23:41:13,313 [WARN] IP:2250 - I2C_Coeff_DF not found: check if there is a RefParameter without a condition.
2026-07-02 23:41:13,313 [WARN] IP:2250 - Analog_Filter not found: check if there is a RefParameter without a condition.
2026-07-02 23:41:13,314 [WARN] IP:2250 - I2C_Coeff_DF not found: check if there is a RefParameter without a condition.
2026-07-02 23:41:13,314 [WARN] IP:2250 - Analog_Filter not found: check if there is a RefParameter without a condition.
2026-07-02 23:41:47,283 [INFO] MainUpdater:2872 - connection check result : 10
2026-07-02 23:41:47,284 [INFO] MainUpdater:2872 - connection check result : 10
2026-07-02 23:41:47,327 [INFO] MicroXplorer:468 - Change Database Path : 
2026-07-02 23:41:47,327 [INFO] MicroXplorer:498 - Change Database Version : DB.6.0.150
2026-07-02 23:41:47,334 [ERROR] ProjectManagerView:395 - 
java.lang.NullPointerException: Cannot invoke "javax.swing.JTextField.getText()" because the return value of "java.util.List.get(int)" is null
	at com.st.microxplorer.plugins.projectmanager.gui.ProjectChoiceTab$9.caretUpdate(ProjectChoiceTab.java:2706) ~[filemanager.jar:?]
	at javax.swing.text.JTextComponent.fireCaretUpdate(JTextComponent.java:408) ~[?:?]
	at javax.swing.text.JTextComponent$MutableCaretEvent.fire(JTextComponent.java:4484) ~[?:?]
	at javax.swing.text.JTextComponent$MutableCaretEvent.stateChanged(JTextComponent.java:4506) ~[?:?]
	at javax.swing.text.DefaultCaret.fireStateChanged(DefaultCaret.java:857) ~[?:?]
	at javax.swing.text.DefaultCaret.changeCaretPosition(DefaultCaret.java:1343) ~[?:?]
	at javax.swing.text.DefaultCaret.handleSetDot(DefaultCaret.java:1242) ~[?:?]
	at javax.swing.text.DefaultCaret.setDot(DefaultCaret.java:1223) ~[?:?]
	at javax.swing.text.DefaultCaret$Handler.insertUpdate(DefaultCaret.java:1819) ~[?:?]
	at javax.swing.text.AbstractDocument.fireInsertUpdate(AbstractDocument.java:227) ~[?:?]
	at javax.swing.text.AbstractDocument.handleInsertString(AbstractDocument.java:781) ~[?:?]
	at javax.swing.text.AbstractDocument.insertString(AbstractDocument.java:740) ~[?:?]
	at javax.swing.text.PlainDocument.insertString(PlainDocument.java:131) ~[?:?]
	at javax.swing.text.AbstractDocument.replace(AbstractDocument.java:699) ~[?:?]
	at javax.swing.text.JTextComponent.setText(JTextComponent.java:1725) ~[?:?]
	at com.st.microxplorer.plugins.projectmanager.gui.ProjectChoiceTab.createHeapStackFields(ProjectChoiceTab.java:993) ~[filemanager.jar:?]
	at com.st.microxplorer.plugins.projectmanager.gui.ProjectChoiceTab.buildLinkSettingsPanel(ProjectChoiceTab.java:3813) ~[filemanager.jar:?]
	at com.st.microxplorer.plugins.projectmanager.gui.ProjectChoiceTab.defineWindowsFields(ProjectChoiceTab.java:1987) ~[filemanager.jar:?]
	at com.st.microxplorer.plugins.projectmanager.gui.ProjectChoiceTab.updateSettings(ProjectChoiceTab.java:558) ~[filemanager.jar:?]
	at com.st.microxplorer.plugins.projectmanager.gui.ProjectSettingsPanel.UpdateDialog(ProjectSettingsPanel.java:247) ~[filemanager.jar:?]
	at com.st.microxplorer.plugins.projectmanager.ProjectManagerView.propertyChange(ProjectManagerView.java:392) ~[filemanager.jar:?]
	at java.beans.PropertyChangeSupport.fire(PropertyChangeSupport.java:343) ~[?:?]
	at java.beans.PropertyChangeSupport.firePropertyChange(PropertyChangeSupport.java:335) ~[?:?]
	at java.beans.PropertyChangeSupport.firePropertyChange(PropertyChangeSupport.java:268) ~[?:?]
	at com.st.microxplorer.util.MXPropertyChangeSupport.firePropertyChange(MXPropertyChangeSupport.java:54) ~[STM32CubeMX.jar:?]
	at com.st.microxplorer.mxsystem.MxSystem.closeConfig(MxSystem.java:899) ~[STM32CubeMX.jar:?]
	at com.st.microxplorer.maingui.MainPanel.closeConfig(MainPanel.java:792) ~[STM32CubeMX.jar:?]
	at com.st.microxplorer.plugins.filemanager.engine.OpenFileManager.loadConfigurationFile(OpenFileManager.java:288) ~[filemanager.jar:?]
	at com.st.microxplorer.plugins.filemanager.engine.MainFileManager.userLoadConfig(MainFileManager.java:364) ~[filemanager.jar:?]
	at com.st.microxplorer.plugins.filemanager.engine.MainFileManager.userLoadConfig(MainFileManager.java:342) ~[filemanager.jar:?]
	at com.st.microxplorer.plugins.filemanager.FileManagerView.getSpecificTask(FileManagerView.java:264) ~[filemanager.jar:?]
	at com.st.stm32cube.common.mx.editor.CubeMxEditor.getMxTabbedPaneInstance(CubeMxEditor.java:1198) ~[com.st.stm32cube.common.mx_6.15.0.202507011659/:?]
	at com.st.stm32cube.common.mx.editor.CubeMxEditor$12$1.createSwingComponent(CubeMxEditor.java:1068) ~[com.st.stm32cube.common.mx_6.15.0.202507011659/:?]
	at com.st.stm32cube.common.mx.oss.core.awtswtbridge.EmbeddedSwingComposite.doComponentCreation(EmbeddedSwingComposite.java:492) ~[com.st.stm32cube.common.mx.oss_6.15.0.202507011659/:?]
	at com.st.stm32cube.common.mx.oss.core.awtswtbridge.EmbeddedSwingComposite$4.run(EmbeddedSwingComposite.java:291) ~[com.st.stm32cube.common.mx.oss_6.15.0.202507011659/:?]
	at com.st.stm32cube.common.mx.oss.core.awtswtbridge.AwtEnvironment$2.run(AwtEnvironment.java:166) ~[com.st.stm32cube.common.mx.oss_6.15.0.202507011659/:?]
	at java.awt.event.InvocationEvent.dispatch(InvocationEvent.java:318) ~[?:?]
	at java.awt.EventQueue.dispatchEventImpl(EventQueue.java:773) ~[?:?]
	at java.awt.EventQueue$4.run(EventQueue.java:720) ~[?:?]
	at java.awt.EventQueue$4.run(EventQueue.java:714) ~[?:?]
	at java.security.AccessController.doPrivileged(AccessController.java:400) ~[?:?]
	at java.security.ProtectionDomain$JavaSecurityAccessImpl.doIntersectionPrivilege(ProtectionDomain.java:87) ~[?:?]
	at java.awt.EventQueue.dispatchEvent(EventQueue.java:742) ~[?:?]
	at java.awt.EventDispatchThread.pumpOneEventForFilters(EventDispatchThread.java:203) ~[?:?]
	at java.awt.EventDispatchThread.pumpEventsForFilter(EventDispatchThread.java:124) ~[?:?]
	at java.awt.EventDispatchThread.pumpEventsForHierarchy(EventDispatchThread.java:113) ~[?:?]
	at java.awt.EventDispatchThread.pumpEvents(EventDispatchThread.java:109) ~[?:?]
	at java.awt.EventDispatchThread.pumpEvents(EventDispatchThread.java:101) ~[?:?]
	at java.awt.EventDispatchThread.run(EventDispatchThread.java:90) ~[?:?]
2026-07-02 23:41:47,335 [WARN] ThirdParty:871 - waiting for thirdparty lock release [close project]
2026-07-02 23:41:47,335 [INFO] ThirdParty:873 - entering critical section [close project]
2026-07-02 23:41:47,335 [INFO] ThirdParty:883 - exiting critical section [close project]
2026-07-02 23:41:47,335 [INFO] PinOutPanel:1589 - setPackage(No Configuration,No Configuration)
2026-07-02 23:41:47,339 [WARN] IpParametersView:155 - Warning: This peripheral hasn't parameters
2026-07-02 23:41:47,341 [WARN] MainPanel:289 - <html><b><center>Warning: This peripheral has no parameters to be configured<br></b></html>
2026-07-02 23:41:47,343 [INFO] UtilMem:75 - Begin LoadConfig() Used Memory: 800536728 Bytes (1073741824)
2026-07-02 23:41:47,343 [INFO] MicroXplorer:468 - Change Database Path : 
2026-07-02 23:41:47,343 [INFO] MicroXplorer:498 - Change Database Version : DB.6.0.150
2026-07-02 23:41:47,344 [INFO] OpenFileManager:355 - Change cursor
2026-07-02 23:41:47,348 [INFO] Mcu:2029 - Initializing MCU STM32F401R(D-E)Tx STM32F401RETx STM32F401RET6
2026-07-02 23:41:48,035 [INFO] Context:786 - Trying to add GPIOservice into a context  which must be forbidden
2026-07-02 23:41:48,226 [INFO] ImportTextPane:234 - (OptionalMessage_ERROR) Pin29 (VP_RIF_VS_RIF1) cannot be retrieved for this MCU
2026-07-02 23:41:48,243 [WARN] ModelIntegratedComponent:63 - No mode defined for component null
2026-07-02 23:41:48,243 [WARN] ModelIntegratedComponent:63 - No mode defined for component null
2026-07-02 23:41:48,243 [WARN] ModelIntegratedComponent:63 - No mode defined for component null
2026-07-02 23:41:48,243 [WARN] ModelIntegratedComponent:63 - No mode defined for component null
2026-07-02 23:41:48,243 [WARN] ModelIntegratedComponent:63 - No mode defined for component null
2026-07-02 23:41:48,243 [WARN] ModelIntegratedComponent:63 - No mode defined for component null
2026-07-02 23:41:48,243 [WARN] ModelIntegratedComponent:63 - No mode defined for component null
2026-07-02 23:41:48,243 [WARN] ModelIntegratedComponent:63 - No mode defined for component null
2026-07-02 23:41:48,243 [WARN] ModelIntegratedComponent:63 - No mode defined for component null
2026-07-02 23:41:48,243 [WARN] ModelIntegratedComponent:63 - No mode defined for component null
2026-07-02 23:41:48,243 [WARN] ModelIntegratedComponent:63 - No mode defined for component null
2026-07-02 23:41:48,243 [WARN] ModelIntegratedComponent:63 - No mode defined for component null
2026-07-02 23:41:48,243 [WARN] ModelIntegratedComponent:63 - No mode defined for component null
2026-07-02 23:41:48,243 [WARN] ModelIntegratedComponent:63 - No mode defined for component null
2026-07-02 23:41:48,243 [WARN] ModelIntegratedComponent:63 - No mode defined for component null
2026-07-02 23:41:48,243 [WARN] ModelIntegratedComponent:63 - No mode defined for component null
2026-07-02 23:41:48,243 [WARN] ModelIntegratedComponent:63 - No mode defined for component null
2026-07-02 23:41:48,244 [WARN] ModelIntegratedComponent:63 - No mode defined for component null
2026-07-02 23:41:48,244 [WARN] ModelIntegratedComponent:63 - No mode defined for component null
2026-07-02 23:41:48,244 [WARN] ModelIntegratedComponent:63 - No mode defined for component null
2026-07-02 23:41:48,244 [WARN] ModelIntegratedComponent:63 - No mode defined for component null
2026-07-02 23:41:48,244 [WARN] ModelIntegratedComponent:63 - No mode defined for component null
2026-07-02 23:41:48,244 [WARN] ModelIntegratedComponent:63 - No mode defined for component null
2026-07-02 23:41:48,244 [WARN] ModelIntegratedComponent:63 - No mode defined for component null
2026-07-02 23:41:48,244 [WARN] ModelIntegratedComponent:63 - No mode defined for component null
2026-07-02 23:41:48,244 [WARN] ModelIntegratedComponent:63 - No mode defined for component null
2026-07-02 23:41:48,244 [WARN] ModelIntegratedComponent:63 - No mode defined for component null
2026-07-02 23:41:48,244 [WARN] ModelIntegratedComponent:63 - No mode defined for component null
2026-07-02 23:41:48,244 [WARN] ModelIntegratedComponent:63 - No mode defined for component null
2026-07-02 23:41:48,244 [WARN] ModelIntegratedComponent:63 - No mode defined for component null
2026-07-02 23:41:48,244 [WARN] ModelIntegratedComponent:63 - No mode defined for component null
2026-07-02 23:41:48,244 [WARN] ModelIntegratedComponent:63 - No mode defined for component null
2026-07-02 23:41:48,244 [WARN] ModelIntegratedComponent:63 - No mode defined for component null
2026-07-02 23:41:48,244 [WARN] ModelIntegratedComponent:63 - No mode defined for component null
2026-07-02 23:41:48,244 [WARN] ModelIntegratedComponent:63 - No mode defined for component null
2026-07-02 23:41:48,244 [WARN] ModelPack:524 - Component already loaded: STMicroelectronics:HAL Drivers:0.0.0:STMicroelectronics:Device:STMicro_Driver:XSPI:HAL::0.0.1:HAL_XSPI
2026-07-02 23:41:48,245 [INFO] RtosManager:558 - Registered RTOS mode: class=CMSIS, group=RTOS, mode=CMSIS_V1, owner=FREERTOS
2026-07-02 23:41:48,245 [INFO] RtosManager:558 - Registered RTOS mode: class=CMSIS, group=RTOS2, mode=CMSIS_V2, owner=FREERTOS
2026-07-02 23:41:48,245 [INFO] RtosManager:558 - Registered RTOS mode: class=RTOS, group=Core, mode=CMSIS_V1, owner=FREERTOS
2026-07-02 23:41:48,245 [INFO] RtosManager:558 - Registered RTOS mode: class=RTOS, group=Core, mode=CMSIS_V2, owner=FREERTOS
2026-07-02 23:41:48,245 [WARN] ModelIntegratedComponent:184 - Missing modes for component STMicroelectronics:FreeRTOS:0.0.1:STMicroelectronics:RTOS:FreeRTOS:Core:::10.2.0:
2026-07-02 23:41:48,252 [INFO] ThirdPartyModel:298 - Start build external matchings
2026-07-02 23:41:48,271 [INFO] ThirdPartyModel:316 - End build external matchings
2026-07-02 23:41:48,275 [INFO] ImportTextPane:234 - (OptionalMessage_ERROR) IP (RCC) : Parameter (RTCHSEDivFreq_Value) has invalid value (4000000)
2026-07-02 23:41:48,474 [INFO] UtilMem:75 - End LoadConfig() Used Memory: 831059488 Bytes (1073741824)
2026-07-02 23:41:48,533 [WARN] ThirdParty:833 - waiting for thirdparty lock release [change project]
2026-07-02 23:41:48,533 [INFO] ThirdParty:835 - entering critical section [change project]
2026-07-02 23:41:48,533 [INFO] ThirdParty:1030 - CMSIS Pack Vendor :STMicroelectronics X-CUBE-PM33A1 1.0.0
2026-07-02 23:41:48,533 [INFO] ThirdParty:1030 - CMSIS Pack Vendor :STMicroelectronics USBPD 4.1
2026-07-02 23:41:48,533 [INFO] ThirdParty:1030 - CMSIS Pack Vendor :STMicroelectronics X-CUBE-DISPLAY 3.0.0
2026-07-02 23:41:48,533 [INFO] ThirdParty:1030 - CMSIS Pack Vendor :STMicroelectronics X-CUBE-NFC9 1.0.0
2026-07-02 23:41:48,533 [INFO] ThirdParty:1030 - CMSIS Pack Vendor :STMicroelectronics X-CUBE-NFC7 2.0.0
2026-07-02 23:41:48,533 [INFO] ThirdParty:1030 - CMSIS Pack Vendor :STMicroelectronics X-CUBE-TCPP 4.2.0
2026-07-02 23:41:48,533 [INFO] ThirdParty:1030 - CMSIS Pack Vendor :STMicroelectronics USB_HOST 2.0.0
2026-07-02 23:41:48,533 [INFO] ThirdParty:1030 - CMSIS Pack Vendor :STMicroelectronics LIBJPEG 8.0.0
2026-07-02 23:41:48,533 [INFO] ThirdParty:1030 - CMSIS Pack Vendor :STMicroelectronics FP-ATR-ASTRA1 2.0.2
2026-07-02 23:41:48,533 [INFO] ThirdParty:1030 - CMSIS Pack Vendor :STMicroelectronics FP-ATR-SIGFOX1 3.2.0
2026-07-02 23:41:48,533 [INFO] ThirdParty:1030 - CMSIS Pack Vendor :STMicroelectronics X-CUBE-NFC10 1.0.0
2026-07-02 23:41:48,533 [INFO] ThirdParty:1030 - CMSIS Pack Vendor :STMicroelectronics X-CUBE-BLE1 7.1.0
2026-07-02 23:41:48,533 [INFO] ThirdParty:1030 - CMSIS Pack Vendor :STMicroelectronics USB_DEVICE 3.0.0
2026-07-02 23:41:48,533 [INFO] ThirdParty:1030 - CMSIS Pack Vendor :STMicroelectronics X-CUBE-ISPU 2.1.0
2026-07-02 23:41:48,533 [INFO] ThirdParty:1030 - CMSIS Pack Vendor :STMicroelectronics HAL Drivers 0.0.0
2026-07-02 23:41:48,533 [INFO] ThirdParty:1030 - CMSIS Pack Vendor :STMicroelectronics MBEDTLS 2.16.2
2026-07-02 23:41:48,533 [INFO] ThirdParty:1030 - CMSIS Pack Vendor :STMicroelectronics X-CUBE-ALS 1.0.2
2026-07-02 23:41:48,533 [INFO] ThirdParty:1030 - CMSIS Pack Vendor :STMicroelectronics MBEDTLS 2.14.1
2026-07-02 23:41:48,534 [INFO] ThirdParty:1030 - CMSIS Pack Vendor :STMicroelectronics USB_DEVICE 2.0.0
2026-07-02 23:41:48,534 [INFO] ThirdParty:1030 - CMSIS Pack Vendor :STMicroelectronics ThreadX 1.0.0
2026-07-02 23:41:48,534 [INFO] ThirdParty:1030 - CMSIS Pack Vendor :STMicroelectronics FP-SNS-SMARTAG2 1.2.0
2026-07-02 23:41:48,534 [INFO] ThirdParty:1030 - CMSIS Pack Vendor :STMicroelectronics FP-SNS-FLIGHT1 5.1.0
2026-07-02 23:41:48,534 [INFO] ThirdParty:1030 - CMSIS Pack Vendor :STMicroelectronics X-CUBE-DPower 1.3.0
2026-07-02 23:41:48,534 [INFO] ThirdParty:1030 - CMSIS Pack Vendor :STMicroelectronics FreeRTOS 0.0.1
2026-07-02 23:41:48,534 [INFO] ThirdParty:1030 - CMSIS Pack Vendor :STMicroelectronics USB_DEVICE 1.0.0
2026-07-02 23:41:48,534 [INFO] ThirdParty:1030 - CMSIS Pack Vendor :STMicroelectronics X-CUBE-NFC4 3.0.0
2026-07-02 23:41:48,534 [INFO] ThirdParty:1030 - CMSIS Pack Vendor :STMicroelectronics X-CUBE-SUBG2 5.0.0
2026-07-02 23:41:48,534 [INFO] ThirdParty:1030 - CMSIS Pack Vendor :STMicroelectronics STM32_WPAN 1.0.0
2026-07-02 23:41:48,534 [INFO] ThirdParty:1030 - CMSIS Pack Vendor :STMicroelectronics ThreadX 0.0.2
2026-07-02 23:41:48,534 [INFO] ThirdParty:1030 - CMSIS Pack Vendor :STMicroelectronics lwIP 2.0.3
2026-07-02 23:41:48,534 [INFO] ThirdParty:1030 - CMSIS Pack Vendor :STMicroelectronics lwIP 2.1.2
2026-07-02 23:41:48,534 [INFO] ThirdParty:1030 - CMSIS Pack Vendor :STMicroelectronics X-CUBE-SFXS2LP1 4.0.0
2026-07-02 23:41:48,534 [INFO] ThirdParty:1030 - CMSIS Pack Vendor :STMicroelectronics X-CUBE-BLE2 3.3.0
2026-07-02 23:41:48,534 [INFO] ThirdParty:1030 - CMSIS Pack Vendor :STMicroelectronics X-CUBE-TOF1 3.4.3
2026-07-02 23:41:48,534 [INFO] ThirdParty:1030 - CMSIS Pack Vendor :STMicroelectronics USB_HOST 1.0.0
2026-07-02 23:41:48,534 [INFO] ThirdParty:1030 - CMSIS Pack Vendor :STMicroelectronics PDM2PCM 3.1.0
2026-07-02 23:41:48,534 [INFO] ThirdParty:1030 - CMSIS Pack Vendor :STMicroelectronics PDM2PCM 3.2.0
2026-07-02 23:41:48,534 [INFO] ThirdParty:1030 - CMSIS Pack Vendor :STMicroelectronics PDM2PCM 3.3.0
2026-07-02 23:41:48,534 [INFO] ThirdParty:841 - exiting critical section [change project]
2026-07-02 23:41:48,634 [INFO] PinOutPanel:1589 - setPackage(No Configuration,No Configuration)
2026-07-02 23:41:48,634 [INFO] PinOutPanel:1589 - setPackage(STM32F401RETx,LQFP64)
2026-07-02 23:41:48,771 [INFO] UtilMem:75 - Before build in PCC Used Memory: 963162200 Bytes (1073741824)
2026-07-02 23:41:48,905 [INFO] UtilMem:75 - After build in PCC Used Memory: 761233784 Bytes (1073741824)
2026-07-02 23:41:48,919 [INFO] IPUIPlugin:80 - create IPUIPlugin
2026-07-02 23:41:48,919 [INFO] IPUIPlugin:80 - create IPUIPlugin
2026-07-02 23:41:48,919 [INFO] IPUIPlugin:80 - create IPUIPlugin
2026-07-02 23:41:48,919 [INFO] IPUIPlugin:80 - create IPUIPlugin
2026-07-02 23:41:48,920 [INFO] IPUIPlugin:80 - create IPUIPlugin
2026-07-02 23:41:48,920 [INFO] IPUIPlugin:80 - create IPUIPlugin
2026-07-02 23:41:48,920 [INFO] IPUIPlugin:80 - create IPUIPlugin
2026-07-02 23:41:48,920 [INFO] IPUIPlugin:80 - create IPUIPlugin
2026-07-02 23:41:48,920 [INFO] IPUIPlugin:80 - create IPUIPlugin
2026-07-02 23:41:48,920 [INFO] IPUIPlugin:80 - create IPUIPlugin
2026-07-02 23:41:48,920 [INFO] IPUIPlugin:80 - create IPUIPlugin
2026-07-02 23:41:48,920 [INFO] IPUIPlugin:80 - create IPUIPlugin
2026-07-02 23:41:48,920 [INFO] IPUIPlugin:80 - create IPUIPlugin
2026-07-02 23:41:48,920 [INFO] IPUIPlugin:80 - create IPUIPlugin
2026-07-02 23:41:48,921 [INFO] IPUIPlugin:80 - create IPUIPlugin
2026-07-02 23:41:48,921 [INFO] IPUIPlugin:80 - create IPUIPlugin
2026-07-02 23:41:48,921 [INFO] IPUIPlugin:80 - create IPUIPlugin
2026-07-02 23:41:48,921 [INFO] IPUIPlugin:80 - create IPUIPlugin
2026-07-02 23:41:48,921 [INFO] IPUIPlugin:80 - create IPUIPlugin
2026-07-02 23:41:48,921 [INFO] IPUIPlugin:80 - create IPUIPlugin
2026-07-02 23:41:48,921 [INFO] IPUIPlugin:80 - create IPUIPlugin
2026-07-02 23:41:48,921 [INFO] IPUIPlugin:80 - create IPUIPlugin
2026-07-02 23:41:48,922 [INFO] IPUIPlugin:80 - create IPUIPlugin
2026-07-02 23:41:48,922 [INFO] IPUIPlugin:80 - create IPUIPlugin
2026-07-02 23:41:48,922 [INFO] IPUIPlugin:80 - create IPUIPlugin
2026-07-02 23:41:48,922 [INFO] IPUIPlugin:80 - create IPUIPlugin
2026-07-02 23:41:48,922 [INFO] IPUIPlugin:80 - create IPUIPlugin
2026-07-02 23:41:48,922 [INFO] IPUIPlugin:80 - create IPUIPlugin
2026-07-02 23:41:48,922 [INFO] IPUIPlugin:80 - create IPUIPlugin
2026-07-02 23:41:48,922 [INFO] IPUIPlugin:80 - create IPUIPlugin
2026-07-02 23:41:48,923 [INFO] IPUIPlugin:80 - create IPUIPlugin
2026-07-02 23:41:48,923 [INFO] IPUIPlugin:80 - create IPUIPlugin
2026-07-02 23:41:48,923 [INFO] IPUIPlugin:80 - create IPUIPlugin
2026-07-02 23:41:48,923 [INFO] IPUIPlugin:80 - create IPUIPlugin
2026-07-02 23:41:48,923 [INFO] IPUIPlugin:80 - create IPUIPlugin
2026-07-02 23:41:48,923 [INFO] IPUIPlugin:80 - create IPUIPlugin
2026-07-02 23:41:48,924 [INFO] IPUIPlugin:80 - create IPUIPlugin
2026-07-02 23:41:48,924 [INFO] IPUIPlugin:80 - create IPUIPlugin
2026-07-02 23:41:48,926 [INFO] ApiDbMcu:532 - Load IP Config File for PDM2PCM
2026-07-02 23:41:48,927 [WARN] IP:2250 - I2C_Coeff_DF not found: check if there is a RefParameter without a condition.
2026-07-02 23:41:48,927 [WARN] IP:2250 - Analog_Filter not found: check if there is a RefParameter without a condition.
2026-07-02 23:41:48,957 [INFO] CADModel:165 - CPN selected for project levelSTM32F401RET6
2026-07-02 23:41:48,957 [INFO] CADModel:114 - Register for checkConnection events
2026-07-02 23:41:49,025 [INFO] OpenFileManager:386 - Restore cursor
2026-07-02 23:41:49,186 [WARN] IP:2250 - I2C_Coeff_DF not found: check if there is a RefParameter without a condition.
2026-07-02 23:41:49,186 [WARN] IP:2250 - Analog_Filter not found: check if there is a RefParameter without a condition.
2026-07-02 23:41:49,186 [WARN] IP:2250 - I2C_Coeff_DF not found: check if there is a RefParameter without a condition.
2026-07-02 23:41:49,186 [WARN] IP:2250 - Analog_Filter not found: check if there is a RefParameter without a condition.
